season,player_id,player,zone,fga,fgm,fg,lg_fg,fg_rel,fga_share_pct,lg_fga_share_pct,pps,lg_pps,point_value,rated
2020-21,203897,Zach LaVine,Restricted Area,388,254,0.6546,0.6408,1.3875,34.5503,30.0927,1.3093,1.2815,2,True
2020-21,203897,Zach LaVine,In The Paint (Non-RA),89,38,0.4270,0.4267,0.0275,7.9252,18.1456,0.8539,0.8534,2,True
2020-21,203897,Zach LaVine,Left Baseline,31,14,0.4516,0.4141,3.7534,2.7605,1.7033,0.9032,0.8282,2,True
2020-21,203897,Zach LaVine,Left Mid-Range,46,20,0.4348,0.4015,3.3295,4.0962,2.8861,0.8696,0.8030,2,True
2020-21,203897,Zach LaVine,Center Mid-Range,56,26,0.4643,0.4231,4.1178,4.9866,3.2856,0.9286,0.8462,2,True
2020-21,203897,Zach LaVine,Right Mid-Range,32,15,0.4688,0.4232,4.5561,2.8495,3.0573,0.9375,0.8464,2,True
2020-21,203897,Zach LaVine,Right Baseline,4,2,0.5000,0.4095,9.0541,0.3562,1.6829,1.0000,0.8189,2,False
2020-21,203897,Zach LaVine,Left Corner 3,46,27,0.5870,0.3972,18.9711,4.0962,4.8282,1.7609,1.1917,3,True
2020-21,203897,Zach LaVine,Left Wing 3,153,59,0.3856,0.3673,1.8335,13.6242,10.1475,1.1569,1.1019,3,True
2020-21,203897,Zach LaVine,Top of Key 3,161,60,0.3727,0.3457,2.7021,14.3366,10.2737,1.1180,1.0370,3,True
2020-21,203897,Zach LaVine,Right Wing 3,90,45,0.5000,0.3628,13.7241,8.0142,9.4370,1.5000,1.0883,3,True
2020-21,203897,Zach LaVine,Right Corner 3,27,9,0.3333,0.3879,-5.4551,2.4043,4.4601,1.0000,1.1637,3,True
2021-22,201942,DeMar DeRozan,Restricted Area,293,188,0.6416,0.6530,-1.1411,19.0879,29.0737,1.2833,1.3061,2,True
2021-22,201942,DeMar DeRozan,In The Paint (Non-RA),378,198,0.5238,0.4286,9.5188,24.6254,18.5044,1.0476,0.8572,2,True
2021-22,201942,DeMar DeRozan,Left Baseline,92,39,0.4239,0.3917,3.2251,5.9935,1.7377,0.8478,0.7833,2,True
2021-22,201942,DeMar DeRozan,Left Mid-Range,185,80,0.4324,0.4030,2.9471,12.0521,2.9600,0.8649,0.8059,2,True
2021-22,201942,DeMar DeRozan,Center Mid-Range,267,135,0.5056,0.4213,8.4325,17.3941,3.1335,1.0112,0.8426,2,True
2021-22,201942,DeMar DeRozan,Right Mid-Range,128,61,0.4766,0.4042,7.2324,8.3388,3.0043,0.9531,0.8085,2,True
2021-22,201942,DeMar DeRozan,Right Baseline,50,23,0.4600,0.3987,6.1273,3.2573,1.7405,0.9200,0.7975,2,True
2021-22,201942,DeMar DeRozan,Left Corner 3,29,11,0.3793,0.3839,-0.4558,1.8893,5.2745,1.1379,1.1516,3,True
2021-22,201942,DeMar DeRozan,Left Wing 3,30,13,0.4333,0.3416,9.1765,1.9544,10.3654,1.3000,1.0247,3,True
2021-22,201942,DeMar DeRozan,Top of Key 3,39,10,0.2564,0.3370,-8.0552,2.5407,10.0880,0.7692,1.0109,3,True
2021-22,201942,DeMar DeRozan,Right Wing 3,16,9,0.5625,0.3536,20.8905,1.0423,9.4282,1.6875,1.0608,3,False
2021-22,201942,DeMar DeRozan,Right Corner 3,28,7,0.2500,0.3820,-13.2035,1.8241,4.6899,0.7500,1.1461,3,True
2022-23,203897,Zach LaVine,Restricted Area,444,298,0.6712,0.6662,0.5012,31.9885,29.9268,1.3423,1.3323,2,True
2022-23,203897,Zach LaVine,In The Paint (Non-RA),127,56,0.4409,0.4437,-0.2725,9.1499,19.7367,0.8819,0.8873,2,True
2022-23,203897,Zach LaVine,Left Baseline,46,18,0.3913,0.4122,-2.0907,3.3141,1.5758,0.7826,0.8244,2,True
2022-23,203897,Zach LaVine,Left Mid-Range,74,27,0.3649,0.4154,-5.0541,5.3314,2.6775,0.7297,0.8308,2,True
2022-23,203897,Zach LaVine,Center Mid-Range,82,35,0.4268,0.4267,0.0089,5.9078,2.9095,0.8537,0.8535,2,True
2022-23,203897,Zach LaVine,Right Mid-Range,51,27,0.5294,0.4248,10.4644,3.6744,2.8699,1.0588,0.8495,2,True
2022-23,203897,Zach LaVine,Right Baseline,20,8,0.4000,0.4151,-1.5148,1.4409,1.6168,0.8000,0.8303,2,True
2022-23,203897,Zach LaVine,Left Corner 3,43,22,0.5116,0.3851,12.6543,3.0980,5.1298,1.5349,1.1553,3,True
2022-23,203897,Zach LaVine,Left Wing 3,184,60,0.3261,0.3585,-3.2408,13.2565,10.1911,0.9783,1.0755,3,True
2022-23,203897,Zach LaVine,Top of Key 3,174,66,0.3793,0.3408,3.8525,12.5360,9.4724,1.1379,1.0224,3,True
2022-23,203897,Zach LaVine,Right Wing 3,107,41,0.3832,0.3575,2.5698,7.7089,9.2786,1.1495,1.0724,3,True
2022-23,203897,Zach LaVine,Right Corner 3,36,15,0.4167,0.3850,3.1629,2.5937,4.6151,1.2500,1.1551,3,True
2023-24,201942,DeMar DeRozan,Restricted Area,301,195,0.6478,0.6631,-1.5215,22.2140,29.5834,1.2957,1.3261,2,True
2023-24,201942,DeMar DeRozan,In The Paint (Non-RA),290,150,0.5172,0.4404,7.6888,21.4022,19.9200,1.0345,0.8807,2,True
2023-24,201942,DeMar DeRozan,Left Baseline,95,42,0.4421,0.4092,3.2866,7.0111,1.5441,0.8842,0.8185,2,True
2023-24,201942,DeMar DeRozan,Left Mid-Range,132,52,0.3939,0.4177,-2.3714,9.7417,2.5487,0.7879,0.8353,2,True
2023-24,201942,DeMar DeRozan,Center Mid-Range,163,68,0.4172,0.4319,-1.4672,12.0295,2.5898,0.8344,0.8637,2,True
2023-24,201942,DeMar DeRozan,Right Mid-Range,87,37,0.4253,0.4074,1.7867,6.4207,2.7115,0.8506,0.8148,2,True
2023-24,201942,DeMar DeRozan,Right Baseline,60,30,0.5000,0.4252,7.4781,4.4280,1.6173,1.0000,0.8504,2,True
2023-24,201942,DeMar DeRozan,Left Corner 3,45,20,0.4444,0.3860,5.8451,3.3210,5.3082,1.3333,1.1580,3,True
2023-24,201942,DeMar DeRozan,Left Wing 3,55,17,0.3091,0.3604,-5.1263,4.0590,10.2716,0.9273,1.0811,3,True
2023-24,201942,DeMar DeRozan,Top of Key 3,73,22,0.3014,0.3495,-4.8100,5.3875,9.6246,0.9041,1.0484,3,True
2023-24,201942,DeMar DeRozan,Right Wing 3,28,9,0.3214,0.3620,-4.0568,2.0664,9.3800,0.9643,1.0860,3,True
2023-24,201942,DeMar DeRozan,Right Corner 3,26,8,0.3077,0.3939,-8.6224,1.9188,4.9008,0.9231,1.1818,3,True
2024-25,1629632,Coby White,Restricted Area,289,185,0.6401,0.6634,-2.3310,25.7806,27.8863,1.2803,1.3269,2,True
2024-25,1629632,Coby White,In The Paint (Non-RA),159,73,0.4591,0.4437,1.5386,14.1838,20.4339,0.9182,0.8875,2,True
2024-25,1629632,Coby White,Left Baseline,14,7,0.5000,0.4295,7.0468,1.2489,1.4221,1.0000,0.8591,2,False
2024-25,1629632,Coby White,Left Mid-Range,33,14,0.4242,0.4077,1.6544,2.9438,2.2603,0.8485,0.8154,2,True
2024-25,1629632,Coby White,Center Mid-Range,14,3,0.2143,0.4188,-20.4468,1.2489,2.2006,0.4286,0.8375,2,False
2024-25,1629632,Coby White,Right Mid-Range,21,7,0.3333,0.4143,-8.1007,1.8733,2.2681,0.6667,0.8287,2,True
2024-25,1629632,Coby White,Right Baseline,7,3,0.4286,0.4172,1.1394,0.6244,1.4108,0.8571,0.8344,2,False
2024-25,1629632,Coby White,Left Corner 3,55,24,0.4364,0.3860,5.0324,4.9063,5.5861,1.3091,1.1581,3,True
2024-25,1629632,Coby White,Left Wing 3,210,80,0.3810,0.3568,2.4184,18.7333,10.9499,1.1429,1.0703,3,True
2024-25,1629632,Coby White,Top of Key 3,184,59,0.3207,0.3418,-2.1162,16.4139,10.4201,0.9620,1.0254,3,True
2024-25,1629632,Coby White,Right Wing 3,108,45,0.4167,0.3533,6.3366,9.6343,9.9241,1.2500,1.0599,3,True
2024-25,1629632,Coby White,Right Corner 3,27,8,0.2963,0.3895,-9.3163,2.4086,5.2376,0.8889,1.1684,3,True
2025-26,1641824,Matas Buzelis,Restricted Area,349,225,0.6447,0.6709,-2.6228,36.2409,28.4167,1.2894,1.3419,2,True
2025-26,1641824,Matas Buzelis,In The Paint (Non-RA),100,40,0.4000,0.4452,-4.5160,10.3842,20.2058,0.8000,0.8903,2,True
2025-26,1641824,Matas Buzelis,Left Baseline,1,0,0.0000,0.4261,-42.6133,0.1038,1.4702,0.0000,0.8523,2,False
2025-26,1641824,Matas Buzelis,Left Mid-Range,4,2,0.5000,0.3942,10.5818,0.4154,2.3371,1.0000,0.7884,2,False
2025-26,1641824,Matas Buzelis,Center Mid-Range,7,3,0.4286,0.4260,0.2530,0.7269,2.2673,0.8571,0.8521,2,False
2025-26,1641824,Matas Buzelis,Right Mid-Range,1,0,0.0000,0.4184,-41.8377,0.1038,2.3786,0.0000,0.8368,2,False
2025-26,1641824,Matas Buzelis,Right Baseline,6,3,0.5000,0.4276,7.2443,0.6231,1.4140,1.0000,0.8551,2,False
2025-26,1641824,Matas Buzelis,Left Corner 3,80,30,0.3750,0.3866,-1.1578,8.3074,5.6160,1.1250,1.1597,3,True
2025-26,1641824,Matas Buzelis,Left Wing 3,158,59,0.3734,0.3543,1.9164,16.4071,10.9199,1.1203,1.0628,3,True
2025-26,1641824,Matas Buzelis,Top of Key 3,112,39,0.3482,0.3478,0.0390,11.6303,10.2441,1.0446,1.0435,3,True
2025-26,1641824,Matas Buzelis,Right Wing 3,91,26,0.2857,0.3482,-6.2458,9.4496,9.5013,0.8571,1.0445,3,True
2025-26,1641824,Matas Buzelis,Right Corner 3,54,19,0.3519,0.3857,-3.3838,5.6075,5.2291,1.0556,1.1571,3,True
