season,rank,player_id,player,zone,fga,fgm,fg,lg_fg,fg_rel,fga_share_pct,lg_fga_share_pct,subject_excluded_fga,league_excluded_fga,subject_source_conflict_fga,league_source_conflict_fga,pps,lg_pps,point_value,rated
2010-11,1,201565,Derrick Rose,Restricted Area,542,315,0.5812,0.6199,-3.8718,33.9386,31.5016,9,469,0,16,1.1624,1.2398,2,True
2010-11,1,201565,Derrick Rose,In The Paint (Non-RA),223,88,0.3946,0.3899,0.4762,13.9637,15.3098,9,469,0,16,0.7892,0.7797,2,True
2010-11,1,201565,Derrick Rose,Left Baseline,48,16,0.3333,0.3964,-6.3038,3.0056,5.4635,9,469,0,16,0.6667,0.7927,2,True
2010-11,1,201565,Derrick Rose,Left Mid-Range,100,38,0.3800,0.3959,-1.5902,6.2617,7.1100,9,469,0,16,0.7600,0.7918,2,True
2010-11,1,201565,Derrick Rose,Center Mid-Range,79,30,0.3797,0.4050,-2.5205,4.9468,5.7013,9,469,0,16,0.7595,0.8099,2,True
2010-11,1,201565,Derrick Rose,Right Mid-Range,143,63,0.4406,0.4029,3.7613,8.9543,7.5771,9,469,0,16,0.8811,0.8059,2,True
2010-11,1,201565,Derrick Rose,Right Baseline,77,33,0.4286,0.4017,2.6845,4.8215,5.1602,9,469,0,16,0.8571,0.8035,2,True
2010-11,1,201565,Derrick Rose,Left Corner 3,9,5,0.5556,0.3916,16.3989,0.5636,3.2409,9,469,0,16,1.6667,1.1747,3,False
2010-11,1,201565,Derrick Rose,Left Wing 3,170,62,0.3647,0.3557,0.9044,10.6450,5.7694,9,469,0,16,1.0941,1.0670,3,True
2010-11,1,201565,Derrick Rose,Top of Key 3,91,23,0.2527,0.3298,-7.7090,5.6982,4.3907,9,469,0,16,0.7582,0.9895,3,True
2010-11,1,201565,Derrick Rose,Right Wing 3,95,37,0.3895,0.3581,3.1386,5.9487,5.6017,9,469,0,16,1.1684,1.0743,3,True
2010-11,1,201565,Derrick Rose,Right Corner 3,11,1,0.0909,0.3972,-30.6298,0.6888,2.9390,9,469,0,16,0.2727,1.1908,3,False
2010-11,2,2736,Luol Deng,Restricted Area,353,235,0.6657,0.6199,4.5823,30.5628,31.5016,2,469,0,16,1.3314,1.2398,2,True
2010-11,2,2736,Luol Deng,In The Paint (Non-RA),157,60,0.3822,0.3899,-0.7692,13.5931,15.3098,2,469,0,16,0.7643,0.7797,2,True
2010-11,2,2736,Luol Deng,Left Baseline,36,13,0.3611,0.3964,-3.5261,3.1169,5.4635,2,469,0,16,0.7222,0.7927,2,True
2010-11,2,2736,Luol Deng,Left Mid-Range,91,28,0.3077,0.3959,-8.8210,7.8788,7.1100,2,469,0,16,0.6154,0.7918,2,True
2010-11,2,2736,Luol Deng,Center Mid-Range,58,26,0.4483,0.4050,4.3324,5.0216,5.7013,2,469,0,16,0.8966,0.8099,2,True
2010-11,2,2736,Luol Deng,Right Mid-Range,99,41,0.4141,0.4029,1.1195,8.5714,7.5771,2,469,0,16,0.8283,0.8059,2,True
2010-11,2,2736,Luol Deng,Right Baseline,28,13,0.4643,0.4017,6.2559,2.4242,5.1602,2,469,0,16,0.9286,0.8035,2,True
2010-11,2,2736,Luol Deng,Left Corner 3,77,28,0.3636,0.3916,-2.7930,6.6667,3.2409,2,469,0,16,1.0909,1.1747,3,True
2010-11,2,2736,Luol Deng,Left Wing 3,48,15,0.3125,0.3557,-4.3162,4.1558,5.7694,2,469,0,16,0.9375,1.0670,3,True
2010-11,2,2736,Luol Deng,Top of Key 3,43,13,0.3023,0.3298,-2.7511,3.7229,4.3907,2,469,0,16,0.9070,0.9895,3,True
2010-11,2,2736,Luol Deng,Right Wing 3,110,41,0.3727,0.3581,1.4640,9.5238,5.6017,2,469,0,16,1.1182,1.0743,3,True
2010-11,2,2736,Luol Deng,Right Corner 3,53,18,0.3396,0.3972,-5.7584,4.5887,2.9390,2,469,0,16,1.0189,1.1908,3,True
2010-11,3,2430,Carlos Boozer,Restricted Area,399,251,0.6291,0.6199,0.9174,47.2189,31.5016,0,469,0,16,1.2581,1.2398,2,True
2010-11,3,2430,Carlos Boozer,In The Paint (Non-RA),173,70,0.4046,0.3899,1.4767,20.4734,15.3098,0,469,0,16,0.8092,0.7797,2,True
2010-11,3,2430,Carlos Boozer,Left Baseline,84,34,0.4048,0.3964,0.8390,9.9408,5.4635,0,469,0,16,0.8095,0.7927,2,True
2010-11,3,2430,Carlos Boozer,Left Mid-Range,66,26,0.3939,0.3959,-0.1963,7.8107,7.1100,0,469,0,16,0.7879,0.7918,2,True
2010-11,3,2430,Carlos Boozer,Center Mid-Range,58,29,0.5000,0.4050,9.5048,6.8639,5.7013,0,469,0,16,1.0000,0.8099,2,True
2010-11,3,2430,Carlos Boozer,Right Mid-Range,33,11,0.3333,0.4029,-6.9613,3.9053,7.5771,0,469,0,16,0.6667,0.8059,2,True
2010-11,3,2430,Carlos Boozer,Right Baseline,32,10,0.3125,0.4017,-8.9227,3.7870,5.1602,0,469,0,16,0.6250,0.8035,2,True
2010-11,3,2430,Carlos Boozer,Left Corner 3,0,0,,0.3916,,0.0000,3.2409,0,469,0,16,,1.1747,3,False
2010-11,3,2430,Carlos Boozer,Left Wing 3,0,0,,0.3557,,0.0000,5.7694,0,469,0,16,,1.0670,3,False
2010-11,3,2430,Carlos Boozer,Top of Key 3,0,0,,0.3298,,0.0000,4.3907,0,469,0,16,,0.9895,3,False
2010-11,3,2430,Carlos Boozer,Right Wing 3,0,0,,0.3581,,0.0000,5.6017,0,469,0,16,,1.0743,3,False
2010-11,3,2430,Carlos Boozer,Right Corner 3,0,0,,0.3972,,0.0000,2.9390,0,469,0,16,,1.1908,3,False
2010-11,4,2594,Kyle Korver,Restricted Area,20,12,0.6000,0.6199,-1.9899,3.5907,31.5016,0,469,0,16,1.2000,1.2398,2,True
2010-11,4,2594,Kyle Korver,In The Paint (Non-RA),7,2,0.2857,0.3899,-10.4143,1.2567,15.3098,0,469,0,16,0.5714,0.7797,2,False
2010-11,4,2594,Kyle Korver,Left Baseline,43,21,0.4884,0.3964,9.2000,7.7199,5.4635,0,469,0,16,0.9767,0.7927,2,True
2010-11,4,2594,Kyle Korver,Left Mid-Range,97,45,0.4639,0.3959,6.8015,17.4147,7.1100,0,469,0,16,0.9278,0.7918,2,True
2010-11,4,2594,Kyle Korver,Center Mid-Range,29,14,0.4828,0.4050,7.7806,5.2065,5.7013,0,469,0,16,0.9655,0.8099,2,True
2010-11,4,2594,Kyle Korver,Right Mid-Range,42,15,0.3571,0.4029,-4.5804,7.5404,7.5771,0,469,0,16,0.7143,0.8059,2,True
2010-11,4,2594,Kyle Korver,Right Baseline,30,13,0.4333,0.4017,3.1607,5.3860,5.1602,0,469,0,16,0.8667,0.8035,2,True
2010-11,4,2594,Kyle Korver,Left Corner 3,31,12,0.3871,0.3916,-0.4469,5.5655,3.2409,0,469,0,16,1.1613,1.1747,3,True
2010-11,4,2594,Kyle Korver,Left Wing 3,82,35,0.4268,0.3557,7.1168,14.7217,5.7694,0,469,0,16,1.2805,1.0670,3,True
2010-11,4,2594,Kyle Korver,Top of Key 3,48,17,0.3542,0.3298,2.4330,8.6176,4.3907,0,469,0,16,1.0625,0.9895,3,True
2010-11,4,2594,Kyle Korver,Right Wing 3,85,35,0.4118,0.3581,5.3677,15.2603,5.6017,0,469,0,16,1.2353,1.0743,3,True
2010-11,4,2594,Kyle Korver,Right Corner 3,43,21,0.4884,0.3972,9.1165,7.7199,2.9390,0,469,0,16,1.4651,1.1908,3,True
2010-11,5,201959,Taj Gibson,Restricted Area,218,134,0.6147,0.6199,-0.5220,43.4263,31.5016,2,469,0,16,1.2294,1.2398,2,True
2010-11,5,201959,Taj Gibson,In The Paint (Non-RA),86,34,0.3953,0.3899,0.5492,17.1315,15.3098,2,469,0,16,0.7907,0.7797,2,True
2010-11,5,201959,Taj Gibson,Left Baseline,42,14,0.3333,0.3964,-6.3038,8.3665,5.4635,2,469,0,16,0.6667,0.7927,2,True
2010-11,5,201959,Taj Gibson,Left Mid-Range,25,5,0.2000,0.3959,-19.5902,4.9801,7.1100,2,469,0,16,0.4000,0.7918,2,True
2010-11,5,201959,Taj Gibson,Center Mid-Range,27,11,0.4074,0.4050,0.2455,5.3785,5.7013,2,469,0,16,0.8148,0.8099,2,True
2010-11,5,201959,Taj Gibson,Right Mid-Range,34,12,0.3529,0.4029,-5.0005,6.7729,7.5771,2,469,0,16,0.7059,0.8059,2,True
2010-11,5,201959,Taj Gibson,Right Baseline,62,23,0.3710,0.4017,-3.0759,12.3506,5.1602,2,469,0,16,0.7419,0.8035,2,True
2010-11,5,201959,Taj Gibson,Left Corner 3,0,0,,0.3916,,0.0000,3.2409,2,469,0,16,,1.1747,3,False
2010-11,5,201959,Taj Gibson,Left Wing 3,0,0,,0.3557,,0.0000,5.7694,2,469,0,16,,1.0670,3,False
2010-11,5,201959,Taj Gibson,Top of Key 3,3,1,0.3333,0.3298,0.3496,0.5976,4.3907,2,469,0,16,1.0000,0.9895,3,False
2010-11,5,201959,Taj Gibson,Right Wing 3,1,0,0.0000,0.3581,-35.8088,0.1992,5.6017,2,469,0,16,0.0000,1.0743,3,False
2010-11,5,201959,Taj Gibson,Right Corner 3,2,0,0.0000,0.3972,-39.7207,0.3984,2.9390,2,469,0,16,0.0000,1.1908,3,False
2010-11,6,200758,Ronnie Brewer,Restricted Area,195,125,0.6410,0.6199,2.1127,45.6674,31.5016,3,469,0,16,1.2821,1.2398,2,True
2010-11,6,200758,Ronnie Brewer,In The Paint (Non-RA),23,7,0.3043,0.3899,-8.5509,5.3864,15.3098,3,469,0,16,0.6087,0.7797,2,True
2010-11,6,200758,Ronnie Brewer,Left Baseline,25,8,0.3200,0.3964,-7.6372,5.8548,5.4635,3,469,0,16,0.6400,0.7927,2,True
2010-11,6,200758,Ronnie Brewer,Left Mid-Range,36,17,0.4722,0.3959,7.6320,8.4309,7.1100,3,469,0,16,0.9444,0.7918,2,True
2010-11,6,200758,Ronnie Brewer,Center Mid-Range,26,7,0.2692,0.4050,-13.5721,6.0890,5.7013,3,469,0,16,0.5385,0.8099,2,True
2010-11,6,200758,Ronnie Brewer,Right Mid-Range,54,19,0.3519,0.4029,-5.1095,12.6464,7.5771,3,469,0,16,0.7037,0.8059,2,True
2010-11,6,200758,Ronnie Brewer,Right Baseline,41,16,0.3902,0.4017,-1.1483,9.6019,5.1602,3,469,0,16,0.7805,0.8035,2,True
2010-11,6,200758,Ronnie Brewer,Left Corner 3,6,1,0.1667,0.3916,-22.4900,1.4052,3.2409,3,469,0,16,0.5000,1.1747,3,False
2010-11,6,200758,Ronnie Brewer,Left Wing 3,8,1,0.1250,0.3557,-23.0662,1.8735,5.7694,3,469,0,16,0.3750,1.0670,3,False
2010-11,6,200758,Ronnie Brewer,Top of Key 3,1,0,0.0000,0.3298,-32.9837,0.2342,4.3907,3,469,0,16,0.0000,0.9895,3,False
2010-11,6,200758,Ronnie Brewer,Right Wing 3,5,2,0.4000,0.3581,4.1912,1.1710,5.6017,3,469,0,16,1.2000,1.0743,3,False
2010-11,6,200758,Ronnie Brewer,Right Corner 3,4,2,0.5000,0.3972,10.2793,0.9368,2.9390,3,469,0,16,1.5000,1.1908,3,False
2010-11,7,201149,Joakim Noah,Restricted Area,281,167,0.5943,0.6199,-2.5593,69.9005,31.5016,0,469,0,16,1.1886,1.2398,2,True
2010-11,7,201149,Joakim Noah,In The Paint (Non-RA),62,23,0.3710,0.3899,-1.8889,15.4229,15.3098,0,469,0,16,0.7419,0.7797,2,True
2010-11,7,201149,Joakim Noah,Left Baseline,5,3,0.6000,0.3964,20.3628,1.2438,5.4635,0,469,0,16,1.2000,0.7927,2,False
2010-11,7,201149,Joakim Noah,Left Mid-Range,24,10,0.4167,0.3959,2.0764,5.9701,7.1100,0,469,0,16,0.8333,0.7918,2,True
2010-11,7,201149,Joakim Noah,Center Mid-Range,14,6,0.4286,0.4050,2.3619,3.4826,5.7013,0,469,0,16,0.8571,0.8099,2,False
2010-11,7,201149,Joakim Noah,Right Mid-Range,10,2,0.2000,0.4029,-20.2947,2.4876,7.5771,0,469,0,16,0.4000,0.8059,2,False
2010-11,7,201149,Joakim Noah,Right Baseline,5,0,0.0000,0.4017,-40.1727,1.2438,5.1602,0,469,0,16,0.0000,0.8035,2,False
2010-11,7,201149,Joakim Noah,Left Corner 3,0,0,,0.3916,,0.0000,3.2409,0,469,0,16,,1.1747,3,False
2010-11,7,201149,Joakim Noah,Left Wing 3,0,0,,0.3557,,0.0000,5.7694,0,469,0,16,,1.0670,3,False
2010-11,7,201149,Joakim Noah,Top of Key 3,1,0,0.0000,0.3298,-32.9837,0.2488,4.3907,0,469,0,16,0.0000,0.9895,3,False
2010-11,7,201149,Joakim Noah,Right Wing 3,0,0,,0.3581,,0.0000,5.6017,0,469,0,16,,1.0743,3,False
2010-11,7,201149,Joakim Noah,Right Corner 3,0,0,,0.3972,,0.0000,2.9390,0,469,0,16,,1.1908,3,False
2010-11,8,201228,C.J. Watson,Restricted Area,69,30,0.4348,0.6199,-18.5116,17.5127,31.5016,1,469,0,16,0.8696,1.2398,2,True
2010-11,8,201228,C.J. Watson,In The Paint (Non-RA),34,9,0.2647,0.3899,-12.5151,8.6294,15.3098,1,469,0,16,0.5294,0.7797,2,True
2010-11,8,201228,C.J. Watson,Left Baseline,13,3,0.2308,0.3964,-16.5602,3.2995,5.4635,1,469,0,16,0.4615,0.7927,2,False
2010-11,8,201228,C.J. Watson,Left Mid-Range,49,17,0.3469,0.3959,-4.8963,12.4365,7.1100,1,469,0,16,0.6939,0.7918,2,True
2010-11,8,201228,C.J. Watson,Center Mid-Range,41,16,0.3902,0.4050,-1.4708,10.4061,5.7013,1,469,0,16,0.7805,0.8099,2,True
2010-11,8,201228,C.J. Watson,Right Mid-Range,53,18,0.3396,0.4029,-6.3324,13.4518,7.5771,1,469,0,16,0.6792,0.8059,2,True
2010-11,8,201228,C.J. Watson,Right Baseline,23,9,0.3913,0.4017,-1.0422,5.8376,5.1602,1,469,0,16,0.7826,0.8035,2,True
2010-11,8,201228,C.J. Watson,Left Corner 3,15,4,0.2667,0.3916,-12.4900,3.8071,3.2409,1,469,0,16,0.8000,1.1747,3,False
2010-11,8,201228,C.J. Watson,Left Wing 3,39,15,0.3846,0.3557,2.8954,9.8985,5.7694,1,469,0,16,1.1538,1.0670,3,True
2010-11,8,201228,C.J. Watson,Top of Key 3,21,8,0.3810,0.3298,5.1115,5.3299,4.3907,1,469,0,16,1.1429,0.9895,3,True
2010-11,8,201228,C.J. Watson,Right Wing 3,25,10,0.4000,0.3581,4.1912,6.3452,5.6017,1,469,0,16,1.2000,1.0743,3,True
2010-11,8,201228,C.J. Watson,Right Corner 3,11,7,0.6364,0.3972,23.9157,2.7919,2.9390,1,469,0,16,1.9091,1.1908,3,False
2010-11,9,2586,Keith Bogans,Restricted Area,43,28,0.6512,0.6199,3.1264,14.0065,31.5016,0,469,1,16,1.3023,1.2398,2,True
2010-11,9,2586,Keith Bogans,In The Paint (Non-RA),3,0,0.0000,0.3899,-38.9857,0.9772,15.3098,0,469,1,16,0.0000,0.7797,2,False
2010-11,9,2586,Keith Bogans,Left Baseline,3,0,0.0000,0.3964,-39.6372,0.9772,5.4635,0,469,1,16,0.0000,0.7927,2,False
2010-11,9,2586,Keith Bogans,Left Mid-Range,4,0,0.0000,0.3959,-39.5902,1.3029,7.1100,0,469,1,16,0.0000,0.7918,2,False
2010-11,9,2586,Keith Bogans,Center Mid-Range,5,1,0.2000,0.4050,-20.4952,1.6287,5.7013,0,469,1,16,0.4000,0.8099,2,False
2010-11,9,2586,Keith Bogans,Right Mid-Range,5,2,0.4000,0.4029,-0.2947,1.6287,7.5771,0,469,1,16,0.8000,0.8059,2,False
2010-11,9,2586,Keith Bogans,Right Baseline,6,3,0.5000,0.4017,9.8273,1.9544,5.1602,0,469,1,16,1.0000,0.8035,2,False
2010-11,9,2586,Keith Bogans,Left Corner 3,66,27,0.4091,0.3916,1.7525,21.4984,3.2409,0,469,1,16,1.2273,1.1747,3,True
2010-11,9,2586,Keith Bogans,Left Wing 3,44,20,0.4545,0.3557,9.8884,14.3322,5.7694,0,469,1,16,1.3636,1.0670,3,True
2010-11,9,2586,Keith Bogans,Top of Key 3,26,10,0.3846,0.3298,5.4778,8.4691,4.3907,0,469,1,16,1.1538,0.9895,3,True
2010-11,9,2586,Keith Bogans,Right Wing 3,46,16,0.3478,0.3581,-1.0261,14.9837,5.6017,0,469,1,16,1.0435,1.0743,3,True
2010-11,9,2586,Keith Bogans,Right Corner 3,56,17,0.3036,0.3972,-9.3635,18.2410,2.9390,0,469,1,16,0.9107,1.1908,3,True
