season_end_year,season,player_id,player,age,games,assists,assists_per_game,team_games,team_assists,player_source_url,team_source_url
2021,2020–21,1629690,Adam Mokoka,22.0,14,5,0.35714285714285715,72,1927,https://www.nba.com/stats/players/traditional?PerMode=Totals&Season=2020-21&SeasonType=Regular%20Season&TeamID=1610612741,https://www.nba.com/stats/teams/traditional?PerMode=Totals&Season=2020-21&SeasonType=Regular%20Season&TeamID=1610612741
2021,2020–21,202329,Al-Farouq Aminu,30.0,6,2,0.3333333333333333,72,1927,https://www.nba.com/stats/players/traditional?PerMode=Totals&Season=2020-21&SeasonType=Regular%20Season&TeamID=1610612741,https://www.nba.com/stats/teams/traditional?PerMode=Totals&Season=2020-21&SeasonType=Regular%20Season&TeamID=1610612741
2021,2020–21,1628990,Chandler Hutchison,25.0,7,4,0.5714285714285714,72,1927,https://www.nba.com/stats/players/traditional?PerMode=Totals&Season=2020-21&SeasonType=Regular%20Season&TeamID=1610612741,https://www.nba.com/stats/teams/traditional?PerMode=Totals&Season=2020-21&SeasonType=Regular%20Season&TeamID=1610612741
2021,2020–21,1629632,Coby White,21.0,69,328,4.753623188405797,72,1927,https://www.nba.com/stats/players/traditional?PerMode=Totals&Season=2020-21&SeasonType=Regular%20Season&TeamID=1610612741,https://www.nba.com/stats/teams/traditional?PerMode=Totals&Season=2020-21&SeasonType=Regular%20Season&TeamID=1610612741
2021,2020–21,1626245,Cristiano Felicio,28.0,18,9,0.5,72,1927,https://www.nba.com/stats/players/traditional?PerMode=Totals&Season=2020-21&SeasonType=Regular%20Season&TeamID=1610612741,https://www.nba.com/stats/teams/traditional?PerMode=Totals&Season=2020-21&SeasonType=Regular%20Season&TeamID=1610612741
2021,2020–21,1629655,Daniel Gafford,22.0,31,17,0.5483870967741935,72,1927,https://www.nba.com/stats/players/traditional?PerMode=Totals&Season=2020-21&SeasonType=Regular%20Season&TeamID=1610612741,https://www.nba.com/stats/teams/traditional?PerMode=Totals&Season=2020-21&SeasonType=Regular%20Season&TeamID=1610612741
2021,2020–21,1628464,Daniel Theis,29.0,23,41,1.7826086956521738,72,1927,https://www.nba.com/stats/players/traditional?PerMode=Totals&Season=2020-21&SeasonType=Regular%20Season&TeamID=1610612741,https://www.nba.com/stats/teams/traditional?PerMode=Totals&Season=2020-21&SeasonType=Regular%20Season&TeamID=1610612741
2021,2020–21,1627756,Denzel Valentine,27.0,62,105,1.6935483870967742,72,1927,https://www.nba.com/stats/players/traditional?PerMode=Totals&Season=2020-21&SeasonType=Regular%20Season&TeamID=1610612741,https://www.nba.com/stats/teams/traditional?PerMode=Totals&Season=2020-21&SeasonType=Regular%20Season&TeamID=1610612741
2021,2020–21,1629653,Devon Dotson,21.0,11,7,0.6363636363636364,72,1927,https://www.nba.com/stats/players/traditional?PerMode=Totals&Season=2020-21&SeasonType=Regular%20Season&TeamID=1610612741,https://www.nba.com/stats/teams/traditional?PerMode=Totals&Season=2020-21&SeasonType=Regular%20Season&TeamID=1610612741
2021,2020–21,202066,Garrett Temple,35.0,56,124,2.2142857142857144,72,1927,https://www.nba.com/stats/players/traditional?PerMode=Totals&Season=2020-21&SeasonType=Regular%20Season&TeamID=1610612741,https://www.nba.com/stats/teams/traditional?PerMode=Totals&Season=2020-21&SeasonType=Regular%20Season&TeamID=1610612741
2021,2020–21,1629750,Javonte Green,27.0,16,6,0.375,72,1927,https://www.nba.com/stats/players/traditional?PerMode=Totals&Season=2020-21&SeasonType=Regular%20Season&TeamID=1610612741,https://www.nba.com/stats/teams/traditional?PerMode=Totals&Season=2020-21&SeasonType=Regular%20Season&TeamID=1610612741
2021,2020–21,1628374,Lauri Markkanen,24.0,51,45,0.8823529411764706,72,1927,https://www.nba.com/stats/players/traditional?PerMode=Totals&Season=2020-21&SeasonType=Regular%20Season&TeamID=1610612741,https://www.nba.com/stats/teams/traditional?PerMode=Totals&Season=2020-21&SeasonType=Regular%20Season&TeamID=1610612741
2021,2020–21,1628436,Luke Kornet,25.0,13,4,0.3076923076923077,72,1927,https://www.nba.com/stats/players/traditional?PerMode=Totals&Season=2020-21&SeasonType=Regular%20Season&TeamID=1610612741,https://www.nba.com/stats/teams/traditional?PerMode=Totals&Season=2020-21&SeasonType=Regular%20Season&TeamID=1610612741
2021,2020–21,202696,Nikola Vučević,30.0,26,102,3.923076923076923,72,1927,https://www.nba.com/stats/players/traditional?PerMode=Totals&Season=2020-21&SeasonType=Regular%20Season&TeamID=1610612741,https://www.nba.com/stats/teams/traditional?PerMode=Totals&Season=2020-21&SeasonType=Regular%20Season&TeamID=1610612741
2021,2020–21,203490,Otto Porter Jr.,28.0,25,50,2.0,72,1927,https://www.nba.com/stats/players/traditional?PerMode=Totals&Season=2020-21&SeasonType=Regular%20Season&TeamID=1610612741,https://www.nba.com/stats/teams/traditional?PerMode=Totals&Season=2020-21&SeasonType=Regular%20Season&TeamID=1610612741
2021,2020–21,1630172,Patrick Williams,19.0,71,99,1.3943661971830985,72,1927,https://www.nba.com/stats/players/traditional?PerMode=Totals&Season=2020-21&SeasonType=Regular%20Season&TeamID=1610612741,https://www.nba.com/stats/teams/traditional?PerMode=Totals&Season=2020-21&SeasonType=Regular%20Season&TeamID=1610612741
2021,2020–21,1627853,Ryan Arcidiacono,27.0,44,56,1.2727272727272727,72,1927,https://www.nba.com/stats/players/traditional?PerMode=Totals&Season=2020-21&SeasonType=Regular%20Season&TeamID=1610612741,https://www.nba.com/stats/teams/traditional?PerMode=Totals&Season=2020-21&SeasonType=Regular%20Season&TeamID=1610612741
2021,2020–21,201152,Thaddeus Young,33.0,68,291,4.279411764705882,72,1927,https://www.nba.com/stats/players/traditional?PerMode=Totals&Season=2020-21&SeasonType=Regular%20Season&TeamID=1610612741,https://www.nba.com/stats/teams/traditional?PerMode=Totals&Season=2020-21&SeasonType=Regular%20Season&TeamID=1610612741
2021,2020–21,203107,Tomas Satoransky,29.0,58,271,4.672413793103448,72,1927,https://www.nba.com/stats/players/traditional?PerMode=Totals&Season=2020-21&SeasonType=Regular%20Season&TeamID=1610612741,https://www.nba.com/stats/teams/traditional?PerMode=Totals&Season=2020-21&SeasonType=Regular%20Season&TeamID=1610612741
2021,2020–21,1628972,Troy Brown Jr.,21.0,13,10,0.7692307692307693,72,1927,https://www.nba.com/stats/players/traditional?PerMode=Totals&Season=2020-21&SeasonType=Regular%20Season&TeamID=1610612741,https://www.nba.com/stats/teams/traditional?PerMode=Totals&Season=2020-21&SeasonType=Regular%20Season&TeamID=1610612741
2021,2020–21,1628976,Wendell Carter Jr.,22.0,32,69,2.15625,72,1927,https://www.nba.com/stats/players/traditional?PerMode=Totals&Season=2020-21&SeasonType=Regular%20Season&TeamID=1610612741,https://www.nba.com/stats/teams/traditional?PerMode=Totals&Season=2020-21&SeasonType=Regular%20Season&TeamID=1610612741
2021,2020–21,203897,Zach LaVine,26.0,58,282,4.862068965517241,72,1927,https://www.nba.com/stats/players/traditional?PerMode=Totals&Season=2020-21&SeasonType=Regular%20Season&TeamID=1610612741,https://www.nba.com/stats/teams/traditional?PerMode=Totals&Season=2020-21&SeasonType=Regular%20Season&TeamID=1610612741
