nba_id,official_roster_name,hex_center_x,hex_center_y,exact_fga,nearby_subject_fga,nearby_subject_fg_pct,nearby_nba_fga,nearby_nba_fg_pct,subject_vs_nba_fg_pct_points,displayed,low_volume_gray,color_rated,size_cap_fga,radius_fraction,color_band
1630581,Josh Giddey,-250.0000,-50.0000,0,4,25.0000,1805,38.8920,-13.8920,False,False,False,51.8500,0.0000,gray: insufficient exact-cell or nearby volume
1630581,Josh Giddey,-250.0000,-15.0000,0,17,29.4118,8066,39.0032,-9.5915,False,False,False,51.8500,0.0000,gray: insufficient exact-cell or nearby volume
1630581,Josh Giddey,-250.0000,20.0000,1,17,29.4118,10593,38.9314,-9.5196,False,False,False,51.8500,0.0000,gray: insufficient exact-cell or nearby volume
1630581,Josh Giddey,-250.0000,55.0000,0,6,33.3333,6233,38.3603,-5.0270,False,False,False,51.8500,0.0000,gray: insufficient exact-cell or nearby volume
1630581,Josh Giddey,-250.0000,90.0000,0,3,33.3333,3298,36.8102,-3.4769,False,False,False,51.8500,0.0000,gray: insufficient exact-cell or nearby volume
1630581,Josh Giddey,-250.0000,125.0000,0,7,42.8571,3094,36.5223,6.3348,False,False,False,51.8500,0.0000,gray: insufficient exact-cell or nearby volume
1630581,Josh Giddey,-250.0000,160.0000,0,7,28.5714,2008,37.0518,-8.4804,False,False,False,51.8500,0.0000,gray: insufficient exact-cell or nearby volume
1630581,Josh Giddey,-250.0000,195.0000,0,0,,329,29.7872,,False,False,False,51.8500,0.0000,gray: insufficient exact-cell or nearby volume
1630581,Josh Giddey,-250.0000,230.0000,0,0,,71,25.3521,,False,False,False,51.8500,0.0000,gray: insufficient exact-cell or nearby volume
1630581,Josh Giddey,-250.0000,265.0000,0,0,,11,9.0909,,False,False,False,51.8500,0.0000,gray: insufficient exact-cell or nearby volume
1630581,Josh Giddey,-250.0000,300.0000,0,0,,2,0.0000,,False,False,False,51.8500,0.0000,gray: insufficient exact-cell or nearby volume
1630581,Josh Giddey,-222.2222,-50.0000,0,4,25.0000,2355,39.3206,-14.3206,False,False,False,51.8500,0.0000,gray: insufficient exact-cell or nearby volume
1630581,Josh Giddey,-222.2222,-15.0000,2,17,29.4118,8677,39.1495,-9.7377,False,False,False,51.8500,0.0000,gray: insufficient exact-cell or nearby volume
1630581,Josh Giddey,-222.2222,20.0000,2,17,29.4118,11294,38.8348,-9.4230,False,False,False,51.8500,0.0000,gray: insufficient exact-cell or nearby volume
1630581,Josh Giddey,-222.2222,55.0000,0,7,28.5714,7123,38.5231,-9.9517,False,False,False,51.8500,0.0000,gray: insufficient exact-cell or nearby volume
1630581,Josh Giddey,-222.2222,90.0000,1,5,60.0000,4379,36.5609,23.4391,False,False,False,51.8500,0.0000,gray: insufficient exact-cell or nearby volume
1630581,Josh Giddey,-222.2222,125.0000,0,15,33.3333,5133,37.0349,-3.7015,False,False,False,51.8500,0.0000,gray: insufficient exact-cell or nearby volume
1630581,Josh Giddey,-222.2222,160.0000,1,19,26.3158,6441,36.4229,-10.1071,False,False,False,51.8500,0.0000,gray: insufficient exact-cell or nearby volume
1630581,Josh Giddey,-222.2222,195.0000,0,10,10.0000,4614,35.8257,-25.8257,False,False,False,51.8500,0.0000,gray: insufficient exact-cell or nearby volume
1630581,Josh Giddey,-222.2222,230.0000,0,0,,839,31.5852,,False,False,False,51.8500,0.0000,gray: insufficient exact-cell or nearby volume
1630581,Josh Giddey,-222.2222,265.0000,0,0,,138,21.0145,,False,False,False,51.8500,0.0000,gray: insufficient exact-cell or nearby volume
1630581,Josh Giddey,-222.2222,300.0000,0,0,,19,5.2632,,False,False,False,51.8500,0.0000,gray: insufficient exact-cell or nearby volume
1630581,Josh Giddey,-194.4444,-50.0000,0,2,0.0000,476,39.0756,-39.0756,False,False,False,51.8500,0.0000,gray: insufficient exact-cell or nearby volume
1630581,Josh Giddey,-194.4444,-15.0000,0,14,21.4286,5569,38.8759,-17.4473,False,False,False,51.8500,0.0000,gray: insufficient exact-cell or nearby volume
1630581,Josh Giddey,-194.4444,20.0000,0,12,16.6667,7890,39.0368,-22.3701,False,False,False,51.8500,0.0000,gray: insufficient exact-cell or nearby volume
1630581,Josh Giddey,-194.4444,55.0000,0,3,33.3333,3841,38.5577,-5.2243,False,False,False,51.8500,0.0000,gray: insufficient exact-cell or nearby volume
1630581,Josh Giddey,-194.4444,90.0000,0,6,50.0000,2921,37.3845,12.6155,False,False,False,51.8500,0.0000,gray: insufficient exact-cell or nearby volume
1630581,Josh Giddey,-194.4444,125.0000,2,16,31.2500,5455,37.5985,-6.3485,False,False,False,51.8500,0.0000,gray: insufficient exact-cell or nearby volume
1630581,Josh Giddey,-194.4444,160.0000,4,30,26.6667,8903,36.2237,-9.5571,True,False,True,51.8500,0.2778,well below
1630581,Josh Giddey,-194.4444,195.0000,0,36,33.3333,10421,35.5244,-2.1911,False,False,False,51.8500,0.0000,gray: insufficient exact-cell or nearby volume
1630581,Josh Giddey,-194.4444,230.0000,0,18,50.0000,5120,33.8086,16.1914,False,False,False,51.8500,0.0000,gray: insufficient exact-cell or nearby volume
1630581,Josh Giddey,-194.4444,265.0000,0,1,100.0000,749,31.1081,68.8919,False,False,False,51.8500,0.0000,gray: insufficient exact-cell or nearby volume
1630581,Josh Giddey,-194.4444,300.0000,0,0,,89,23.5955,,False,False,False,51.8500,0.0000,gray: insufficient exact-cell or nearby volume
1630581,Josh Giddey,-166.6667,-50.0000,0,0,,87,44.8276,,False,False,False,51.8500,0.0000,gray: insufficient exact-cell or nearby volume
1630581,Josh Giddey,-166.6667,-15.0000,0,1,0.0000,862,42.9234,-42.9234,False,False,False,51.8500,0.0000,gray: insufficient exact-cell or nearby volume
1630581,Josh Giddey,-166.6667,20.0000,0,2,0.0000,1513,40.7799,-40.7799,False,False,False,51.8500,0.0000,gray: insufficient exact-cell or nearby volume
1630581,Josh Giddey,-166.6667,55.0000,0,2,50.0000,1217,38.9482,11.0518,False,False,False,51.8500,0.0000,gray: insufficient exact-cell or nearby volume
1630581,Josh Giddey,-166.6667,90.0000,0,1,100.0000,991,37.3360,62.6640,False,False,False,51.8500,0.0000,gray: insufficient exact-cell or nearby volume
1630581,Josh Giddey,-166.6667,125.0000,0,5,40.0000,2129,36.7778,3.2222,False,False,False,51.8500,0.0000,gray: insufficient exact-cell or nearby volume
1630581,Josh Giddey,-166.6667,160.0000,0,31,25.8065,8654,36.4687,-10.6622,False,False,False,51.8500,0.0000,gray: insufficient exact-cell or nearby volume
1630581,Josh Giddey,-166.6667,195.0000,10,49,38.7755,12853,35.3458,3.4297,True,False,True,51.8500,0.4392,above
1630581,Josh Giddey,-166.6667,230.0000,1,48,43.7500,11473,34.8122,8.9378,False,False,False,51.8500,0.0000,gray: insufficient exact-cell or nearby volume
1630581,Josh Giddey,-166.6667,265.0000,0,10,40.0000,2641,31.9955,8.0045,False,False,False,51.8500,0.0000,gray: insufficient exact-cell or nearby volume
1630581,Josh Giddey,-166.6667,300.0000,0,0,,271,29.8893,,False,False,False,51.8500,0.0000,gray: insufficient exact-cell or nearby volume
1630581,Josh Giddey,-138.8889,-50.0000,0,0,,154,38.9610,,False,False,False,51.8500,0.0000,gray: insufficient exact-cell or nearby volume
1630581,Josh Giddey,-138.8889,-15.0000,0,1,0.0000,1354,42.7622,-42.7622,False,False,False,51.8500,0.0000,gray: insufficient exact-cell or nearby volume
1630581,Josh Giddey,-138.8889,20.0000,0,3,0.0000,2434,42.3993,-42.3993,False,False,False,51.8500,0.0000,gray: insufficient exact-cell or nearby volume
1630581,Josh Giddey,-138.8889,55.0000,0,4,50.0000,2173,40.5890,9.4110,False,False,False,51.8500,0.0000,gray: insufficient exact-cell or nearby volume
1630581,Josh Giddey,-138.8889,90.0000,1,4,50.0000,1852,37.3650,12.6350,False,False,False,51.8500,0.0000,gray: insufficient exact-cell or nearby volume
1630581,Josh Giddey,-138.8889,125.0000,0,6,16.6667,1811,38.1005,-21.4338,False,False,False,51.8500,0.0000,gray: insufficient exact-cell or nearby volume
1630581,Josh Giddey,-138.8889,160.0000,1,14,28.5714,4115,37.2539,-8.6825,False,False,False,51.8500,0.0000,gray: insufficient exact-cell or nearby volume
1630581,Josh Giddey,-138.8889,195.0000,3,55,38.1818,12181,35.2024,2.9795,True,False,True,51.8500,0.2500,above
1630581,Josh Giddey,-138.8889,230.0000,10,59,44.0678,13277,35.0079,9.0599,True,False,True,51.8500,0.4392,well above
1630581,Josh Giddey,-138.8889,265.0000,0,29,41.3793,6316,33.5814,7.7979,False,False,False,51.8500,0.0000,gray: insufficient exact-cell or nearby volume
1630581,Josh Giddey,-138.8889,300.0000,0,1,100.0000,605,28.7603,71.2397,False,False,False,51.8500,0.0000,gray: insufficient exact-cell or nearby volume
1630581,Josh Giddey,-111.1111,-50.0000,0,0,,166,39.7590,,False,False,False,51.8500,0.0000,gray: insufficient exact-cell or nearby volume
1630581,Josh Giddey,-111.1111,-15.0000,0,1,0.0000,1658,43.2449,-43.2449,False,False,False,51.8500,0.0000,gray: insufficient exact-cell or nearby volume
1630581,Josh Giddey,-111.1111,20.0000,1,9,33.3333,3355,42.3845,-9.0512,False,False,False,51.8500,0.0000,gray: insufficient exact-cell or nearby volume
1630581,Josh Giddey,-111.1111,55.0000,1,9,44.4444,3469,41.2799,3.1645,False,False,False,51.8500,0.0000,gray: insufficient exact-cell or nearby volume
1630581,Josh Giddey,-111.1111,90.0000,1,7,42.8571,3000,38.9333,3.9238,False,False,False,51.8500,0.0000,gray: insufficient exact-cell or nearby volume
1630581,Josh Giddey,-111.1111,125.0000,0,8,12.5000,3041,39.8553,-27.3553,False,False,False,51.8500,0.0000,gray: insufficient exact-cell or nearby volume
1630581,Josh Giddey,-111.1111,160.0000,0,5,0.0000,2335,39.8715,-39.8715,False,False,False,51.8500,0.0000,gray: insufficient exact-cell or nearby volume
1630581,Josh Giddey,-111.1111,195.0000,1,33,36.3636,7969,36.2028,0.1609,False,False,False,51.8500,0.0000,gray: insufficient exact-cell or nearby volume
1630581,Josh Giddey,-111.1111,230.0000,5,61,36.0656,12017,34.7924,1.2732,True,False,True,51.8500,0.3105,approximately average
1630581,Josh Giddey,-111.1111,265.0000,3,43,34.8837,8695,34.2381,0.6457,True,False,True,51.8500,0.2500,approximately average
1630581,Josh Giddey,-111.1111,300.0000,0,5,60.0000,1100,31.7273,28.2727,False,False,False,51.8500,0.0000,gray: insufficient exact-cell or nearby volume
1630581,Josh Giddey,-83.3333,-50.0000,0,0,,114,38.5965,,False,False,False,51.8500,0.0000,gray: insufficient exact-cell or nearby volume
1630581,Josh Giddey,-83.3333,-15.0000,0,7,28.5714,2174,42.1343,-13.5629,False,False,False,51.8500,0.0000,gray: insufficient exact-cell or nearby volume
1630581,Josh Giddey,-83.3333,20.0000,2,19,47.3684,5906,42.1436,5.2248,False,False,False,51.8500,0.0000,gray: insufficient exact-cell or nearby volume
1630581,Josh Giddey,-83.3333,55.0000,0,24,45.8333,6019,42.0336,3.7998,False,False,False,51.8500,0.0000,gray: insufficient exact-cell or nearby volume
1630581,Josh Giddey,-83.3333,90.0000,1,14,57.1429,5207,42.8846,14.2583,False,False,False,51.8500,0.0000,gray: insufficient exact-cell or nearby volume
1630581,Josh Giddey,-83.3333,125.0000,0,9,44.4444,4605,43.5179,0.9265,False,False,False,51.8500,0.0000,gray: insufficient exact-cell or nearby volume
1630581,Josh Giddey,-83.3333,160.0000,0,5,0.0000,3131,41.9355,-41.9355,False,False,False,51.8500,0.0000,gray: insufficient exact-cell or nearby volume
1630581,Josh Giddey,-83.3333,195.0000,0,8,37.5000,3418,37.7414,-0.2414,False,False,False,51.8500,0.0000,gray: insufficient exact-cell or nearby volume
1630581,Josh Giddey,-83.3333,230.0000,2,48,29.1667,9378,35.5406,-6.3740,False,False,False,51.8500,0.0000,gray: insufficient exact-cell or nearby volume
1630581,Josh Giddey,-83.3333,265.0000,4,43,34.8837,8570,34.8308,0.0529,True,False,True,51.8500,0.2778,approximately average
1630581,Josh Giddey,-83.3333,300.0000,0,8,12.5000,1736,32.4309,-19.9309,False,False,False,51.8500,0.0000,gray: insufficient exact-cell or nearby volume
1630581,Josh Giddey,-55.5556,-50.0000,0,0,,117,40.1709,,False,False,False,51.8500,0.0000,gray: insufficient exact-cell or nearby volume
1630581,Josh Giddey,-55.5556,-15.0000,0,26,57.6923,8598,53.2682,4.4241,False,False,False,51.8500,0.0000,gray: insufficient exact-cell or nearby volume
1630581,Josh Giddey,-55.5556,20.0000,5,66,43.9394,19884,51.1617,-7.2223,True,False,True,51.8500,0.3105,below
1630581,Josh Giddey,-55.5556,55.0000,2,48,47.9167,13218,42.9793,4.9374,False,False,False,51.8500,0.0000,gray: insufficient exact-cell or nearby volume
1630581,Josh Giddey,-55.5556,90.0000,3,24,54.1667,8554,44.5055,9.6612,True,False,True,51.8500,0.2500,well above
1630581,Josh Giddey,-55.5556,125.0000,0,8,50.0000,6098,45.1132,4.8868,False,False,False,51.8500,0.0000,gray: insufficient exact-cell or nearby volume
1630581,Josh Giddey,-55.5556,160.0000,0,5,20.0000,3817,43.3063,-23.3063,False,False,False,51.8500,0.0000,gray: insufficient exact-cell or nearby volume
1630581,Josh Giddey,-55.5556,195.0000,0,3,0.0000,1911,39.8744,-39.8744,False,False,False,51.8500,0.0000,gray: insufficient exact-cell or nearby volume
1630581,Josh Giddey,-55.5556,230.0000,0,38,23.6842,7253,35.5163,-11.8321,False,False,False,51.8500,0.0000,gray: insufficient exact-cell or nearby volume
1630581,Josh Giddey,-55.5556,265.0000,3,45,31.1111,8419,35.4436,-4.3325,True,False,True,51.8500,0.2500,below
1630581,Josh Giddey,-55.5556,300.0000,0,8,25.0000,2551,32.6147,-7.6147,False,False,False,51.8500,0.0000,gray: insufficient exact-cell or nearby volume
1630581,Josh Giddey,-27.7778,-50.0000,0,3,0.0000,469,65.2452,-65.2452,False,False,False,51.8500,0.0000,gray: insufficient exact-cell or nearby volume
1630581,Josh Giddey,-27.7778,-15.0000,1,154,63.6364,41960,69.1873,-5.5510,False,False,False,51.8500,0.0000,gray: insufficient exact-cell or nearby volume
1630581,Josh Giddey,-27.7778,20.0000,17,233,55.3648,62633,64.5219,-9.1571,True,False,True,51.8500,0.5726,well below
1630581,Josh Giddey,-27.7778,55.0000,12,123,46.3415,31616,50.7370,-4.3955,True,False,True,51.8500,0.4811,below
1630581,Josh Giddey,-27.7778,90.0000,4,60,48.3333,14975,45.9699,2.3634,True,False,True,51.8500,0.2778,approximately average
1630581,Josh Giddey,-27.7778,125.0000,0,16,56.2500,9093,46.4423,9.8077,False,False,False,51.8500,0.0000,gray: insufficient exact-cell or nearby volume
1630581,Josh Giddey,-27.7778,160.0000,0,7,14.2857,4868,45.0904,-30.8047,False,False,False,51.8500,0.0000,gray: insufficient exact-cell or nearby volume
1630581,Josh Giddey,-27.7778,195.0000,0,5,0.0000,2147,40.6614,-40.6614,False,False,False,51.8500,0.0000,gray: insufficient exact-cell or nearby volume
1630581,Josh Giddey,-27.7778,230.0000,1,28,32.1429,6876,36.8383,-4.6954,False,False,False,51.8500,0.0000,gray: insufficient exact-cell or nearby volume
1630581,Josh Giddey,-27.7778,265.0000,5,41,31.7073,9216,35.9158,-4.2085,True,False,True,51.8500,0.3105,below
1630581,Josh Giddey,-27.7778,300.0000,0,12,58.3333,3782,34.3469,23.9864,False,False,False,51.8500,0.0000,gray: insufficient exact-cell or nearby volume
1630581,Josh Giddey,0.0000,-50.0000,0,6,50.0000,1232,80.3571,-30.3571,False,False,False,51.8500,0.0000,gray: insufficient exact-cell or nearby volume
1630581,Josh Giddey,0.0000,-15.0000,6,205,59.0244,55334,69.0245,-10.0001,True,False,True,51.8500,0.3402,well below
1630581,Josh Giddey,0.0000,20.0000,76,270,54.8148,75539,63.2468,-8.4320,True,False,True,51.8500,1.0000,well below
1630581,Josh Giddey,0.0000,55.0000,14,188,50.0000,45850,55.4133,-5.4133,True,False,True,51.8500,0.5196,below
1630581,Josh Giddey,0.0000,90.0000,7,70,51.4286,17751,46.1157,5.3129,True,False,True,51.8500,0.3674,above
1630581,Josh Giddey,0.0000,125.0000,3,26,46.1538,10194,46.8805,-0.7267,True,False,True,51.8500,0.2500,approximately average
1630581,Josh Giddey,0.0000,160.0000,0,10,40.0000,5213,45.8277,-5.8277,False,False,False,51.8500,0.0000,gray: insufficient exact-cell or nearby volume
1630581,Josh Giddey,0.0000,195.0000,1,6,16.6667,2442,42.7109,-26.0442,False,False,False,51.8500,0.0000,gray: insufficient exact-cell or nearby volume
1630581,Josh Giddey,0.0000,230.0000,0,32,28.1250,7078,36.6488,-8.5238,False,False,False,51.8500,0.0000,gray: insufficient exact-cell or nearby volume
1630581,Josh Giddey,0.0000,265.0000,5,38,36.8421,9424,36.0357,0.8065,True,False,True,51.8500,0.3105,approximately average
1630581,Josh Giddey,0.0000,300.0000,0,16,43.7500,4396,35.2821,8.4679,False,False,False,51.8500,0.0000,gray: insufficient exact-cell or nearby volume
1630581,Josh Giddey,27.7778,-50.0000,0,1,0.0000,472,67.3729,-67.3729,False,False,False,51.8500,0.0000,gray: insufficient exact-cell or nearby volume
1630581,Josh Giddey,27.7778,-15.0000,0,166,60.8434,44399,69.2786,-8.4352,False,False,False,51.8500,0.0000,gray: insufficient exact-cell or nearby volume
1630581,Josh Giddey,27.7778,20.0000,21,245,56.7347,65182,64.1650,-7.4303,True,False,True,51.8500,0.6364,below
1630581,Josh Giddey,27.7778,55.0000,17,147,45.5782,34544,51.3924,-5.8142,True,False,True,51.8500,0.5726,below
1630581,Josh Giddey,27.7778,90.0000,4,75,54.6667,15770,45.4280,9.2386,True,False,True,51.8500,0.2778,well above
1630581,Josh Giddey,27.7778,125.0000,1,19,36.8421,9321,45.9393,-9.0972,False,False,False,51.8500,0.0000,gray: insufficient exact-cell or nearby volume
1630581,Josh Giddey,27.7778,160.0000,1,9,44.4444,4848,45.2558,-0.8113,False,False,False,51.8500,0.0000,gray: insufficient exact-cell or nearby volume
1630581,Josh Giddey,27.7778,195.0000,0,5,20.0000,2112,42.1875,-22.1875,False,False,False,51.8500,0.0000,gray: insufficient exact-cell or nearby volume
1630581,Josh Giddey,27.7778,230.0000,0,24,37.5000,6843,35.9930,1.5070,False,False,False,51.8500,0.0000,gray: insufficient exact-cell or nearby volume
1630581,Josh Giddey,27.7778,265.0000,1,34,38.2353,9189,35.1725,3.0628,False,False,False,51.8500,0.0000,gray: insufficient exact-cell or nearby volume
1630581,Josh Giddey,27.7778,300.0000,0,10,50.0000,3647,34.5489,15.4511,False,False,False,51.8500,0.0000,gray: insufficient exact-cell or nearby volume
1630581,Josh Giddey,55.5556,-50.0000,0,0,,98,42.8571,,False,False,False,51.8500,0.0000,gray: insufficient exact-cell or nearby volume
1630581,Josh Giddey,55.5556,-15.0000,0,40,42.5000,9738,53.9844,-11.4844,False,False,False,51.8500,0.0000,gray: insufficient exact-cell or nearby volume
1630581,Josh Giddey,55.5556,20.0000,3,87,45.9770,22940,52.1927,-6.2157,True,False,True,51.8500,0.2500,below
1630581,Josh Giddey,55.5556,55.0000,4,70,47.1429,15370,44.0403,3.1025,True,False,True,51.8500,0.2778,above
1630581,Josh Giddey,55.5556,90.0000,2,34,47.0588,9354,43.8957,3.1632,False,False,False,51.8500,0.0000,gray: insufficient exact-cell or nearby volume
1630581,Josh Giddey,55.5556,125.0000,0,10,40.0000,6316,44.8068,-4.8068,False,False,False,51.8500,0.0000,gray: insufficient exact-cell or nearby volume
1630581,Josh Giddey,55.5556,160.0000,1,4,25.0000,3814,43.2617,-18.2617,False,False,False,51.8500,0.0000,gray: insufficient exact-cell or nearby volume
1630581,Josh Giddey,55.5556,195.0000,0,4,25.0000,1745,40.5158,-15.5158,False,False,False,51.8500,0.0000,gray: insufficient exact-cell or nearby volume
1630581,Josh Giddey,55.5556,230.0000,0,34,41.1765,7385,34.7867,6.3897,False,False,False,51.8500,0.0000,gray: insufficient exact-cell or nearby volume
1630581,Josh Giddey,55.5556,265.0000,3,32,43.7500,8484,34.6535,9.0965,True,False,True,51.8500,0.2500,well above
1630581,Josh Giddey,55.5556,300.0000,0,5,20.0000,2482,33.1990,-13.1990,False,False,False,51.8500,0.0000,gray: insufficient exact-cell or nearby volume
1630581,Josh Giddey,83.3333,-50.0000,0,2,50.0000,141,43.2624,6.7376,False,False,False,51.8500,0.0000,gray: insufficient exact-cell or nearby volume
1630581,Josh Giddey,83.3333,-15.0000,2,15,26.6667,2335,42.2698,-15.6031,False,False,False,51.8500,0.0000,gray: insufficient exact-cell or nearby volume
1630581,Josh Giddey,83.3333,20.0000,3,33,42.4242,6819,42.4402,-0.0160,True,False,True,51.8500,0.2500,approximately average
1630581,Josh Giddey,83.3333,55.0000,1,33,45.4545,6970,41.9943,3.4603,False,False,False,51.8500,0.0000,gray: insufficient exact-cell or nearby volume
1630581,Josh Giddey,83.3333,90.0000,1,15,26.6667,5672,44.2525,-17.5858,False,False,False,51.8500,0.0000,gray: insufficient exact-cell or nearby volume
1630581,Josh Giddey,83.3333,125.0000,1,4,25.0000,4782,43.2037,-18.2037,False,False,False,51.8500,0.0000,gray: insufficient exact-cell or nearby volume
1630581,Josh Giddey,83.3333,160.0000,0,3,0.0000,3118,40.5067,-40.5067,False,False,False,51.8500,0.0000,gray: insufficient exact-cell or nearby volume
1630581,Josh Giddey,83.3333,195.0000,0,11,27.2727,3050,35.4098,-8.1371,False,False,False,51.8500,0.0000,gray: insufficient exact-cell or nearby volume
1630581,Josh Giddey,83.3333,230.0000,6,36,33.3333,9700,34.0309,-0.6976,True,False,True,51.8500,0.3402,approximately average
1630581,Josh Giddey,83.3333,265.0000,2,30,40.0000,8850,33.9096,6.0904,False,False,False,51.8500,0.0000,gray: insufficient exact-cell or nearby volume
1630581,Josh Giddey,83.3333,300.0000,0,4,25.0000,1706,31.2427,-6.2427,False,False,False,51.8500,0.0000,gray: insufficient exact-cell or nearby volume
1630581,Josh Giddey,111.1111,-50.0000,0,0,,187,48.1283,,False,False,False,51.8500,0.0000,gray: insufficient exact-cell or nearby volume
1630581,Josh Giddey,111.1111,-15.0000,0,6,66.6667,1696,44.0448,22.6219,False,False,False,51.8500,0.0000,gray: insufficient exact-cell or nearby volume
1630581,Josh Giddey,111.1111,20.0000,1,14,50.0000,3477,42.8243,7.1757,False,False,False,51.8500,0.0000,gray: insufficient exact-cell or nearby volume
1630581,Josh Giddey,111.1111,55.0000,0,12,41.6667,3622,43.0701,-1.4035,False,False,False,51.8500,0.0000,gray: insufficient exact-cell or nearby volume
1630581,Josh Giddey,111.1111,90.0000,2,8,37.5000,3222,43.4823,-5.9823,False,False,False,51.8500,0.0000,gray: insufficient exact-cell or nearby volume
1630581,Josh Giddey,111.1111,125.0000,0,4,0.0000,3169,42.7895,-42.7895,False,False,False,51.8500,0.0000,gray: insufficient exact-cell or nearby volume
1630581,Josh Giddey,111.1111,160.0000,0,3,0.0000,2322,39.9655,-39.9655,False,False,False,51.8500,0.0000,gray: insufficient exact-cell or nearby volume
1630581,Josh Giddey,111.1111,195.0000,1,22,27.2727,7433,34.9388,-7.6661,False,False,False,51.8500,0.0000,gray: insufficient exact-cell or nearby volume
1630581,Josh Giddey,111.1111,230.0000,5,48,37.5000,11692,34.1858,3.3142,True,False,True,51.8500,0.3105,above
1630581,Josh Giddey,111.1111,265.0000,0,33,33.3333,8944,33.8104,-0.4770,False,False,False,51.8500,0.0000,gray: insufficient exact-cell or nearby volume
1630581,Josh Giddey,111.1111,300.0000,0,0,,1008,32.6389,,False,False,False,51.8500,0.0000,gray: insufficient exact-cell or nearby volume
1630581,Josh Giddey,138.8889,-50.0000,0,0,,177,44.0678,,False,False,False,51.8500,0.0000,gray: insufficient exact-cell or nearby volume
1630581,Josh Giddey,138.8889,-15.0000,0,2,50.0000,1329,44.0933,5.9067,False,False,False,51.8500,0.0000,gray: insufficient exact-cell or nearby volume
1630581,Josh Giddey,138.8889,20.0000,0,3,66.6667,2273,43.6868,22.9799,False,False,False,51.8500,0.0000,gray: insufficient exact-cell or nearby volume
1630581,Josh Giddey,138.8889,55.0000,0,3,66.6667,2159,44.3261,22.3406,False,False,False,51.8500,0.0000,gray: insufficient exact-cell or nearby volume
1630581,Josh Giddey,138.8889,90.0000,0,3,33.3333,1939,42.7024,-9.3691,False,False,False,51.8500,0.0000,gray: insufficient exact-cell or nearby volume
1630581,Josh Giddey,138.8889,125.0000,0,3,33.3333,1870,42.6203,-9.2870,False,False,False,51.8500,0.0000,gray: insufficient exact-cell or nearby volume
1630581,Josh Giddey,138.8889,160.0000,2,6,16.6667,3311,37.2999,-20.6332,False,False,False,51.8500,0.0000,gray: insufficient exact-cell or nearby volume
1630581,Josh Giddey,138.8889,195.0000,0,40,37.5000,10716,34.5185,2.9815,False,False,False,51.8500,0.0000,gray: insufficient exact-cell or nearby volume
1630581,Josh Giddey,138.8889,230.0000,6,38,31.5789,12256,34.3179,-2.7389,True,False,True,51.8500,0.3402,below
1630581,Josh Giddey,138.8889,265.0000,0,13,30.7692,6251,34.0586,-3.2893,False,False,False,51.8500,0.0000,gray: insufficient exact-cell or nearby volume
1630581,Josh Giddey,138.8889,300.0000,0,0,,532,32.7068,,False,False,False,51.8500,0.0000,gray: insufficient exact-cell or nearby volume
1630581,Josh Giddey,166.6667,-50.0000,0,0,,103,33.0097,,False,False,False,51.8500,0.0000,gray: insufficient exact-cell or nearby volume
1630581,Josh Giddey,166.6667,-15.0000,0,0,,811,40.5672,,False,False,False,51.8500,0.0000,gray: insufficient exact-cell or nearby volume
1630581,Josh Giddey,166.6667,20.0000,0,0,,1393,42.0675,,False,False,False,51.8500,0.0000,gray: insufficient exact-cell or nearby volume
1630581,Josh Giddey,166.6667,55.0000,0,0,,1133,41.2180,,False,False,False,51.8500,0.0000,gray: insufficient exact-cell or nearby volume
1630581,Josh Giddey,166.6667,90.0000,0,1,100.0000,941,42.8268,57.1732,False,False,False,51.8500,0.0000,gray: insufficient exact-cell or nearby volume
1630581,Josh Giddey,166.6667,125.0000,0,6,66.6667,1808,40.9845,25.6822,False,False,False,51.8500,0.0000,gray: insufficient exact-cell or nearby volume
1630581,Josh Giddey,166.6667,160.0000,0,23,39.1304,6884,35.8948,3.2356,False,False,False,51.8500,0.0000,gray: insufficient exact-cell or nearby volume
1630581,Josh Giddey,166.6667,195.0000,7,37,35.1351,10582,35.2296,-0.0945,True,False,True,51.8500,0.3674,approximately average
1630581,Josh Giddey,166.6667,230.0000,0,34,38.2353,10044,34.5480,3.6873,False,False,False,51.8500,0.0000,gray: insufficient exact-cell or nearby volume
1630581,Josh Giddey,166.6667,265.0000,0,4,0.0000,2149,33.8297,-33.8297,False,False,False,51.8500,0.0000,gray: insufficient exact-cell or nearby volume
1630581,Josh Giddey,166.6667,300.0000,0,0,,242,31.8182,,False,False,False,51.8500,0.0000,gray: insufficient exact-cell or nearby volume
1630581,Josh Giddey,194.4444,-50.0000,0,0,,233,36.9099,,False,False,False,51.8500,0.0000,gray: insufficient exact-cell or nearby volume
1630581,Josh Giddey,194.4444,-15.0000,0,11,54.5455,4021,38.3984,16.1470,False,False,False,51.8500,0.0000,gray: insufficient exact-cell or nearby volume
1630581,Josh Giddey,194.4444,20.0000,0,10,60.0000,7393,38.6176,21.3824,False,False,False,51.8500,0.0000,gray: insufficient exact-cell or nearby volume
1630581,Josh Giddey,194.4444,55.0000,0,3,0.0000,4550,38.8132,-38.8132,False,False,False,51.8500,0.0000,gray: insufficient exact-cell or nearby volume
1630581,Josh Giddey,194.4444,90.0000,0,3,33.3333,3284,36.9671,-3.6338,False,False,False,51.8500,0.0000,gray: insufficient exact-cell or nearby volume
1630581,Josh Giddey,194.4444,125.0000,0,7,85.7143,4709,36.1011,49.6132,False,False,False,51.8500,0.0000,gray: insufficient exact-cell or nearby volume
1630581,Josh Giddey,194.4444,160.0000,3,22,50.0000,7122,35.8326,14.1674,True,False,True,51.8500,0.2500,well above
1630581,Josh Giddey,194.4444,195.0000,2,22,31.8182,8268,35.2322,-3.4140,False,False,False,51.8500,0.0000,gray: insufficient exact-cell or nearby volume
1630581,Josh Giddey,194.4444,230.0000,0,11,36.3636,4244,34.5193,1.8443,False,False,False,51.8500,0.0000,gray: insufficient exact-cell or nearby volume
1630581,Josh Giddey,194.4444,265.0000,0,0,,548,31.7518,,False,False,False,51.8500,0.0000,gray: insufficient exact-cell or nearby volume
1630581,Josh Giddey,194.4444,300.0000,0,0,,89,22.4719,,False,False,False,51.8500,0.0000,gray: insufficient exact-cell or nearby volume
1630581,Josh Giddey,222.2222,-50.0000,0,4,25.0000,1234,37.8444,-12.8444,False,False,False,51.8500,0.0000,gray: insufficient exact-cell or nearby volume
1630581,Josh Giddey,222.2222,-15.0000,4,14,42.8571,6886,38.7598,4.0973,True,False,False,51.8500,0.2778,gray: insufficient exact-cell or nearby volume
1630581,Josh Giddey,222.2222,20.0000,3,15,40.0000,10223,38.7949,1.2051,True,False,False,51.8500,0.2500,gray: insufficient exact-cell or nearby volume
1630581,Josh Giddey,222.2222,55.0000,1,7,28.5714,7994,38.2412,-9.6698,False,False,False,51.8500,0.0000,gray: insufficient exact-cell or nearby volume
1630581,Josh Giddey,222.2222,90.0000,0,5,40.0000,4988,37.3296,2.6704,False,False,False,51.8500,0.0000,gray: insufficient exact-cell or nearby volume
1630581,Josh Giddey,222.2222,125.0000,1,6,100.0000,4637,35.8421,64.1579,False,False,False,51.8500,0.0000,gray: insufficient exact-cell or nearby volume
1630581,Josh Giddey,222.2222,160.0000,0,10,70.0000,5250,35.7905,34.2095,False,False,False,51.8500,0.0000,gray: insufficient exact-cell or nearby volume
1630581,Josh Giddey,222.2222,195.0000,0,8,37.5000,3472,35.5127,1.9873,False,False,False,51.8500,0.0000,gray: insufficient exact-cell or nearby volume
1630581,Josh Giddey,222.2222,230.0000,0,0,,544,33.6397,,False,False,False,51.8500,0.0000,gray: insufficient exact-cell or nearby volume
1630581,Josh Giddey,222.2222,265.0000,0,0,,93,19.3548,,False,False,False,51.8500,0.0000,gray: insufficient exact-cell or nearby volume
1630581,Josh Giddey,222.2222,300.0000,0,0,,26,15.3846,,False,False,False,51.8500,0.0000,gray: insufficient exact-cell or nearby volume
1630581,Josh Giddey,250.0000,-50.0000,0,2,0.0000,896,38.5045,-38.5045,False,False,False,51.8500,0.0000,gray: insufficient exact-cell or nearby volume
1630581,Josh Giddey,250.0000,-15.0000,0,14,42.8571,6290,38.7440,4.1131,False,False,False,51.8500,0.0000,gray: insufficient exact-cell or nearby volume
1630581,Josh Giddey,250.0000,20.0000,0,15,40.0000,9695,38.6488,1.3512,False,False,False,51.8500,0.0000,gray: insufficient exact-cell or nearby volume
1630581,Josh Giddey,250.0000,55.0000,0,5,20.0000,7108,38.2667,-18.2667,False,False,False,51.8500,0.0000,gray: insufficient exact-cell or nearby volume
1630581,Josh Giddey,250.0000,90.0000,0,4,25.0000,3963,37.4464,-12.4464,False,False,False,51.8500,0.0000,gray: insufficient exact-cell or nearby volume
1630581,Josh Giddey,250.0000,125.0000,0,3,100.0000,3014,34.8042,65.1958,False,False,False,51.8500,0.0000,gray: insufficient exact-cell or nearby volume
1630581,Josh Giddey,250.0000,160.0000,0,1,100.0000,1619,35.3305,64.6695,False,False,False,51.8500,0.0000,gray: insufficient exact-cell or nearby volume
1630581,Josh Giddey,250.0000,195.0000,0,0,,203,32.5123,,False,False,False,51.8500,0.0000,gray: insufficient exact-cell or nearby volume
1630581,Josh Giddey,250.0000,230.0000,0,0,,41,17.0732,,False,False,False,51.8500,0.0000,gray: insufficient exact-cell or nearby volume
1630581,Josh Giddey,250.0000,265.0000,0,0,,7,28.5714,,False,False,False,51.8500,0.0000,gray: insufficient exact-cell or nearby volume
1630581,Josh Giddey,250.0000,300.0000,0,0,,3,0.0000,,False,False,False,51.8500,0.0000,gray: insufficient exact-cell or nearby volume
1630581,Josh Giddey,-236.1111,-32.5000,2,14,28.5714,5868,39.1956,-10.6242,False,False,False,51.8500,0.0000,gray: insufficient exact-cell or nearby volume
1630581,Josh Giddey,-236.1111,2.5000,10,19,26.3158,10448,39.2898,-12.9740,True,False,False,51.8500,0.4392,gray: insufficient exact-cell or nearby volume
1630581,Josh Giddey,-236.1111,37.5000,2,16,31.2500,9971,38.5418,-7.2918,False,False,False,51.8500,0.0000,gray: insufficient exact-cell or nearby volume
1630581,Josh Giddey,-236.1111,72.5000,1,5,20.0000,5057,37.9474,-17.9474,False,False,False,51.8500,0.0000,gray: insufficient exact-cell or nearby volume
1630581,Josh Giddey,-236.1111,107.5000,1,8,37.5000,3966,36.7625,0.7375,False,False,False,51.8500,0.0000,gray: insufficient exact-cell or nearby volume
1630581,Josh Giddey,-236.1111,142.5000,1,14,35.7143,4718,36.6681,-0.9538,False,False,False,51.8500,0.0000,gray: insufficient exact-cell or nearby volume
1630581,Josh Giddey,-236.1111,177.5000,0,12,25.0000,3236,36.6502,-11.6502,False,False,False,51.8500,0.0000,gray: insufficient exact-cell or nearby volume
1630581,Josh Giddey,-236.1111,212.5000,0,0,,634,31.8612,,False,False,False,51.8500,0.0000,gray: insufficient exact-cell or nearby volume
1630581,Josh Giddey,-236.1111,247.5000,0,0,,111,25.2252,,False,False,False,51.8500,0.0000,gray: insufficient exact-cell or nearby volume
1630581,Josh Giddey,-236.1111,282.5000,0,0,,18,5.5556,,False,False,False,51.8500,0.0000,gray: insufficient exact-cell or nearby volume
1630581,Josh Giddey,-208.3333,-32.5000,0,12,25.0000,4650,39.2258,-14.2258,False,False,False,51.8500,0.0000,gray: insufficient exact-cell or nearby volume
1630581,Josh Giddey,-208.3333,2.5000,0,18,27.7778,10167,39.1659,-11.3882,False,False,False,51.8500,0.0000,gray: insufficient exact-cell or nearby volume
1630581,Josh Giddey,-208.3333,37.5000,0,12,25.0000,8971,38.6133,-13.6133,False,False,False,51.8500,0.0000,gray: insufficient exact-cell or nearby volume
1630581,Josh Giddey,-208.3333,72.5000,0,4,25.0000,4312,37.9870,-12.9870,False,False,False,51.8500,0.0000,gray: insufficient exact-cell or nearby volume
1630581,Josh Giddey,-208.3333,107.5000,0,12,50.0000,4536,36.9929,13.0071,False,False,False,51.8500,0.0000,gray: insufficient exact-cell or nearby volume
1630581,Josh Giddey,-208.3333,142.5000,6,21,23.8095,6815,36.8305,-13.0210,True,False,True,51.8500,0.3402,well below
1630581,Josh Giddey,-208.3333,177.5000,3,28,21.4286,8466,35.9792,-14.5506,True,False,True,51.8500,0.2500,well below
1630581,Josh Giddey,-208.3333,212.5000,0,12,33.3333,5268,34.2445,-0.9112,False,False,False,51.8500,0.0000,gray: insufficient exact-cell or nearby volume
1630581,Josh Giddey,-208.3333,247.5000,0,1,100.0000,872,32.4541,67.5459,False,False,False,51.8500,0.0000,gray: insufficient exact-cell or nearby volume
1630581,Josh Giddey,-208.3333,282.5000,0,0,,135,25.9259,,False,False,False,51.8500,0.0000,gray: insufficient exact-cell or nearby volume
1630581,Josh Giddey,-180.5556,-32.5000,0,1,0.0000,440,40.4545,-40.4545,False,False,False,51.8500,0.0000,gray: insufficient exact-cell or nearby volume
1630581,Josh Giddey,-180.5556,2.5000,0,2,0.0000,1716,39.1608,-39.1608,False,False,False,51.8500,0.0000,gray: insufficient exact-cell or nearby volume
1630581,Josh Giddey,-180.5556,37.5000,0,1,0.0000,1415,40.6360,-40.6360,False,False,False,51.8500,0.0000,gray: insufficient exact-cell or nearby volume
1630581,Josh Giddey,-180.5556,72.5000,0,2,50.0000,921,37.8936,12.1064,False,False,False,51.8500,0.0000,gray: insufficient exact-cell or nearby volume
1630581,Josh Giddey,-180.5556,107.5000,0,5,60.0000,2118,36.0246,23.9754,False,False,False,51.8500,0.0000,gray: insufficient exact-cell or nearby volume
1630581,Josh Giddey,-180.5556,142.5000,0,23,26.0870,6911,36.5649,-10.4779,False,False,False,51.8500,0.0000,gray: insufficient exact-cell or nearby volume
1630581,Josh Giddey,-180.5556,177.5000,6,41,39.0244,11114,35.9547,3.0697,True,False,True,51.8500,0.3402,above
1630581,Josh Giddey,-180.5556,212.5000,1,44,43.1818,11665,34.9679,8.2140,False,False,False,51.8500,0.0000,gray: insufficient exact-cell or nearby volume
1630581,Josh Giddey,-180.5556,247.5000,1,14,57.1429,4055,33.6868,23.4561,False,False,False,51.8500,0.0000,gray: insufficient exact-cell or nearby volume
1630581,Josh Giddey,-180.5556,282.5000,0,1,100.0000,515,32.4272,67.5728,False,False,False,51.8500,0.0000,gray: insufficient exact-cell or nearby volume
1630581,Josh Giddey,-152.7778,-32.5000,0,1,0.0000,519,40.2697,-40.2697,False,False,False,51.8500,0.0000,gray: insufficient exact-cell or nearby volume
1630581,Josh Giddey,-152.7778,2.5000,1,2,0.0000,1626,42.2509,-42.2509,False,False,False,51.8500,0.0000,gray: insufficient exact-cell or nearby volume
1630581,Josh Giddey,-152.7778,37.5000,0,2,0.0000,1913,41.0873,-41.0873,False,False,False,51.8500,0.0000,gray: insufficient exact-cell or nearby volume
1630581,Josh Giddey,-152.7778,72.5000,0,3,33.3333,1413,37.7919,-4.4586,False,False,False,51.8500,0.0000,gray: insufficient exact-cell or nearby volume
1630581,Josh Giddey,-152.7778,107.5000,0,3,33.3333,1366,35.9444,-2.6110,False,False,False,51.8500,0.0000,gray: insufficient exact-cell or nearby volume
1630581,Josh Giddey,-152.7778,142.5000,0,7,14.2857,2724,36.8576,-22.5718,False,False,False,51.8500,0.0000,gray: insufficient exact-cell or nearby volume
1630581,Josh Giddey,-152.7778,177.5000,1,41,43.9024,10611,35.7553,8.1471,False,False,False,51.8500,0.0000,gray: insufficient exact-cell or nearby volume
1630581,Josh Giddey,-152.7778,212.5000,14,57,40.3509,13684,34.9459,5.4050,True,False,True,51.8500,0.5196,above
1630581,Josh Giddey,-152.7778,247.5000,0,45,42.2222,9669,34.5537,7.6685,False,False,False,51.8500,0.0000,gray: insufficient exact-cell or nearby volume
1630581,Josh Giddey,-152.7778,282.5000,0,3,66.6667,1407,31.6986,34.9680,False,False,False,51.8500,0.0000,gray: insufficient exact-cell or nearby volume
1630581,Josh Giddey,-125.0000,-32.5000,0,0,,731,41.7237,,False,False,False,51.8500,0.0000,gray: insufficient exact-cell or nearby volume
1630581,Josh Giddey,-125.0000,2.5000,0,3,0.0000,2330,42.8326,-42.8326,False,False,False,51.8500,0.0000,gray: insufficient exact-cell or nearby volume
1630581,Josh Giddey,-125.0000,37.5000,1,4,25.0000,3117,42.2842,-17.2842,False,False,False,51.8500,0.0000,gray: insufficient exact-cell or nearby volume
1630581,Josh Giddey,-125.0000,72.5000,0,5,40.0000,2489,38.9715,1.0285,False,False,False,51.8500,0.0000,gray: insufficient exact-cell or nearby volume
1630581,Josh Giddey,-125.0000,107.5000,0,6,16.6667,2402,38.8843,-22.2176,False,False,False,51.8500,0.0000,gray: insufficient exact-cell or nearby volume
1630581,Josh Giddey,-125.0000,142.5000,1,4,0.0000,2265,39.3819,-39.3819,False,False,False,51.8500,0.0000,gray: insufficient exact-cell or nearby volume
1630581,Josh Giddey,-125.0000,177.5000,0,29,34.4828,5963,36.5085,-2.0257,False,False,False,51.8500,0.0000,gray: insufficient exact-cell or nearby volume
1630581,Josh Giddey,-125.0000,212.5000,8,56,41.0714,12686,35.0623,6.0092,True,False,True,51.8500,0.3928,above
1630581,Josh Giddey,-125.0000,247.5000,5,55,36.3636,11484,34.6047,1.7590,True,False,True,51.8500,0.3105,approximately average
1630581,Josh Giddey,-125.0000,282.5000,0,14,57.1429,3090,33.2039,23.9390,False,False,False,51.8500,0.0000,gray: insufficient exact-cell or nearby volume
1630581,Josh Giddey,-97.2222,-32.5000,0,0,,706,42.0680,,False,False,False,51.8500,0.0000,gray: insufficient exact-cell or nearby volume
1630581,Josh Giddey,-97.2222,2.5000,0,9,22.2222,3142,42.4889,-20.2666,False,False,False,51.8500,0.0000,gray: insufficient exact-cell or nearby volume
1630581,Josh Giddey,-97.2222,37.5000,0,14,35.7143,4744,42.3272,-6.6129,False,False,False,51.8500,0.0000,gray: insufficient exact-cell or nearby volume
1630581,Josh Giddey,-97.2222,72.5000,0,14,50.0000,4149,41.5763,8.4237,False,False,False,51.8500,0.0000,gray: insufficient exact-cell or nearby volume
1630581,Josh Giddey,-97.2222,107.5000,2,10,40.0000,3909,41.1870,-1.1870,False,False,False,51.8500,0.0000,gray: insufficient exact-cell or nearby volume
1630581,Josh Giddey,-97.2222,142.5000,0,8,25.0000,3432,41.2005,-16.2005,False,False,False,51.8500,0.0000,gray: insufficient exact-cell or nearby volume
1630581,Josh Giddey,-97.2222,177.5000,0,7,14.2857,2355,39.4480,-25.1623,False,False,False,51.8500,0.0000,gray: insufficient exact-cell or nearby volume
1630581,Josh Giddey,-97.2222,212.5000,0,42,33.3333,9261,35.1042,-1.7709,False,False,False,51.8500,0.0000,gray: insufficient exact-cell or nearby volume
1630581,Josh Giddey,-97.2222,247.5000,11,54,31.4815,10652,34.8479,-3.3664,True,False,True,51.8500,0.4606,below
1630581,Josh Giddey,-97.2222,282.5000,0,31,35.4839,4899,33.1904,2.2934,False,False,False,51.8500,0.0000,gray: insufficient exact-cell or nearby volume
1630581,Josh Giddey,-69.4444,-32.5000,0,3,33.3333,850,43.6471,-10.3137,False,False,False,51.8500,0.0000,gray: insufficient exact-cell or nearby volume
1630581,Josh Giddey,-69.4444,2.5000,2,25,52.0000,7940,46.4861,5.5139,False,False,False,51.8500,0.0000,gray: insufficient exact-cell or nearby volume
1630581,Josh Giddey,-69.4444,37.5000,4,34,50.0000,10461,42.6728,7.3272,True,False,True,51.8500,0.2778,above
1630581,Josh Giddey,-69.4444,72.5000,2,26,53.8462,7528,42.9596,10.8865,False,False,False,51.8500,0.0000,gray: insufficient exact-cell or nearby volume
1630581,Josh Giddey,-69.4444,107.5000,2,13,53.8462,6000,44.7167,9.1295,False,False,False,51.8500,0.0000,gray: insufficient exact-cell or nearby volume
1630581,Josh Giddey,-69.4444,142.5000,1,6,33.3333,4577,44.3085,-10.9752,False,False,False,51.8500,0.0000,gray: insufficient exact-cell or nearby volume
1630581,Josh Giddey,-69.4444,177.5000,2,3,0.0000,2462,41.1454,-41.1454,False,False,False,51.8500,0.0000,gray: insufficient exact-cell or nearby volume
1630581,Josh Giddey,-69.4444,212.5000,0,27,25.9259,5544,36.7244,-10.7985,False,False,False,51.8500,0.0000,gray: insufficient exact-cell or nearby volume
1630581,Josh Giddey,-69.4444,247.5000,10,48,31.2500,9115,35.3264,-4.0764,True,False,True,51.8500,0.4392,below
1630581,Josh Giddey,-69.4444,282.5000,1,34,35.2941,5978,34.7942,0.4999,False,False,False,51.8500,0.0000,gray: insufficient exact-cell or nearby volume
1630581,Josh Giddey,-41.6667,-32.5000,0,13,38.4615,4791,61.4068,-22.9453,False,False,False,51.8500,0.0000,gray: insufficient exact-cell or nearby volume
1630581,Josh Giddey,-41.6667,2.5000,1,141,59.5745,39856,64.3466,-4.7722,False,False,False,51.8500,0.0000,gray: insufficient exact-cell or nearby volume
1630581,Josh Giddey,-41.6667,37.5000,4,122,44.2623,31814,54.2057,-9.9434,True,False,True,51.8500,0.2778,well below
1630581,Josh Giddey,-41.6667,72.5000,3,58,50.0000,14774,44.7069,5.2931,True,False,True,51.8500,0.2500,above
1630581,Josh Giddey,-41.6667,107.5000,0,22,50.0000,9187,45.6188,4.3812,False,False,False,51.8500,0.0000,gray: insufficient exact-cell or nearby volume
1630581,Josh Giddey,-41.6667,142.5000,0,6,16.6667,6069,45.6253,-28.9586,False,False,False,51.8500,0.0000,gray: insufficient exact-cell or nearby volume
1630581,Josh Giddey,-41.6667,177.5000,0,3,0.0000,2889,41.7099,-41.7099,False,False,False,51.8500,0.0000,gray: insufficient exact-cell or nearby volume
1630581,Josh Giddey,-41.6667,212.5000,0,14,14.2857,3436,38.3877,-24.1019,False,False,False,51.8500,0.0000,gray: insufficient exact-cell or nearby volume
1630581,Josh Giddey,-41.6667,247.5000,7,41,29.2683,8676,35.8806,-6.6123,True,False,True,51.8500,0.3674,below
1630581,Josh Giddey,-41.6667,282.5000,2,29,37.9310,7039,35.4454,2.4857,False,False,False,51.8500,0.0000,gray: insufficient exact-cell or nearby volume
1630581,Josh Giddey,-13.8889,-32.5000,1,84,64.2857,25735,72.9435,-8.6577,False,False,False,51.8500,0.0000,gray: insufficient exact-cell or nearby volume
1630581,Josh Giddey,-13.8889,2.5000,45,223,56.9507,65230,65.7581,-8.8074,True,False,True,51.8500,0.9316,well below
1630581,Josh Giddey,-13.8889,37.5000,9,257,55.2529,71784,62.3078,-7.0548,True,False,True,51.8500,0.4166,below
1630581,Josh Giddey,-13.8889,72.5000,10,84,45.2381,23040,47.0269,-1.7888,True,False,True,51.8500,0.4392,approximately average
1630581,Josh Giddey,-13.8889,107.5000,2,41,53.6585,12801,46.4807,7.1778,False,False,False,51.8500,0.0000,gray: insufficient exact-cell or nearby volume
1630581,Josh Giddey,-13.8889,142.5000,3,10,40.0000,7405,46.3065,-6.3065,True,False,False,51.8500,0.2500,gray: insufficient exact-cell or nearby volume
1630581,Josh Giddey,-13.8889,177.5000,0,7,0.0000,3526,43.5337,-43.5337,False,False,False,51.8500,0.0000,gray: insufficient exact-cell or nearby volume
1630581,Josh Giddey,-13.8889,212.5000,1,15,13.3333,3171,38.3475,-25.0142,False,False,False,51.8500,0.0000,gray: insufficient exact-cell or nearby volume
1630581,Josh Giddey,-13.8889,247.5000,5,38,31.5789,8984,36.0307,-4.4518,True,False,True,51.8500,0.3105,below
1630581,Josh Giddey,-13.8889,282.5000,1,33,36.3636,8062,35.5495,0.8141,False,False,False,51.8500,0.0000,gray: insufficient exact-cell or nearby volume
1630581,Josh Giddey,13.8889,-32.5000,0,83,71.0843,26597,73.2752,-2.1908,False,False,False,51.8500,0.0000,gray: insufficient exact-cell or nearby volume
1630581,Josh Giddey,13.8889,2.5000,44,234,55.5556,66077,65.6855,-10.1299,True,False,True,51.8500,0.9212,well below
1630581,Josh Giddey,13.8889,37.5000,8,276,55.0725,73317,62.0716,-6.9991,True,False,True,51.8500,0.3928,below
1630581,Josh Giddey,13.8889,72.5000,10,100,46.0000,23782,46.6992,-0.6992,True,False,True,51.8500,0.4392,approximately average
1630581,Josh Giddey,13.8889,107.5000,3,45,53.3333,13169,46.3513,6.9821,True,False,True,51.8500,0.2500,above
1630581,Josh Giddey,13.8889,142.5000,0,14,35.7143,7460,46.4745,-10.7602,False,False,False,51.8500,0.0000,gray: insufficient exact-cell or nearby volume
1630581,Josh Giddey,13.8889,177.5000,1,6,16.6667,3489,44.0527,-27.3861,False,False,False,51.8500,0.0000,gray: insufficient exact-cell or nearby volume
1630581,Josh Giddey,13.8889,212.5000,1,16,12.5000,3190,38.3386,-25.8386,False,False,False,51.8500,0.0000,gray: insufficient exact-cell or nearby volume
1630581,Josh Giddey,13.8889,247.5000,9,35,37.1429,8959,36.0196,1.1232,True,False,True,51.8500,0.4166,approximately average
1630581,Josh Giddey,13.8889,282.5000,3,30,36.6667,8041,35.5180,1.1487,True,False,True,51.8500,0.2500,approximately average
1630581,Josh Giddey,41.6667,-32.5000,0,19,52.6316,5021,61.6610,-9.0294,False,False,False,51.8500,0.0000,gray: insufficient exact-cell or nearby volume
1630581,Josh Giddey,41.6667,2.5000,7,154,58.4416,43815,64.7130,-6.2714,True,False,True,51.8500,0.3674,below
1630581,Josh Giddey,41.6667,37.5000,7,145,43.4483,35921,55.0207,-11.5725,True,False,True,51.8500,0.3674,well below
1630581,Josh Giddey,41.6667,72.5000,4,73,49.3151,16397,44.4167,4.8984,True,False,True,51.8500,0.2778,above
1630581,Josh Giddey,41.6667,107.5000,0,33,48.4848,9744,45.6589,2.8260,False,False,False,51.8500,0.0000,gray: insufficient exact-cell or nearby volume
1630581,Josh Giddey,41.6667,142.5000,0,10,50.0000,6178,45.0308,4.9692,False,False,False,51.8500,0.0000,gray: insufficient exact-cell or nearby volume
1630581,Josh Giddey,41.6667,177.5000,0,5,20.0000,2826,43.4183,-23.4183,False,False,False,51.8500,0.0000,gray: insufficient exact-cell or nearby volume
1630581,Josh Giddey,41.6667,212.5000,1,14,64.2857,3360,36.7560,27.5298,False,False,False,51.8500,0.0000,gray: insufficient exact-cell or nearby volume
1630581,Josh Giddey,41.6667,247.5000,5,37,37.8378,8711,35.2543,2.5836,True,False,True,51.8500,0.3105,above
1630581,Josh Giddey,41.6667,282.5000,0,24,33.3333,7041,34.6968,-1.3634,False,False,False,51.8500,0.0000,gray: insufficient exact-cell or nearby volume
1630581,Josh Giddey,69.4444,-32.5000,0,9,33.3333,956,43.0962,-9.7629,False,False,False,51.8500,0.0000,gray: insufficient exact-cell or nearby volume
1630581,Josh Giddey,69.4444,2.5000,5,50,40.0000,9187,46.9468,-6.9468,True,False,True,51.8500,0.3105,below
1630581,Josh Giddey,69.4444,37.5000,8,64,45.3125,12283,43.5317,1.7808,True,False,True,51.8500,0.3928,approximately average
1630581,Josh Giddey,69.4444,72.5000,3,41,46.3415,8624,42.6832,3.6583,True,False,True,51.8500,0.2500,above
1630581,Josh Giddey,69.4444,107.5000,0,15,33.3333,6508,44.5144,-11.1811,False,False,False,51.8500,0.0000,gray: insufficient exact-cell or nearby volume
1630581,Josh Giddey,69.4444,142.5000,0,3,33.3333,4615,43.6403,-10.3070,False,False,False,51.8500,0.0000,gray: insufficient exact-cell or nearby volume
1630581,Josh Giddey,69.4444,177.5000,0,1,0.0000,2356,40.0255,-40.0255,False,False,False,51.8500,0.0000,gray: insufficient exact-cell or nearby volume
1630581,Josh Giddey,69.4444,212.5000,0,23,43.4783,5586,34.5686,8.9097,False,False,False,51.8500,0.0000,gray: insufficient exact-cell or nearby volume
1630581,Josh Giddey,69.4444,247.5000,9,33,42.4242,9261,34.3375,8.0867,True,False,True,51.8500,0.4166,well above
1630581,Josh Giddey,69.4444,282.5000,0,26,50.0000,6211,33.9237,16.0763,False,False,False,51.8500,0.0000,gray: insufficient exact-cell or nearby volume
1630581,Josh Giddey,97.2222,-32.5000,0,5,40.0000,750,44.2667,-4.2667,False,False,False,51.8500,0.0000,gray: insufficient exact-cell or nearby volume
1630581,Josh Giddey,97.2222,2.5000,0,20,40.0000,3349,43.2368,-3.2368,False,False,False,51.8500,0.0000,gray: insufficient exact-cell or nearby volume
1630581,Josh Giddey,97.2222,37.5000,2,22,45.4545,5229,42.3025,3.1520,False,False,False,51.8500,0.0000,gray: insufficient exact-cell or nearby volume
1630581,Josh Giddey,97.2222,72.5000,2,15,40.0000,4520,44.0708,-4.0708,False,False,False,51.8500,0.0000,gray: insufficient exact-cell or nearby volume
1630581,Josh Giddey,97.2222,107.5000,0,9,44.4444,4263,44.1004,0.3440,False,False,False,51.8500,0.0000,gray: insufficient exact-cell or nearby volume
1630581,Josh Giddey,97.2222,142.5000,0,3,0.0000,3511,42.2102,-42.2102,False,False,False,51.8500,0.0000,gray: insufficient exact-cell or nearby volume
1630581,Josh Giddey,97.2222,177.5000,0,4,0.0000,2164,37.8466,-37.8466,False,False,False,51.8500,0.0000,gray: insufficient exact-cell or nearby volume
1630581,Josh Giddey,97.2222,212.5000,0,36,38.8889,9255,34.5651,4.3238,False,False,False,51.8500,0.0000,gray: insufficient exact-cell or nearby volume
1630581,Josh Giddey,97.2222,247.5000,7,42,38.0952,10847,34.0647,4.0305,True,False,True,51.8500,0.3674,above
1630581,Josh Giddey,97.2222,282.5000,0,16,31.2500,5190,33.0443,-1.7943,False,False,False,51.8500,0.0000,gray: insufficient exact-cell or nearby volume
1630581,Josh Giddey,125.0000,-32.5000,0,2,0.0000,739,44.9256,-44.9256,False,False,False,51.8500,0.0000,gray: insufficient exact-cell or nearby volume
1630581,Josh Giddey,125.0000,2.5000,1,5,60.0000,2298,43.7772,16.2228,False,False,False,51.8500,0.0000,gray: insufficient exact-cell or nearby volume
1630581,Josh Giddey,125.0000,37.5000,0,8,62.5000,3075,43.2195,19.2805,False,False,False,51.8500,0.0000,gray: insufficient exact-cell or nearby volume
1630581,Josh Giddey,125.0000,72.5000,0,7,42.8571,2618,42.7044,0.1528,False,False,False,51.8500,0.0000,gray: insufficient exact-cell or nearby volume
1630581,Josh Giddey,125.0000,107.5000,0,3,33.3333,2572,43.6236,-10.2903,False,False,False,51.8500,0.0000,gray: insufficient exact-cell or nearby volume
1630581,Josh Giddey,125.0000,142.5000,0,2,0.0000,2301,41.6775,-41.6775,False,False,False,51.8500,0.0000,gray: insufficient exact-cell or nearby volume
1630581,Josh Giddey,125.0000,177.5000,0,18,22.2222,5121,35.9891,-13.7668,False,False,False,51.8500,0.0000,gray: insufficient exact-cell or nearby volume
1630581,Josh Giddey,125.0000,212.5000,8,40,32.5000,11804,34.3358,-1.8358,True,False,True,51.8500,0.3928,approximately average
1630581,Josh Giddey,125.0000,247.5000,2,42,38.0952,11287,34.0303,4.0649,False,False,False,51.8500,0.0000,gray: insufficient exact-cell or nearby volume
1630581,Josh Giddey,125.0000,282.5000,0,6,16.6667,2862,32.7044,-16.0377,False,False,False,51.8500,0.0000,gray: insufficient exact-cell or nearby volume
1630581,Josh Giddey,152.7778,-32.5000,0,0,,535,42.2430,,False,False,False,51.8500,0.0000,gray: insufficient exact-cell or nearby volume
1630581,Josh Giddey,152.7778,2.5000,0,2,50.0000,1509,43.6713,6.3287,False,False,False,51.8500,0.0000,gray: insufficient exact-cell or nearby volume
1630581,Josh Giddey,152.7778,37.5000,0,1,100.0000,1789,43.4880,56.5120,False,False,False,51.8500,0.0000,gray: insufficient exact-cell or nearby volume
1630581,Josh Giddey,152.7778,72.5000,0,2,50.0000,1385,42.0939,7.9061,False,False,False,51.8500,0.0000,gray: insufficient exact-cell or nearby volume
1630581,Josh Giddey,152.7778,107.5000,1,2,50.0000,1380,43.1159,6.8841,False,False,False,51.8500,0.0000,gray: insufficient exact-cell or nearby volume
1630581,Josh Giddey,152.7778,142.5000,0,5,20.0000,2311,37.9922,-17.9922,False,False,False,51.8500,0.0000,gray: insufficient exact-cell or nearby volume
1630581,Josh Giddey,152.7778,177.5000,0,33,30.3030,8750,35.3486,-5.0455,False,False,False,51.8500,0.0000,gray: insufficient exact-cell or nearby volume
1630581,Josh Giddey,152.7778,212.5000,7,44,31.8182,12007,34.6714,-2.8533,True,False,True,51.8500,0.3674,below
1630581,Josh Giddey,152.7778,247.5000,1,27,33.3333,9088,34.1439,-0.8106,False,False,False,51.8500,0.0000,gray: insufficient exact-cell or nearby volume
1630581,Josh Giddey,152.7778,282.5000,0,2,0.0000,1174,33.3901,-33.3901,False,False,False,51.8500,0.0000,gray: insufficient exact-cell or nearby volume
1630581,Josh Giddey,180.5556,-32.5000,0,0,,326,35.2761,,False,False,False,51.8500,0.0000,gray: insufficient exact-cell or nearby volume
1630581,Josh Giddey,180.5556,2.5000,0,2,100.0000,1462,38.5089,61.4911,False,False,False,51.8500,0.0000,gray: insufficient exact-cell or nearby volume
1630581,Josh Giddey,180.5556,37.5000,0,0,,1381,38.2332,,False,False,False,51.8500,0.0000,gray: insufficient exact-cell or nearby volume
1630581,Josh Giddey,180.5556,72.5000,0,1,100.0000,929,42.0883,57.9117,False,False,False,51.8500,0.0000,gray: insufficient exact-cell or nearby volume
1630581,Josh Giddey,180.5556,107.5000,0,5,100.0000,2004,36.9261,63.0739,False,False,False,51.8500,0.0000,gray: insufficient exact-cell or nearby volume
1630581,Josh Giddey,180.5556,142.5000,0,15,60.0000,5563,36.1136,23.8864,False,False,False,51.8500,0.0000,gray: insufficient exact-cell or nearby volume
1630581,Josh Giddey,180.5556,177.5000,6,25,36.0000,8799,35.5950,0.4050,True,False,True,51.8500,0.3402,approximately average
1630581,Josh Giddey,180.5556,212.5000,2,29,34.4828,9536,34.8993,-0.4166,False,False,False,51.8500,0.0000,gray: insufficient exact-cell or nearby volume
1630581,Josh Giddey,180.5556,247.5000,0,8,37.5000,3314,33.3736,4.1264,False,False,False,51.8500,0.0000,gray: insufficient exact-cell or nearby volume
1630581,Josh Giddey,180.5556,282.5000,0,0,,391,31.2020,,False,False,False,51.8500,0.0000,gray: insufficient exact-cell or nearby volume
1630581,Josh Giddey,208.3333,-32.5000,0,9,55.5556,3046,38.6408,16.9147,False,False,False,51.8500,0.0000,gray: insufficient exact-cell or nearby volume
1630581,Josh Giddey,208.3333,2.5000,0,14,42.8571,8522,38.3595,4.4976,False,False,False,51.8500,0.0000,gray: insufficient exact-cell or nearby volume
1630581,Josh Giddey,208.3333,37.5000,0,12,50.0000,9286,38.8003,11.1997,False,False,False,51.8500,0.0000,gray: insufficient exact-cell or nearby volume
1630581,Josh Giddey,208.3333,72.5000,0,4,25.0000,5224,38.1891,-13.1891,False,False,False,51.8500,0.0000,gray: insufficient exact-cell or nearby volume
1630581,Josh Giddey,208.3333,107.5000,0,7,71.4286,4557,35.7472,35.6814,False,False,False,51.8500,0.0000,gray: insufficient exact-cell or nearby volume
1630581,Josh Giddey,208.3333,142.5000,4,10,70.0000,5632,35.6357,34.3643,True,False,False,51.8500,0.2778,gray: insufficient exact-cell or nearby volume
1630581,Josh Giddey,208.3333,177.5000,0,19,52.6316,6658,35.3409,17.2906,False,False,False,51.8500,0.0000,gray: insufficient exact-cell or nearby volume
1630581,Josh Giddey,208.3333,212.5000,0,14,35.7143,4115,34.8238,0.8905,False,False,False,51.8500,0.0000,gray: insufficient exact-cell or nearby volume
1630581,Josh Giddey,208.3333,247.5000,0,1,0.0000,601,32.1131,-32.1131,False,False,False,51.8500,0.0000,gray: insufficient exact-cell or nearby volume
1630581,Josh Giddey,208.3333,282.5000,0,0,,106,25.4717,,False,False,False,51.8500,0.0000,gray: insufficient exact-cell or nearby volume
1630581,Josh Giddey,236.1111,-32.5000,0,12,41.6667,4116,39.2614,2.4052,False,False,False,51.8500,0.0000,gray: insufficient exact-cell or nearby volume
1630581,Josh Giddey,236.1111,2.5000,7,14,42.8571,8888,38.7489,4.1083,True,False,False,51.8500,0.3674,gray: insufficient exact-cell or nearby volume
1630581,Josh Giddey,236.1111,37.5000,0,15,40.0000,10116,38.7307,1.2693,False,False,False,51.8500,0.0000,gray: insufficient exact-cell or nearby volume
1630581,Josh Giddey,236.1111,72.5000,3,4,25.0000,5928,37.9386,-12.9386,True,False,False,51.8500,0.2500,gray: insufficient exact-cell or nearby volume
1630581,Josh Giddey,236.1111,107.5000,0,6,66.6667,4220,35.7583,30.9084,False,False,False,51.8500,0.0000,gray: insufficient exact-cell or nearby volume
1630581,Josh Giddey,236.1111,142.5000,0,6,100.0000,4091,35.3214,64.6786,False,False,False,51.8500,0.0000,gray: insufficient exact-cell or nearby volume
1630581,Josh Giddey,236.1111,177.5000,0,3,66.6667,2512,35.0717,31.5950,False,False,False,51.8500,0.0000,gray: insufficient exact-cell or nearby volume
1630581,Josh Giddey,236.1111,212.5000,0,0,,410,34.6341,,False,False,False,51.8500,0.0000,gray: insufficient exact-cell or nearby volume
1630581,Josh Giddey,236.1111,247.5000,0,0,,70,20.0000,,False,False,False,51.8500,0.0000,gray: insufficient exact-cell or nearby volume
1630581,Josh Giddey,236.1111,282.5000,0,0,,15,20.0000,,False,False,False,51.8500,0.0000,gray: insufficient exact-cell or nearby volume
