loc_x,loc_y,shot_made,shot_type,shot_zone,shot_distance,game_id,game_date,shot_zone_area
39,250,False,3PT,Above the Break 3,25,0020300072,20031107,Center(C)
-232,-9,False,3PT,Left Corner 3,23,0020300072,20031107,Left Side(L)
0,0,False,2PT,Restricted Area,0,0020300072,20031107,Center(C)
0,0,False,2PT,Restricted Area,0,0020300072,20031107,Center(C)
0,0,False,2PT,Restricted Area,0,0020300072,20031107,Center(C)
-108,164,True,2PT,Mid-Range,19,0020300072,20031107,Left Side Center(LC)
-202,151,False,3PT,Above the Break 3,25,0020300072,20031107,Left Side Center(LC)
0,0,False,2PT,Restricted Area,0,0020300072,20031107,Center(C)
0,0,False,2PT,Restricted Area,0,0020300072,20031107,Center(C)
0,0,False,2PT,Restricted Area,0,0020300072,20031107,Center(C)
0,0,False,2PT,Restricted Area,0,0020300079,20031108,Center(C)
161,187,True,3PT,Above the Break 3,24,0020300079,20031108,Right Side Center(RC)
115,100,True,2PT,Mid-Range,15,0020300079,20031108,Right Side(R)
130,209,True,3PT,Above the Break 3,24,0020300092,20031110,Right Side Center(RC)
-168,183,False,3PT,Above the Break 3,24,0020300092,20031110,Left Side Center(LC)
0,0,True,2PT,Restricted Area,0,0020300092,20031110,Center(C)
141,140,False,2PT,Mid-Range,19,0020300092,20031110,Right Side Center(RC)
0,0,False,2PT,Restricted Area,0,0020300092,20031110,Center(C)
0,0,True,2PT,Restricted Area,0,0020300092,20031110,Center(C)
-237,-1,False,3PT,Left Corner 3,23,0020300092,20031110,Left Side(L)
41,45,False,2PT,In The Paint (Non-RA),6,0020300103,20031112,Center(C)
-6,26,False,2PT,Restricted Area,2,0020300103,20031112,Center(C)
117,217,False,3PT,Above the Break 3,24,0020300103,20031112,Right Side Center(RC)
3,8,True,2PT,Restricted Area,0,0020300103,20031112,Center(C)
24,7,False,2PT,Restricted Area,2,0020300103,20031112,Center(C)
-69,232,True,3PT,Above the Break 3,24,0020300103,20031112,Center(C)
1,-3,True,2PT,Restricted Area,0,0020300103,20031112,Center(C)
154,197,True,3PT,Above the Break 3,25,0020300113,20031113,Right Side Center(RC)
-71,206,False,2PT,Mid-Range,21,0020300113,20031113,Left Side Center(LC)
0,0,False,2PT,Restricted Area,0,0020300113,20031113,Center(C)
107,225,True,3PT,Above the Break 3,24,0020300132,20031115,Right Side Center(RC)
-225,120,False,3PT,Above the Break 3,25,0020300132,20031115,Left Side Center(LC)
0,0,True,2PT,Restricted Area,0,0020300132,20031115,Center(C)
8,261,True,3PT,Above the Break 3,26,0020300132,20031115,Center(C)
0,0,True,2PT,Restricted Area,0,0020300132,20031115,Center(C)
-6,261,False,3PT,Above the Break 3,26,0020300150,20031118,Center(C)
0,0,False,2PT,Restricted Area,0,0020300150,20031118,Center(C)
-204,138,False,3PT,Above the Break 3,24,0020300150,20031118,Left Side Center(LC)
95,230,False,3PT,Above the Break 3,24,0020300150,20031118,Right Side Center(RC)
0,0,False,2PT,Restricted Area,0,0020300150,20031118,Center(C)
172,187,False,3PT,Above the Break 3,25,0020300150,20031118,Right Side Center(RC)
125,138,True,2PT,Mid-Range,18,0020300150,20031118,Right Side Center(RC)
15,258,True,3PT,Above the Break 3,25,0020300150,20031118,Center(C)
0,0,False,2PT,Restricted Area,0,0020300172,20031121,Center(C)
-235,-5,False,3PT,Left Corner 3,23,0020300172,20031121,Left Side(L)
0,0,True,2PT,Restricted Area,0,0020300185,20031123,Center(C)
169,71,False,2PT,Mid-Range,18,0020300185,20031123,Right Side(R)
227,26,False,3PT,Right Corner 3,22,0020300185,20031123,Right Side(R)
232,25,True,3PT,Right Corner 3,23,0020300185,20031123,Right Side(R)
0,0,True,2PT,Restricted Area,0,0020300185,20031123,Center(C)
-228,-8,True,3PT,Left Corner 3,22,0020300185,20031123,Left Side(L)
223,81,False,3PT,Right Corner 3,23,0020300195,20031125,Right Side(R)
171,95,False,2PT,Mid-Range,19,0020300195,20031125,Right Side(R)
-133,13,False,2PT,Mid-Range,13,0020300205,20031126,Left Side(L)
16,201,False,2PT,Mid-Range,20,0020300205,20031126,Center(C)
59,84,True,2PT,In The Paint (Non-RA),10,0020300205,20031126,Right Side(R)
107,220,False,3PT,Above the Break 3,24,0020300205,20031126,Right Side Center(RC)
64,22,True,2PT,In The Paint (Non-RA),6,0020300205,20031126,Center(C)
-87,233,True,3PT,Above the Break 3,24,0020300205,20031126,Left Side Center(LC)
-79,104,True,2PT,In The Paint (Non-RA),13,0020300205,20031126,Left Side(L)
149,169,False,2PT,Mid-Range,22,0020300237,20031201,Right Side Center(RC)
-187,161,False,3PT,Above the Break 3,24,0020300237,20031201,Left Side Center(LC)
113,51,True,2PT,Mid-Range,12,0020300237,20031201,Right Side(R)
8,225,False,2PT,Mid-Range,22,0020300237,20031201,Center(C)
0,0,False,2PT,Restricted Area,0,0020300237,20031201,Center(C)
-156,191,False,3PT,Above the Break 3,24,0020300237,20031201,Left Side Center(LC)
-125,122,False,2PT,Mid-Range,17,0020300237,20031201,Left Side Center(LC)
0,0,True,2PT,Restricted Area,0,0020300237,20031201,Center(C)
13,247,False,3PT,Above the Break 3,24,0020300237,20031201,Center(C)
0,0,False,2PT,Restricted Area,0,0020300237,20031201,Center(C)
0,0,True,2PT,Restricted Area,0,0020300257,20031204,Center(C)
-161,217,False,3PT,Above the Break 3,27,0020300257,20031204,Left Side Center(LC)
0,0,True,2PT,Restricted Area,0,0020300257,20031204,Center(C)
-6,204,True,2PT,Mid-Range,20,0020300257,20031204,Center(C)
-49,64,False,2PT,In The Paint (Non-RA),8,0020300257,20031204,Left Side(L)
5,270,True,3PT,Above the Break 3,27,0020300257,20031204,Center(C)
0,0,False,2PT,Restricted Area,0,0020300257,20031204,Center(C)
182,173,True,3PT,Above the Break 3,25,0020300257,20031204,Right Side Center(RC)
0,0,False,2PT,Restricted Area,0,0020300257,20031204,Center(C)
10,89,True,2PT,In The Paint (Non-RA),8,0020300274,20031206,Center(C)
-143,210,False,3PT,Above the Break 3,25,0020300274,20031206,Left Side Center(LC)
0,0,False,2PT,Restricted Area,0,0020300274,20031206,Center(C)
171,194,False,3PT,Above the Break 3,25,0020300274,20031206,Right Side Center(RC)
-64,99,True,2PT,In The Paint (Non-RA),11,0020300274,20031206,Left Side(L)
-20,242,False,3PT,Above the Break 3,24,0020300274,20031206,Center(C)
0,0,True,2PT,Restricted Area,0,0020300274,20031206,Center(C)
108,49,False,2PT,Mid-Range,11,0020300274,20031206,Right Side(R)
118,133,False,2PT,Mid-Range,17,0020300274,20031206,Right Side Center(RC)
-225,8,False,3PT,Left Corner 3,22,0020300274,20031206,Left Side(L)
-245,5,False,3PT,Left Corner 3,24,0020300274,20031206,Left Side(L)
0,0,False,2PT,Restricted Area,0,0020300274,20031206,Center(C)
117,311,False,3PT,Above the Break 3,33,0020300274,20031206,Right Side Center(RC)
113,222,False,3PT,Above the Break 3,24,0020300287,20031208,Right Side Center(RC)
5,258,True,3PT,Above the Break 3,25,0020300316,20031212,Center(C)
-186,186,False,3PT,Above the Break 3,26,0020300316,20031212,Left Side Center(LC)
235,-11,True,3PT,Right Corner 3,23,0020300316,20031212,Right Side(R)
151,214,True,3PT,Above the Break 3,26,0020300316,20031212,Right Side Center(RC)
0,0,True,2PT,Restricted Area,0,0020300316,20031212,Center(C)
205,163,True,3PT,Above the Break 3,26,0020300316,20031212,Right Side Center(RC)
0,0,False,2PT,Restricted Area,0,0020300316,20031212,Center(C)
-3,258,False,3PT,Above the Break 3,25,0020300324,20031213,Center(C)
-164,5,True,2PT,Mid-Range,16,0020300324,20031213,Left Side(L)
0,0,False,2PT,Restricted Area,0,0020300324,20031213,Center(C)
77,86,True,2PT,In The Paint (Non-RA),11,0020300324,20031213,Right Side(R)
0,0,False,2PT,Restricted Area,0,0020300324,20031213,Center(C)
-13,77,True,2PT,In The Paint (Non-RA),7,0020300324,20031213,Center(C)
-218,153,True,3PT,Above the Break 3,26,0020300324,20031213,Left Side Center(LC)
-5,258,True,3PT,Above the Break 3,25,0020300324,20031213,Center(C)
136,140,False,2PT,Mid-Range,19,0020300324,20031213,Right Side Center(RC)
-34,171,False,2PT,Mid-Range,17,0020300324,20031213,Center(C)
0,0,True,2PT,Restricted Area,0,0020300324,20031213,Center(C)
159,186,True,3PT,Above the Break 3,24,0020300343,20031216,Right Side Center(RC)
0,0,True,2PT,Restricted Area,0,0020300343,20031216,Center(C)
-192,0,False,2PT,Mid-Range,19,0020300343,20031216,Left Side(L)
-217,148,True,3PT,Above the Break 3,26,0020300343,20031216,Left Side Center(LC)
164,207,False,3PT,Above the Break 3,26,0020300343,20031216,Right Side Center(RC)
-103,253,False,3PT,Above the Break 3,27,0020300343,20031216,Left Side Center(LC)
110,233,False,3PT,Above the Break 3,25,0020300343,20031216,Right Side Center(RC)
105,233,True,3PT,Above the Break 3,25,0020300343,20031216,Right Side Center(RC)
0,0,True,2PT,Restricted Area,0,0020300343,20031216,Center(C)
-140,204,True,3PT,Above the Break 3,24,0020300343,20031216,Left Side Center(LC)
-159,186,True,3PT,Above the Break 3,24,0020300343,20031216,Left Side Center(LC)
-223,137,False,3PT,Above the Break 3,26,0020300352,20031217,Left Side Center(LC)
164,54,False,2PT,Mid-Range,17,0020300352,20031217,Right Side(R)
0,0,False,2PT,Restricted Area,0,0020300352,20031217,Center(C)
105,145,True,2PT,Mid-Range,17,0020300352,20031217,Right Side Center(RC)
-189,181,False,3PT,Above the Break 3,26,0020300352,20031217,Left Side Center(LC)
-100,243,False,3PT,Above the Break 3,26,0020300352,20031217,Left Side Center(LC)
233,56,True,3PT,Right Corner 3,23,0020300352,20031217,Right Side(R)
149,84,False,2PT,Mid-Range,17,0020300352,20031217,Right Side(R)
-168,220,False,3PT,Above the Break 3,27,0020300352,20031217,Left Side Center(LC)
-174,187,False,3PT,Above the Break 3,25,0020300374,20031220,Left Side Center(LC)
-140,59,True,2PT,Mid-Range,15,0020300374,20031220,Left Side(L)
-89,153,True,2PT,Mid-Range,17,0020300374,20031220,Left Side Center(LC)
-90,202,True,2PT,Mid-Range,22,0020300374,20031220,Left Side Center(LC)
-138,58,False,2PT,Mid-Range,14,0020300374,20031220,Left Side(L)
-131,222,False,3PT,Above the Break 3,25,0020300374,20031220,Left Side Center(LC)
-149,219,False,3PT,Above the Break 3,26,0020300374,20031220,Left Side Center(LC)
-100,125,False,2PT,Mid-Range,16,0020300374,20031220,Left Side Center(LC)
-145,95,False,2PT,Mid-Range,17,0020300374,20031220,Left Side(L)
0,0,False,2PT,Restricted Area,0,0020300374,20031220,Center(C)
-141,94,True,2PT,Mid-Range,16,0020300374,20031220,Left Side(L)
213,146,False,3PT,Above the Break 3,25,0020300374,20031220,Right Side Center(RC)
0,0,False,2PT,Restricted Area,0,0020300387,20031222,Center(C)
-113,161,True,2PT,Mid-Range,19,0020300387,20031222,Left Side Center(LC)
-153,100,True,2PT,Mid-Range,18,0020300387,20031222,Left Side(L)
0,0,True,2PT,Restricted Area,0,0020300387,20031222,Center(C)
-174,174,False,3PT,Above the Break 3,24,0020300387,20031222,Left Side Center(LC)
-5,253,False,3PT,Above the Break 3,25,0020300387,20031222,Center(C)
-218,118,False,3PT,Above the Break 3,24,0020300387,20031222,Left Side Center(LC)
0,63,True,2PT,In The Paint (Non-RA),6,0020300387,20031222,Center(C)
-187,160,True,3PT,Above the Break 3,24,0020300387,20031222,Left Side Center(LC)
167,212,False,3PT,Above the Break 3,26,0020300387,20031222,Right Side Center(RC)
62,171,False,2PT,Mid-Range,18,0020300387,20031222,Right Side Center(RC)
236,-16,False,3PT,Right Corner 3,23,0020300387,20031222,Right Side(R)
15,46,True,2PT,In The Paint (Non-RA),4,0020300391,20031223,Center(C)
-59,8,True,2PT,In The Paint (Non-RA),5,0020300391,20031223,Center(C)
72,233,True,3PT,Above the Break 3,24,0020300391,20031223,Center(C)
0,0,True,2PT,Restricted Area,0,0020300391,20031223,Center(C)
136,130,False,2PT,Mid-Range,18,0020300391,20031223,Right Side Center(RC)
135,209,False,3PT,Above the Break 3,24,0020300391,20031223,Right Side Center(RC)
41,46,True,2PT,In The Paint (Non-RA),6,0020300391,20031223,Center(C)
51,18,False,2PT,In The Paint (Non-RA),5,0020300391,20031223,Center(C)
-66,59,False,2PT,In The Paint (Non-RA),8,0020300391,20031223,Left Side(L)
0,0,True,2PT,Restricted Area,0,0020300391,20031223,Center(C)
102,72,False,2PT,Mid-Range,12,0020300391,20031223,Right Side(R)
0,0,True,2PT,Restricted Area,0,0020300391,20031223,Center(C)
-228,-5,False,3PT,Left Corner 3,22,0020300391,20031223,Left Side(L)
-233,66,False,3PT,Left Corner 3,24,0020300391,20031223,Left Side(L)
117,133,False,2PT,Mid-Range,17,0020300405,20031226,Right Side Center(RC)
-2,-1,False,2PT,Restricted Area,0,0020300405,20031226,Center(C)
-110,166,False,2PT,Mid-Range,19,0020300405,20031226,Left Side Center(LC)
-8,5,False,2PT,Restricted Area,0,0020300405,20031226,Center(C)
145,210,True,3PT,Above the Break 3,25,0020300405,20031226,Right Side Center(RC)
-240,-29,True,3PT,Left Corner 3,24,0020300405,20031226,Left Side(L)
23,5,False,2PT,Restricted Area,2,0020300405,20031226,Center(C)
-130,109,False,2PT,Mid-Range,16,0020300405,20031226,Left Side Center(LC)
128,210,True,3PT,Above the Break 3,24,0020300405,20031226,Right Side Center(RC)
167,183,False,3PT,Above the Break 3,24,0020300405,20031226,Right Side Center(RC)
164,181,False,3PT,Above the Break 3,24,0020300405,20031226,Right Side Center(RC)
-99,243,False,3PT,Above the Break 3,26,0020300420,20031227,Left Side Center(LC)
-210,145,False,3PT,Above the Break 3,25,0020300420,20031227,Left Side Center(LC)
-112,112,True,2PT,Mid-Range,15,0020300420,20031227,Left Side(L)
227,-3,True,3PT,Right Corner 3,22,0020300420,20031227,Right Side(R)
-133,77,False,2PT,Mid-Range,15,0020300420,20031227,Left Side(L)
-11,260,False,3PT,Above the Break 3,26,0020300420,20031227,Center(C)
-66,253,False,3PT,Above the Break 3,26,0020300420,20031227,Center(C)
182,176,False,3PT,Above the Break 3,25,0020300420,20031227,Right Side Center(RC)
-235,20,False,3PT,Left Corner 3,23,0020300420,20031227,Left Side(L)
0,0,False,2PT,Restricted Area,0,0020300420,20031227,Center(C)
-113,174,True,2PT,Mid-Range,20,0020300434,20031229,Left Side Center(LC)
-145,194,False,3PT,Above the Break 3,24,0020300434,20031229,Left Side Center(LC)
-138,196,True,3PT,Above the Break 3,23,0020300434,20031229,Left Side Center(LC)
-171,-3,False,2PT,Mid-Range,17,0020300434,20031229,Left Side(L)
62,243,True,3PT,Above the Break 3,25,0020300434,20031229,Center(C)
0,0,False,2PT,Restricted Area,0,0020300434,20031229,Center(C)
-227,8,True,3PT,Left Corner 3,22,0020300434,20031229,Left Side(L)
-128,35,True,2PT,Mid-Range,13,0020300434,20031229,Left Side(L)
94,229,True,3PT,Above the Break 3,24,0020300434,20031229,Right Side Center(RC)
43,252,False,3PT,Above the Break 3,25,0020300442,20031230,Center(C)
-240,17,True,3PT,Left Corner 3,24,0020300442,20031230,Left Side(L)
128,206,False,3PT,Above the Break 3,24,0020300442,20031230,Right Side Center(RC)
-225,12,False,3PT,Left Corner 3,22,0020300442,20031230,Left Side(L)
121,7,False,2PT,Mid-Range,12,0020300442,20031230,Right Side(R)
-3,247,True,3PT,Above the Break 3,24,0020300442,20031230,Center(C)
-13,243,True,3PT,Above the Break 3,24,0020300442,20031230,Center(C)
-182,166,False,3PT,Above the Break 3,24,0020300442,20031230,Left Side Center(LC)
-8,46,False,2PT,In The Paint (Non-RA),4,0020300442,20031230,Center(C)
146,115,False,2PT,Mid-Range,18,0020300442,20031230,Right Side Center(RC)
0,0,True,2PT,Restricted Area,0,0020300442,20031230,Center(C)
-138,207,False,3PT,Above the Break 3,24,0020300442,20031230,Left Side Center(LC)
0,0,False,2PT,Restricted Area,0,0020300442,20031230,Center(C)
-131,160,False,2PT,Mid-Range,20,0020300442,20031230,Left Side Center(LC)
189,2,True,2PT,Mid-Range,18,0020300442,20031230,Right Side(R)
0,137,False,2PT,In The Paint (Non-RA),13,0020300454,20040102,Center(C)
144,100,True,2PT,Mid-Range,17,0020300454,20040102,Right Side(R)
131,133,False,2PT,Mid-Range,18,0020300454,20040102,Right Side Center(RC)
62,49,True,2PT,In The Paint (Non-RA),7,0020300454,20040102,Center(C)
123,114,False,2PT,Mid-Range,16,0020300454,20040102,Right Side Center(RC)
39,238,True,3PT,Above the Break 3,24,0020300454,20040102,Center(C)
0,0,True,2PT,Restricted Area,0,0020300454,20040102,Center(C)
-128,206,False,3PT,Above the Break 3,24,0020300454,20040102,Left Side Center(LC)
0,0,True,2PT,Restricted Area,0,0020300454,20040102,Center(C)
184,169,False,3PT,Above the Break 3,24,0020300454,20040102,Right Side Center(RC)
-84,160,True,2PT,Mid-Range,18,0020300454,20040102,Left Side Center(LC)
0,0,True,2PT,Restricted Area,0,0020300468,20040103,Center(C)
-23,255,False,3PT,Above the Break 3,25,0020300468,20040103,Center(C)
243,-9,False,3PT,Right Corner 3,24,0020300468,20040103,Right Side(R)
141,217,False,3PT,Above the Break 3,25,0020300468,20040103,Right Side Center(RC)
192,169,False,3PT,Above the Break 3,25,0020300468,20040103,Right Side Center(RC)
153,79,False,2PT,Mid-Range,17,0020300468,20040103,Right Side(R)
-233,71,False,3PT,Left Corner 3,24,0020300468,20040103,Left Side(L)
-113,61,False,2PT,Mid-Range,12,0020300468,20040103,Left Side(L)
0,0,True,2PT,Restricted Area,0,0020300468,20040103,Center(C)
-184,160,False,3PT,Above the Break 3,24,0020300480,20040105,Left Side Center(LC)
-154,189,True,3PT,Above the Break 3,24,0020300480,20040105,Left Side Center(LC)
0,0,True,2PT,Restricted Area,0,0020300480,20040105,Center(C)
0,0,False,2PT,Restricted Area,0,0020300480,20040105,Center(C)
-176,186,False,3PT,Above the Break 3,25,0020300480,20040105,Left Side Center(LC)
151,130,True,2PT,Mid-Range,19,0020300480,20040105,Right Side Center(RC)
100,224,False,3PT,Above the Break 3,24,0020300480,20040105,Right Side Center(RC)
164,189,True,3PT,Above the Break 3,25,0020300480,20040105,Right Side Center(RC)
-100,8,False,2PT,Mid-Range,10,0020300480,20040105,Left Side(L)
-227,5,True,3PT,Left Corner 3,22,0020300480,20040105,Left Side(L)
0,0,False,2PT,Restricted Area,0,0020300480,20040105,Center(C)
-241,-9,False,3PT,Left Corner 3,24,0020300480,20040105,Left Side(L)
74,164,False,2PT,Mid-Range,17,0020300480,20040105,Right Side Center(RC)
-227,61,False,3PT,Left Corner 3,23,0020300480,20040105,Left Side(L)
-212,140,True,3PT,Above the Break 3,25,0020300480,20040105,Left Side Center(LC)
0,0,True,2PT,Restricted Area,0,0020300480,20040105,Center(C)
51,258,False,3PT,Above the Break 3,26,0020300480,20040105,Center(C)
16,247,False,3PT,Above the Break 3,24,0020300480,20040105,Center(C)
194,33,False,2PT,Mid-Range,19,0020300480,20040105,Right Side(R)
-57,196,True,2PT,Mid-Range,20,0020300495,20040107,Center(C)
151,122,False,2PT,Mid-Range,19,0020300495,20040107,Right Side Center(RC)
0,0,True,2PT,Restricted Area,0,0020300495,20040107,Center(C)
-28,36,False,2PT,In The Paint (Non-RA),4,0020300495,20040107,Center(C)
66,235,False,3PT,Above the Break 3,24,0020300495,20040107,Center(C)
-36,17,False,2PT,Restricted Area,3,0020300495,20040107,Center(C)
112,130,True,2PT,Mid-Range,17,0020300495,20040107,Right Side Center(RC)
-140,141,False,2PT,Mid-Range,19,0020300495,20040107,Left Side Center(LC)
223,104,False,3PT,Above the Break 3,24,0020300495,20040107,Right Side Center(RC)
154,192,False,3PT,Above the Break 3,24,0020300495,20040107,Right Side Center(RC)
118,215,False,3PT,Above the Break 3,24,0020300511,20040109,Right Side Center(RC)
102,224,True,3PT,Above the Break 3,24,0020300511,20040109,Right Side Center(RC)
-228,30,False,3PT,Left Corner 3,22,0020300511,20040109,Left Side(L)
108,130,False,2PT,Mid-Range,16,0020300511,20040109,Right Side Center(RC)
-243,-1,True,3PT,Left Corner 3,24,0020300511,20040109,Left Side(L)
-140,220,False,3PT,Above the Break 3,26,0020300511,20040109,Left Side Center(LC)
148,220,True,3PT,Above the Break 3,26,0020300511,20040109,Right Side Center(RC)
-241,-1,False,3PT,Left Corner 3,24,0020300511,20040109,Left Side(L)
-209,151,False,3PT,Above the Break 3,25,0020300511,20040109,Left Side Center(LC)
156,30,True,2PT,Mid-Range,15,0020300511,20040109,Right Side(R)
-243,0,False,3PT,Left Corner 3,24,0020300511,20040109,Left Side(L)
0,0,False,2PT,Restricted Area,0,0020300511,20040109,Center(C)
117,-8,False,2PT,Mid-Range,11,0020300511,20040109,Right Side(R)
121,18,False,2PT,Mid-Range,12,0020300511,20040109,Right Side(R)
0,0,False,2PT,Restricted Area,0,0020300520,20040110,Center(C)
126,15,False,2PT,Mid-Range,12,0020300520,20040110,Right Side(R)
-2,201,True,2PT,Mid-Range,20,0020300520,20040110,Center(C)
113,110,True,2PT,Mid-Range,15,0020300520,20040110,Right Side(R)
-174,171,True,3PT,Above the Break 3,24,0020300520,20040110,Left Side Center(LC)
125,150,False,2PT,Mid-Range,19,0020300520,20040110,Right Side Center(RC)
-141,219,False,3PT,Above the Break 3,26,0020300520,20040110,Left Side Center(LC)
123,46,True,2PT,Mid-Range,13,0020300520,20040110,Right Side(R)
1,158,True,2PT,Mid-Range,15,0020300520,20040110,Center(C)
-238,-9,False,3PT,Left Corner 3,23,0020300520,20040110,Left Side(L)
-120,209,True,3PT,Above the Break 3,24,0020300537,20040113,Left Side Center(LC)
43,17,False,2PT,In The Paint (Non-RA),4,0020300537,20040113,Center(C)
-74,128,True,2PT,In The Paint (Non-RA),14,0020300537,20040113,Left Side(L)
-82,247,False,3PT,Above the Break 3,26,0020300537,20040113,Left Side Center(LC)
100,151,True,2PT,Mid-Range,18,0020300537,20040113,Right Side Center(RC)
153,199,False,3PT,Above the Break 3,25,0020300537,20040113,Right Side Center(RC)
-15,51,True,2PT,In The Paint (Non-RA),5,0020300537,20040113,Center(C)
133,206,True,3PT,Above the Break 3,24,0020300537,20040113,Right Side Center(RC)
232,-6,True,3PT,Right Corner 3,23,0020300537,20040113,Right Side(R)
167,192,True,3PT,Above the Break 3,25,0020300537,20040113,Right Side Center(RC)
131,204,False,3PT,Above the Break 3,24,0020300553,20040115,Right Side Center(RC)
57,91,False,2PT,In The Paint (Non-RA),10,0020300553,20040115,Right Side(R)
-182,-6,False,2PT,Mid-Range,18,0020300553,20040115,Left Side(L)
144,212,True,3PT,Above the Break 3,25,0020300553,20040115,Right Side Center(RC)
0,0,True,2PT,Restricted Area,0,0020300553,20040115,Center(C)
-166,191,False,3PT,Above the Break 3,25,0020300553,20040115,Left Side Center(LC)
0,0,True,2PT,Restricted Area,0,0020300553,20040115,Center(C)
-153,204,True,3PT,Above the Break 3,25,0020300571,20040117,Left Side Center(LC)
0,257,True,3PT,Above the Break 3,25,0020300571,20040117,Center(C)
-143,199,False,3PT,Above the Break 3,24,0020300571,20040117,Left Side Center(LC)
-28,133,True,2PT,In The Paint (Non-RA),13,0020300571,20040117,Center(C)
-56,43,False,2PT,In The Paint (Non-RA),7,0020300571,20040117,Center(C)
-31,171,False,2PT,Mid-Range,17,0020300571,20040117,Center(C)
110,240,False,3PT,Above the Break 3,26,0020300571,20040117,Right Side Center(RC)
36,81,False,2PT,In The Paint (Non-RA),8,0020300571,20040117,Center(C)
-89,164,False,2PT,Mid-Range,18,0020300571,20040117,Left Side Center(LC)
71,56,False,2PT,In The Paint (Non-RA),9,0020300571,20040117,Right Side(R)
-85,255,True,3PT,Above the Break 3,26,0020300571,20040117,Left Side Center(LC)
-31,10,False,2PT,Restricted Area,3,0020300580,20040119,Center(C)
-145,209,True,3PT,Above the Break 3,25,0020300580,20040119,Left Side Center(LC)
46,87,True,2PT,In The Paint (Non-RA),9,0020300580,20040119,Center(C)
-16,84,False,2PT,In The Paint (Non-RA),8,0020300580,20040119,Center(C)
1,-8,True,2PT,Restricted Area,0,0020300580,20040119,Center(C)
-2,18,True,2PT,Restricted Area,1,0020300580,20040119,Center(C)
-238,0,True,3PT,Left Corner 3,23,0020300580,20040119,Left Side(L)
215,133,True,3PT,Above the Break 3,25,0020300580,20040119,Right Side Center(RC)
-33,22,False,2PT,Restricted Area,3,0020300580,20040119,Center(C)
100,117,False,2PT,Mid-Range,15,0020300580,20040119,Right Side(R)
43,18,False,2PT,In The Paint (Non-RA),4,0020300580,20040119,Center(C)
149,207,False,3PT,Above the Break 3,25,0020300580,20040119,Right Side Center(RC)
-18,201,False,2PT,Mid-Range,20,0020300597,20040121,Center(C)
120,130,False,2PT,Mid-Range,17,0020300597,20040121,Right Side Center(RC)
0,0,True,2PT,Restricted Area,0,0020300597,20040121,Center(C)
-176,179,False,3PT,Above the Break 3,25,0020300597,20040121,Left Side Center(LC)
130,31,False,2PT,Mid-Range,13,0020300597,20040121,Right Side(R)
-117,224,False,3PT,Above the Break 3,25,0020300597,20040121,Left Side Center(LC)
-235,49,False,3PT,Left Corner 3,24,0020300597,20040121,Left Side(L)
0,0,True,2PT,Restricted Area,0,0020300616,20040123,Center(C)
123,224,False,3PT,Above the Break 3,25,0020300616,20040123,Right Side Center(RC)
207,122,False,3PT,Above the Break 3,24,0020300616,20040123,Right Side Center(RC)
-163,411,False,3PT,Above the Break 3,44,0020300616,20040123,Back Court(BC)
-218,143,True,3PT,Above the Break 3,26,0020300616,20040123,Left Side Center(LC)
-164,10,False,2PT,Mid-Range,16,0020300616,20040123,Left Side(L)
85,396,False,3PT,Above the Break 3,40,0020300616,20040123,Center(C)
-153,210,True,3PT,Above the Break 3,25,0020300616,20040123,Left Side Center(LC)
-148,210,True,3PT,Above the Break 3,25,0020300616,20040123,Left Side Center(LC)
110,217,True,3PT,Above the Break 3,24,0020300616,20040123,Right Side Center(RC)
167,186,True,3PT,Above the Break 3,24,0020300616,20040123,Right Side Center(RC)
228,-24,False,3PT,Right Corner 3,22,0020300616,20040123,Right Side(R)
-179,189,False,3PT,Above the Break 3,26,0020300616,20040123,Left Side Center(LC)
-161,155,True,2PT,Mid-Range,22,0020300616,20040123,Left Side Center(LC)
-2,242,False,3PT,Above the Break 3,24,0020300616,20040123,Center(C)
0,0,True,2PT,Restricted Area,0,0020300616,20040123,Center(C)
172,5,True,2PT,Mid-Range,17,0020300616,20040123,Right Side(R)
-140,-3,False,2PT,Mid-Range,14,0020300616,20040123,Left Side(L)
102,120,False,2PT,Mid-Range,15,0020300629,20040125,Right Side(R)
-233,10,True,3PT,Left Corner 3,23,0020300629,20040125,Left Side(L)
-212,140,False,3PT,Above the Break 3,25,0020300629,20040125,Left Side Center(LC)
146,199,True,3PT,Above the Break 3,24,0020300629,20040125,Right Side Center(RC)
-67,46,False,2PT,In The Paint (Non-RA),8,0020300629,20040125,Left Side(L)
0,0,True,2PT,Restricted Area,0,0020300629,20040125,Center(C)
199,135,False,3PT,Above the Break 3,24,0020300629,20040125,Right Side Center(RC)
0,0,False,2PT,Restricted Area,0,0020300629,20040125,Center(C)
-108,155,False,2PT,Mid-Range,18,0020300629,20040125,Left Side Center(LC)
0,0,False,2PT,Restricted Area,0,0020300629,20040125,Center(C)
-57,189,False,2PT,Mid-Range,19,0020300629,20040125,Center(C)
-39,250,True,3PT,Above the Break 3,25,0020300629,20040125,Center(C)
0,77,False,2PT,In The Paint (Non-RA),7,0020300629,20040125,Center(C)
-120,114,False,2PT,Mid-Range,16,0020300644,20040127,Left Side Center(LC)
-204,-23,True,2PT,Mid-Range,20,0020300644,20040127,Left Side(L)
10,145,False,2PT,Mid-Range,14,0020300644,20040127,Center(C)
-118,224,True,3PT,Above the Break 3,25,0020300644,20040127,Left Side Center(LC)
0,0,True,2PT,Restricted Area,0,0020300644,20040127,Center(C)
0,0,False,2PT,Restricted Area,0,0020300644,20040127,Center(C)
-235,2,False,3PT,Left Corner 3,23,0020300644,20040127,Left Side(L)
0,0,True,2PT,Restricted Area,0,0020300653,20040128,Center(C)
-31,168,True,2PT,Mid-Range,17,0020300653,20040128,Center(C)
-197,141,False,3PT,Above the Break 3,24,0020300653,20040128,Left Side Center(LC)
20,51,False,2PT,In The Paint (Non-RA),5,0020300653,20040128,Center(C)
115,125,True,2PT,Mid-Range,16,0020300653,20040128,Right Side Center(RC)
-10,123,False,2PT,In The Paint (Non-RA),12,0020300653,20040128,Center(C)
149,192,False,3PT,Above the Break 3,24,0020300653,20040128,Right Side Center(RC)
186,155,False,3PT,Above the Break 3,24,0020300653,20040128,Right Side Center(RC)
-192,168,False,3PT,Above the Break 3,25,0020300653,20040128,Left Side Center(LC)
5,207,False,2PT,Mid-Range,20,0020300653,20040128,Center(C)
15,41,False,2PT,In The Paint (Non-RA),4,0020300668,20040130,Center(C)
64,82,False,2PT,In The Paint (Non-RA),10,0020300668,20040130,Right Side(R)
56,145,True,2PT,Mid-Range,15,0020300668,20040130,Center(C)
-56,38,False,2PT,In The Paint (Non-RA),6,0020300668,20040130,Center(C)
110,110,False,2PT,Mid-Range,15,0020300678,20040131,Right Side(R)
-75,158,False,2PT,Mid-Range,17,0020300678,20040131,Left Side Center(LC)
-220,122,True,3PT,Above the Break 3,25,0020300678,20040131,Left Side Center(LC)
0,0,False,2PT,Restricted Area,0,0020300678,20040131,Center(C)
223,97,True,3PT,Above the Break 3,24,0020300678,20040131,Right Side Center(RC)
10,158,True,2PT,Mid-Range,15,0020300678,20040131,Center(C)
0,0,True,2PT,Restricted Area,0,0020300678,20040131,Center(C)
121,135,False,2PT,Mid-Range,18,0020300678,20040131,Right Side Center(RC)
179,20,False,2PT,Mid-Range,18,0020300678,20040131,Right Side(R)
0,0,True,2PT,Restricted Area,0,0020300678,20040131,Center(C)
126,219,False,3PT,Above the Break 3,25,0020300678,20040131,Right Side Center(RC)
-79,82,False,2PT,In The Paint (Non-RA),11,0020300678,20040131,Left Side(L)
0,0,False,2PT,Restricted Area,0,0020300678,20040131,Center(C)
-212,137,False,3PT,Above the Break 3,25,0020300678,20040131,Left Side Center(LC)
-130,220,False,3PT,Above the Break 3,25,0020300678,20040131,Left Side Center(LC)
-189,161,False,3PT,Above the Break 3,24,0020300678,20040131,Left Side Center(LC)
232,2,False,3PT,Right Corner 3,23,0020300678,20040131,Right Side(R)
187,174,False,3PT,Above the Break 3,25,0020300691,20040202,Right Side Center(RC)
0,0,True,2PT,Restricted Area,0,0020300691,20040202,Center(C)
-182,187,True,3PT,Above the Break 3,26,0020300691,20040202,Left Side Center(LC)
0,0,False,2PT,Restricted Area,0,0020300691,20040202,Center(C)
0,253,True,3PT,Above the Break 3,25,0020300691,20040202,Center(C)
121,77,False,2PT,Mid-Range,14,0020300691,20040202,Right Side(R)
28,-6,False,2PT,Restricted Area,2,0020300691,20040202,Center(C)
-228,-6,False,3PT,Left Corner 3,22,0020300691,20040202,Left Side(L)
41,8,False,2PT,In The Paint (Non-RA),4,0020300691,20040202,Center(C)
-181,197,False,3PT,Above the Break 3,26,0020300691,20040202,Left Side Center(LC)
-85,516,False,3PT,Backcourt,52,0020300691,20040202,Back Court(BC)
-44,100,False,2PT,In The Paint (Non-RA),10,0020300691,20040202,Center(C)
159,209,False,3PT,Above the Break 3,26,0020300691,20040202,Right Side Center(RC)
0,0,True,2PT,Restricted Area,0,0020300706,20040204,Center(C)
-110,217,False,3PT,Above the Break 3,24,0020300706,20040204,Left Side Center(LC)
-233,10,True,3PT,Left Corner 3,23,0020300706,20040204,Left Side(L)
166,145,False,2PT,Mid-Range,22,0020300706,20040204,Right Side Center(RC)
-44,15,False,2PT,In The Paint (Non-RA),4,0020300706,20040204,Center(C)
98,220,True,3PT,Above the Break 3,24,0020300706,20040204,Right Side Center(RC)
-39,243,False,3PT,Above the Break 3,24,0020300706,20040204,Center(C)
1,64,True,2PT,In The Paint (Non-RA),6,0020300706,20040204,Center(C)
135,204,False,3PT,Above the Break 3,24,0020300706,20040204,Right Side Center(RC)
-120,214,True,3PT,Above the Break 3,24,0020300706,20040204,Left Side Center(LC)
238,26,True,3PT,Right Corner 3,23,0020300706,20040204,Right Side(R)
-159,133,False,2PT,Mid-Range,20,0020300706,20040204,Left Side Center(LC)
-39,252,True,3PT,Above the Break 3,25,0020300717,20040206,Center(C)
118,164,False,2PT,Mid-Range,20,0020300717,20040206,Right Side Center(RC)
-149,207,False,3PT,Above the Break 3,25,0020300717,20040206,Left Side Center(LC)
-41,255,False,3PT,Above the Break 3,25,0020300717,20040206,Center(C)
-112,217,True,3PT,Above the Break 3,24,0020300717,20040206,Left Side Center(LC)
23,54,True,2PT,In The Paint (Non-RA),5,0020300717,20040206,Center(C)
176,178,True,3PT,Above the Break 3,25,0020300717,20040206,Right Side Center(RC)
3,49,False,2PT,In The Paint (Non-RA),4,0020300717,20040206,Center(C)
0,0,True,2PT,Restricted Area,0,0020300717,20040206,Center(C)
-227,51,False,3PT,Left Corner 3,23,0020300717,20040206,Left Side(L)
-207,153,False,3PT,Above the Break 3,25,0020300717,20040206,Left Side Center(LC)
79,20,False,2PT,In The Paint (Non-RA),8,0020300717,20040206,Right Side(R)
222,391,False,3PT,Above the Break 3,44,0020300717,20040206,Right Side Center(RC)
-103,232,False,3PT,Above the Break 3,25,0020300745,20040210,Left Side Center(LC)
90,133,False,2PT,Mid-Range,16,0020300745,20040210,Right Side Center(RC)
-174,186,False,3PT,Above the Break 3,25,0020300745,20040210,Left Side Center(LC)
-103,66,True,2PT,Mid-Range,12,0020300745,20040210,Left Side(L)
-181,199,False,3PT,Above the Break 3,26,0020300745,20040210,Left Side Center(LC)
110,242,False,3PT,Above the Break 3,26,0020300745,20040210,Right Side Center(RC)
0,0,False,2PT,Restricted Area,0,0020300745,20040210,Center(C)
-151,217,False,3PT,Above the Break 3,26,0020300759,20040212,Left Side Center(LC)
-143,197,True,3PT,Above the Break 3,24,0020300759,20040212,Left Side Center(LC)
-192,174,True,3PT,Above the Break 3,25,0020300759,20040212,Left Side Center(LC)
-156,184,True,3PT,Above the Break 3,24,0020300759,20040212,Left Side Center(LC)
-159,197,True,3PT,Above the Break 3,25,0020300759,20040212,Left Side Center(LC)
-237,20,True,3PT,Left Corner 3,23,0020300759,20040212,Left Side(L)
-43,82,False,2PT,In The Paint (Non-RA),9,0020300759,20040212,Center(C)
-100,240,False,3PT,Above the Break 3,26,0020300759,20040212,Left Side Center(LC)
90,7,True,2PT,Mid-Range,9,0020300759,20040212,Right Side(R)
0,0,False,2PT,Restricted Area,0,0020300759,20040212,Center(C)
135,207,True,3PT,Above the Break 3,24,0020300759,20040212,Right Side Center(RC)
-130,173,False,2PT,Mid-Range,21,0020300768,20040217,Left Side Center(LC)
95,145,False,2PT,Mid-Range,17,0020300768,20040217,Right Side Center(RC)
100,100,False,2PT,Mid-Range,14,0020300768,20040217,Right Side(R)
-177,173,True,3PT,Above the Break 3,24,0020300768,20040217,Left Side Center(LC)
6,71,False,2PT,In The Paint (Non-RA),7,0020300768,20040217,Center(C)
-26,176,True,2PT,Mid-Range,17,0020300768,20040217,Center(C)
-164,184,True,3PT,Above the Break 3,24,0020300768,20040217,Left Side Center(LC)
0,0,False,2PT,Restricted Area,0,0020300768,20040217,Center(C)
0,0,False,2PT,Restricted Area,0,0020300768,20040217,Center(C)
89,158,True,2PT,Mid-Range,18,0020300768,20040217,Right Side Center(RC)
89,187,True,2PT,Mid-Range,20,0020300768,20040217,Right Side Center(RC)
-177,174,False,3PT,Above the Break 3,24,0020300792,20040220,Left Side Center(LC)
143,206,False,3PT,Above the Break 3,25,0020300792,20040220,Right Side Center(RC)
0,0,False,2PT,Restricted Area,0,0020300792,20040220,Center(C)
0,0,True,2PT,Restricted Area,0,0020300792,20040220,Center(C)
148,28,False,2PT,Mid-Range,15,0020300792,20040220,Right Side(R)
-71,176,False,2PT,Mid-Range,18,0020300792,20040220,Left Side Center(LC)
89,242,False,3PT,Above the Break 3,25,0020300792,20040220,Right Side Center(RC)
-62,245,True,3PT,Above the Break 3,25,0020300792,20040220,Center(C)
0,0,True,2PT,Restricted Area,0,0020300792,20040220,Center(C)
-67,77,True,2PT,In The Paint (Non-RA),10,0020300792,20040220,Left Side(L)
82,230,False,3PT,Above the Break 3,24,0020300792,20040220,Right Side Center(RC)
100,233,False,3PT,Above the Break 3,25,0020300792,20040220,Right Side Center(RC)
0,0,False,2PT,Restricted Area,0,0020300792,20040220,Center(C)
0,0,False,2PT,Restricted Area,0,0020300792,20040220,Center(C)
171,207,False,3PT,Above the Break 3,26,0020300792,20040220,Right Side Center(RC)
-105,117,False,2PT,Mid-Range,15,0020300792,20040220,Left Side(L)
79,153,True,2PT,Mid-Range,17,0020300792,20040220,Right Side Center(RC)
15,263,False,3PT,Above the Break 3,26,0020300797,20040221,Center(C)
0,0,True,2PT,Restricted Area,0,0020300797,20040221,Center(C)
0,0,False,2PT,Restricted Area,0,0020300797,20040221,Center(C)
-33,255,False,3PT,Above the Break 3,25,0020300797,20040221,Center(C)
0,0,True,2PT,Restricted Area,0,0020300797,20040221,Center(C)
-141,232,False,3PT,Above the Break 3,27,0020300797,20040221,Left Side Center(LC)
-71,74,True,2PT,In The Paint (Non-RA),10,0020300797,20040221,Left Side(L)
125,117,False,2PT,Mid-Range,17,0020300797,20040221,Right Side Center(RC)
-105,138,False,2PT,Mid-Range,17,0020300797,20040221,Left Side Center(LC)
0,0,False,2PT,Restricted Area,0,0020300797,20040221,Center(C)
-87,179,True,2PT,Mid-Range,19,0020300797,20040221,Left Side Center(LC)
107,233,True,3PT,Above the Break 3,25,0020300797,20040221,Right Side Center(RC)
126,233,True,3PT,Above the Break 3,26,0020300797,20040221,Right Side Center(RC)
77,66,True,2PT,In The Paint (Non-RA),10,0020300797,20040221,Right Side(R)
-222,133,False,3PT,Above the Break 3,25,0020300797,20040221,Left Side Center(LC)
0,0,True,2PT,Restricted Area,0,0020300797,20040221,Center(C)
126,130,False,2PT,Mid-Range,18,0020300797,20040221,Right Side Center(RC)
232,22,False,3PT,Right Corner 3,23,0020300797,20040221,Right Side(R)
-8,61,True,2PT,In The Paint (Non-RA),6,0020300829,20040225,Center(C)
-31,240,False,3PT,Above the Break 3,24,0020300829,20040225,Center(C)
-158,186,False,3PT,Above the Break 3,24,0020300829,20040225,Left Side Center(LC)
77,181,False,2PT,Mid-Range,19,0020300829,20040225,Right Side Center(RC)
117,150,False,2PT,Mid-Range,19,0020300829,20040225,Right Side Center(RC)
85,17,True,2PT,Mid-Range,8,0020300829,20040225,Right Side(R)
0,0,True,2PT,Restricted Area,0,0020300829,20040225,Center(C)
-143,204,True,3PT,Above the Break 3,24,0020300829,20040225,Left Side Center(LC)
0,0,False,2PT,Restricted Area,0,0020300829,20040225,Center(C)
-11,86,False,2PT,In The Paint (Non-RA),8,0020300829,20040225,Center(C)
-194,158,False,3PT,Above the Break 3,25,0020300834,20040226,Left Side Center(LC)
232,-24,False,3PT,Right Corner 3,23,0020300834,20040226,Right Side(R)
-118,66,True,2PT,Mid-Range,13,0020300834,20040226,Left Side(L)
-176,189,True,3PT,Above the Break 3,25,0020300834,20040226,Left Side Center(LC)
0,-6,True,2PT,Restricted Area,0,0020300834,20040226,Center(C)
-177,-19,False,2PT,Mid-Range,17,0020300834,20040226,Left Side(L)
-223,127,True,3PT,Above the Break 3,25,0020300834,20040226,Left Side Center(LC)
-6,72,False,2PT,In The Paint (Non-RA),7,0020300834,20040226,Center(C)
-3,-3,True,2PT,Restricted Area,0,0020300834,20040226,Center(C)
-233,69,True,3PT,Left Corner 3,24,0020300834,20040226,Left Side(L)
108,227,True,3PT,Above the Break 3,25,0020300834,20040226,Right Side Center(RC)
-145,99,False,2PT,Mid-Range,17,0020300834,20040226,Left Side(L)
-117,17,True,2PT,Mid-Range,11,0020300834,20040226,Left Side(L)
-210,155,True,3PT,Above the Break 3,26,0020300834,20040226,Left Side Center(LC)
28,260,False,3PT,Above the Break 3,26,0020300834,20040226,Center(C)
31,10,False,2PT,Restricted Area,3,0020300834,20040226,Center(C)
16,209,False,2PT,Mid-Range,20,0020300834,20040226,Center(C)
-39,258,True,3PT,Above the Break 3,26,0020300852,20040228,Center(C)
123,220,True,3PT,Above the Break 3,25,0020300852,20040228,Right Side Center(RC)
-140,133,False,2PT,Mid-Range,19,0020300852,20040228,Left Side Center(LC)
0,0,False,2PT,Restricted Area,0,0020300852,20040228,Center(C)
140,87,False,2PT,Mid-Range,16,0020300852,20040228,Right Side(R)
163,207,True,3PT,Above the Break 3,26,0020300852,20040228,Right Side Center(RC)
0,0,False,2PT,Restricted Area,0,0020300852,20040228,Center(C)
-23,46,False,2PT,In The Paint (Non-RA),5,0020300852,20040228,Center(C)
92,40,False,2PT,Mid-Range,10,0020300852,20040228,Right Side(R)
-171,64,False,2PT,Mid-Range,18,0020300852,20040228,Left Side(L)
0,0,False,2PT,Restricted Area,0,0020300852,20040228,Center(C)
56,123,False,2PT,In The Paint (Non-RA),13,0020300852,20040228,Center(C)
-84,58,True,2PT,Mid-Range,10,0020300865,20040301,Left Side(L)
-205,8,True,2PT,Mid-Range,20,0020300865,20040301,Left Side(L)
-171,97,False,2PT,Mid-Range,19,0020300865,20040301,Left Side(L)
-97,150,False,2PT,Mid-Range,17,0020300865,20040301,Left Side Center(LC)
0,0,True,2PT,Restricted Area,0,0020300865,20040301,Center(C)
-113,233,True,3PT,Above the Break 3,25,0020300865,20040301,Left Side Center(LC)
107,145,False,2PT,Mid-Range,18,0020300865,20040301,Right Side Center(RC)
-176,164,False,3PT,Above the Break 3,24,0020300865,20040301,Left Side Center(LC)
-57,248,False,3PT,Above the Break 3,25,0020300865,20040301,Center(C)
0,0,False,2PT,Restricted Area,0,0020300865,20040301,Center(C)
-184,184,True,3PT,Above the Break 3,26,0020300865,20040301,Left Side Center(LC)
0,0,True,2PT,Restricted Area,0,0020300865,20040301,Center(C)
0,0,False,2PT,Restricted Area,0,0020300865,20040301,Center(C)
-194,173,True,3PT,Above the Break 3,25,0020300865,20040301,Left Side Center(LC)
-204,146,False,3PT,Above the Break 3,25,0020300865,20040301,Left Side Center(LC)
110,63,False,2PT,Mid-Range,12,0020300865,20040301,Right Side(R)
-222,0,False,3PT,Left Corner 3,22,0020300878,20040303,Left Side(L)
16,48,True,2PT,In The Paint (Non-RA),5,0020300878,20040303,Center(C)
130,102,True,2PT,Mid-Range,16,0020300878,20040303,Right Side Center(RC)
-168,48,False,2PT,Mid-Range,17,0020300878,20040303,Left Side(L)
-176,184,True,3PT,Above the Break 3,25,0020300878,20040303,Left Side Center(LC)
-186,161,True,3PT,Above the Break 3,24,0020300878,20040303,Left Side Center(LC)
33,192,True,2PT,Mid-Range,19,0020300878,20040303,Center(C)
-169,196,False,3PT,Above the Break 3,25,0020300898,20040306,Left Side Center(LC)
10,41,False,2PT,In The Paint (Non-RA),4,0020300898,20040306,Center(C)
169,199,False,3PT,Above the Break 3,26,0020300898,20040306,Right Side Center(RC)
228,-11,True,3PT,Right Corner 3,22,0020300898,20040306,Right Side(R)
-238,-13,False,3PT,Left Corner 3,23,0020300898,20040306,Left Side(L)
-191,155,False,3PT,Above the Break 3,24,0020300898,20040306,Left Side Center(LC)
-227,-26,False,3PT,Left Corner 3,22,0020300898,20040306,Left Side(L)
182,91,True,2PT,Mid-Range,20,0020300898,20040306,Right Side(R)
0,0,True,2PT,Restricted Area,0,0020300898,20040306,Center(C)
-228,-23,False,3PT,Left Corner 3,22,0020300898,20040306,Left Side(L)
-230,-14,True,3PT,Left Corner 3,23,0020300898,20040306,Left Side(L)
0,0,False,2PT,Restricted Area,0,0020300898,20040306,Center(C)
0,0,False,2PT,Restricted Area,0,0020300898,20040306,Center(C)
131,36,False,2PT,Mid-Range,13,0020300898,20040306,Right Side(R)
0,253,False,3PT,Above the Break 3,25,0020300898,20040306,Center(C)
149,137,False,2PT,Mid-Range,20,0020300898,20040306,Right Side Center(RC)
131,207,False,3PT,Above the Break 3,24,0020300922,20040309,Right Side Center(RC)
233,-14,False,3PT,Right Corner 3,23,0020300922,20040309,Right Side(R)
0,0,True,2PT,Restricted Area,0,0020300922,20040309,Center(C)
52,56,True,2PT,In The Paint (Non-RA),7,0020300922,20040309,Center(C)
43,248,False,3PT,Above the Break 3,25,0020300922,20040309,Center(C)
-23,260,False,3PT,Above the Break 3,26,0020300922,20040309,Center(C)
-130,164,False,2PT,Mid-Range,20,0020300922,20040309,Left Side Center(LC)
0,0,False,2PT,Restricted Area,0,0020300922,20040309,Center(C)
-169,82,False,2PT,Mid-Range,18,0020300922,20040309,Left Side(L)
0,0,False,2PT,Restricted Area,0,0020300922,20040309,Center(C)
74,245,False,3PT,Above the Break 3,25,0020300922,20040309,Center(C)
67,245,True,3PT,Above the Break 3,25,0020300922,20040309,Center(C)
0,0,False,2PT,Restricted Area,0,0020300922,20040309,Center(C)
-171,201,False,3PT,Above the Break 3,26,0020300922,20040309,Left Side Center(LC)
0,0,True,2PT,Restricted Area,0,0020300922,20040309,Center(C)
0,0,True,2PT,Restricted Area,0,0020300922,20040309,Center(C)
0,0,False,2PT,Restricted Area,0,0020300922,20040309,Center(C)
131,151,False,2PT,Mid-Range,19,0020300922,20040309,Right Side Center(RC)
0,0,False,2PT,Restricted Area,0,0020300930,20040310,Center(C)
167,76,False,2PT,Mid-Range,18,0020300930,20040310,Right Side(R)
108,153,False,2PT,Mid-Range,18,0020300930,20040310,Right Side Center(RC)
-223,146,True,3PT,Above the Break 3,26,0020300930,20040310,Left Side Center(LC)
0,0,True,2PT,Restricted Area,0,0020300930,20040310,Center(C)
-166,66,False,2PT,Mid-Range,17,0020300930,20040310,Left Side(L)
0,0,False,2PT,Restricted Area,0,0020300930,20040310,Center(C)
241,58,True,3PT,Right Corner 3,24,0020300930,20040310,Right Side(R)
0,0,True,2PT,Restricted Area,0,0020300930,20040310,Center(C)
-102,225,False,3PT,Above the Break 3,24,0020300940,20040312,Left Side Center(LC)
85,253,False,3PT,Above the Break 3,26,0020300940,20040312,Right Side Center(RC)
0,0,False,2PT,Restricted Area,0,0020300940,20040312,Center(C)
140,204,False,3PT,Above the Break 3,24,0020300940,20040312,Right Side Center(RC)
-49,56,True,2PT,In The Paint (Non-RA),7,0020300940,20040312,Center(C)
-156,89,True,2PT,Mid-Range,17,0020300940,20040312,Left Side(L)
0,0,True,2PT,Restricted Area,0,0020300940,20040312,Center(C)
31,243,True,3PT,Above the Break 3,24,0020300940,20040312,Center(C)
-72,232,False,3PT,Above the Break 3,24,0020300940,20040312,Center(C)
-153,197,False,3PT,Above the Break 3,24,0020300940,20040312,Left Side Center(LC)
0,0,False,2PT,Restricted Area,0,0020300940,20040312,Center(C)
0,0,False,2PT,Restricted Area,0,0020300940,20040312,Center(C)
-223,-18,True,3PT,Left Corner 3,22,0020300940,20040312,Left Side(L)
-56,184,False,2PT,Mid-Range,19,0020300940,20040312,Center(C)
0,0,False,2PT,Restricted Area,0,0020300940,20040312,Center(C)
-5,156,False,2PT,Mid-Range,15,0020300940,20040312,Center(C)
0,0,True,2PT,Restricted Area,0,0020300952,20040313,Center(C)
-238,-34,True,3PT,Left Corner 3,24,0020300952,20040313,Left Side(L)
100,118,False,2PT,Mid-Range,15,0020300952,20040313,Right Side(R)
148,207,False,3PT,Above the Break 3,25,0020300952,20040313,Right Side Center(RC)
3,82,True,2PT,In The Paint (Non-RA),8,0020300952,20040313,Center(C)
136,210,False,3PT,Above the Break 3,25,0020300952,20040313,Right Side Center(RC)
0,0,False,2PT,Restricted Area,0,0020300952,20040313,Center(C)
0,0,False,2PT,Restricted Area,0,0020300952,20040313,Center(C)
-38,46,True,2PT,In The Paint (Non-RA),5,0020300952,20040313,Center(C)
153,-11,False,2PT,Mid-Range,15,0020300952,20040313,Right Side(R)
75,232,False,3PT,Above the Break 3,24,0020300952,20040313,Center(C)
-228,125,False,3PT,Above the Break 3,26,0020300952,20040313,Left Side Center(LC)
-171,187,False,3PT,Above the Break 3,25,0020300952,20040313,Left Side Center(LC)
-246,5,False,3PT,Left Corner 3,24,0020300952,20040313,Left Side(L)
-3,43,True,2PT,In The Paint (Non-RA),4,0020300967,20040316,Center(C)
-130,217,False,3PT,Above the Break 3,25,0020300967,20040316,Left Side Center(LC)
36,8,False,2PT,Restricted Area,3,0020300967,20040316,Center(C)
-171,189,False,3PT,Above the Break 3,25,0020300967,20040316,Left Side Center(LC)
161,109,True,2PT,Mid-Range,19,0020300967,20040316,Right Side(R)
3,31,False,2PT,Restricted Area,3,0020300967,20040316,Center(C)
0,3,False,2PT,Restricted Area,0,0020300967,20040316,Center(C)
-141,125,False,2PT,Mid-Range,18,0020300967,20040316,Left Side Center(LC)
-2,0,False,2PT,Restricted Area,0,0020300967,20040316,Center(C)
-179,178,True,3PT,Above the Break 3,25,0020300967,20040316,Left Side Center(LC)
-176,120,True,2PT,Mid-Range,21,0020300967,20040316,Left Side(L)
0,58,True,2PT,In The Paint (Non-RA),5,0020300967,20040316,Center(C)
130,127,False,2PT,Mid-Range,18,0020300967,20040316,Right Side Center(RC)
-230,20,True,3PT,Left Corner 3,23,0020300967,20040316,Left Side(L)
-158,120,False,2PT,Mid-Range,19,0020300967,20040316,Left Side Center(LC)
1,209,True,2PT,Mid-Range,20,0020300987,20040319,Center(C)
138,214,False,3PT,Above the Break 3,25,0020300987,20040319,Right Side Center(RC)
-82,43,False,2PT,Mid-Range,9,0020300987,20040319,Left Side(L)
-90,230,True,3PT,Above the Break 3,24,0020300987,20040319,Left Side Center(LC)
-199,141,False,3PT,Above the Break 3,24,0020300987,20040319,Left Side Center(LC)
-207,-3,True,2PT,Mid-Range,20,0020300987,20040319,Left Side(L)
-138,0,True,2PT,Mid-Range,13,0020300987,20040319,Left Side(L)
0,0,False,2PT,Restricted Area,0,0020300987,20040319,Center(C)
-148,194,False,3PT,Above the Break 3,24,0020300987,20040319,Left Side Center(LC)
-220,127,False,3PT,Above the Break 3,25,0020300987,20040319,Left Side Center(LC)
0,0,True,2PT,Restricted Area,0,0020300987,20040319,Center(C)
0,0,True,2PT,Restricted Area,0,0020300987,20040319,Center(C)
-195,187,True,3PT,Above the Break 3,27,0020300987,20040319,Left Side Center(LC)
0,0,True,2PT,Restricted Area,0,0020300987,20040319,Center(C)
149,100,False,2PT,Mid-Range,17,0020301000,20040320,Right Side(R)
0,0,True,2PT,Restricted Area,0,0020301000,20040320,Center(C)
-87,146,False,2PT,Mid-Range,16,0020301000,20040320,Left Side Center(LC)
223,10,False,3PT,Right Corner 3,22,0020301000,20040320,Right Side(R)
-102,229,True,3PT,Above the Break 3,25,0020301000,20040320,Left Side Center(LC)
-34,207,False,2PT,Mid-Range,20,0020301000,20040320,Center(C)
0,0,False,2PT,Restricted Area,0,0020301000,20040320,Center(C)
153,197,False,3PT,Above the Break 3,24,0020301000,20040320,Right Side Center(RC)
-85,181,False,2PT,Mid-Range,19,0020301000,20040320,Left Side Center(LC)
-149,189,False,3PT,Above the Break 3,24,0020301000,20040320,Left Side Center(LC)
95,148,False,2PT,Mid-Range,17,0020301000,20040320,Right Side Center(RC)
128,215,False,3PT,Above the Break 3,25,0020301014,20040322,Right Side Center(RC)
-237,13,False,3PT,Left Corner 3,23,0020301014,20040322,Left Side(L)
225,118,True,3PT,Above the Break 3,25,0020301014,20040322,Right Side Center(RC)
-61,250,False,3PT,Above the Break 3,25,0020301014,20040322,Center(C)
-2,12,True,2PT,Restricted Area,1,0020301014,20040322,Center(C)
204,86,False,2PT,Mid-Range,22,0020301022,20040323,Right Side(R)
120,181,False,2PT,Mid-Range,21,0020301022,20040323,Right Side Center(RC)
154,202,True,3PT,Above the Break 3,25,0020301022,20040323,Right Side Center(RC)
-138,161,False,2PT,Mid-Range,21,0020301022,20040323,Left Side Center(LC)
-228,-3,True,3PT,Left Corner 3,22,0020301022,20040323,Left Side(L)
-48,87,False,2PT,In The Paint (Non-RA),9,0020301022,20040323,Center(C)
156,145,False,2PT,Mid-Range,21,0020301022,20040323,Right Side Center(RC)
0,0,False,2PT,Restricted Area,0,0020301022,20040323,Center(C)
0,0,False,2PT,Restricted Area,0,0020301022,20040323,Center(C)
36,117,False,2PT,In The Paint (Non-RA),12,0020301022,20040323,Center(C)
0,0,False,2PT,Restricted Area,0,0020301022,20040323,Center(C)
-44,207,False,2PT,Mid-Range,21,0020301022,20040323,Center(C)
13,66,True,2PT,In The Paint (Non-RA),6,0020301022,20040323,Center(C)
-153,206,False,3PT,Above the Break 3,25,0020301045,20040326,Left Side Center(LC)
-3,248,False,3PT,Above the Break 3,24,0020301045,20040326,Center(C)
-186,151,True,3PT,Above the Break 3,23,0020301045,20040326,Left Side Center(LC)
138,161,False,2PT,Mid-Range,21,0020301045,20040326,Right Side Center(RC)
126,245,True,3PT,Above the Break 3,27,0020301045,20040326,Right Side Center(RC)
-131,219,False,3PT,Above the Break 3,25,0020301049,20040327,Left Side Center(LC)
0,0,False,2PT,Restricted Area,0,0020301049,20040327,Center(C)
158,192,False,3PT,Above the Break 3,24,0020301049,20040327,Right Side Center(RC)
-172,186,False,3PT,Above the Break 3,25,0020301049,20040327,Left Side Center(LC)
130,35,False,2PT,Mid-Range,13,0020301049,20040327,Right Side(R)
222,-1,False,3PT,Right Corner 3,22,0020301049,20040327,Right Side(R)
-8,217,True,2PT,Mid-Range,21,0020301049,20040327,Center(C)
-28,35,True,2PT,In The Paint (Non-RA),4,0020301049,20040327,Center(C)
177,176,True,3PT,Above the Break 3,24,0020301049,20040327,Right Side Center(RC)
-166,196,False,3PT,Above the Break 3,25,0020301049,20040327,Left Side Center(LC)
-18,243,True,3PT,Above the Break 3,24,0020301049,20040327,Center(C)
58,241,False,3PT,Above the Break 3,24,0020301049,20040327,Center(C)
215,130,True,3PT,Above the Break 3,25,0020301066,20040329,Right Side Center(RC)
-184,163,False,3PT,Above the Break 3,24,0020301066,20040329,Left Side Center(LC)
0,0,False,2PT,Restricted Area,0,0020301066,20040329,Center(C)
-46,233,False,3PT,Mid-Range,23,0020301066,20040329,Center(C)
-94,128,False,2PT,Mid-Range,15,0020301066,20040329,Left Side(L)
182,174,True,3PT,Above the Break 3,25,0020301066,20040329,Right Side Center(RC)
80,135,False,2PT,In The Paint (Non-RA),15,0020301066,20040329,Right Side(R)
0,0,False,2PT,Restricted Area,0,0020301066,20040329,Center(C)
-177,178,True,3PT,Above the Break 3,25,0020301066,20040329,Left Side Center(LC)
-126,210,True,3PT,Above the Break 3,24,0020301066,20040329,Left Side Center(LC)
171,183,False,3PT,Above the Break 3,25,0020301066,20040329,Right Side Center(RC)
0,0,False,2PT,Restricted Area,0,0020301066,20040329,Center(C)
200,151,False,3PT,Above the Break 3,25,0020301066,20040329,Right Side Center(RC)
-169,174,False,3PT,Above the Break 3,24,0020301066,20040329,Left Side Center(LC)
52,8,True,2PT,In The Paint (Non-RA),5,0020301066,20040329,Center(C)
0,0,False,2PT,Restricted Area,0,0020301066,20040329,Center(C)
-233,-1,False,3PT,Left Corner 3,23,0020301096,20040402,Left Side(L)
141,104,True,2PT,Mid-Range,17,0020301096,20040402,Right Side Center(RC)
-156,194,True,3PT,Above the Break 3,24,0020301096,20040402,Left Side Center(LC)
148,215,True,3PT,Above the Break 3,26,0020301096,20040402,Right Side Center(RC)
0,0,False,2PT,Restricted Area,0,0020301096,20040402,Center(C)
-233,3,True,3PT,Left Corner 3,23,0020301096,20040402,Left Side(L)
128,71,False,2PT,Mid-Range,14,0020301096,20040402,Right Side(R)
200,15,False,2PT,Mid-Range,20,0020301096,20040402,Right Side(R)
-143,33,False,2PT,Mid-Range,14,0020301096,20040402,Left Side(L)
135,122,False,2PT,Mid-Range,18,0020301096,20040402,Right Side Center(RC)
0,0,False,2PT,Restricted Area,0,0020301096,20040402,Center(C)
215,385,False,3PT,Above the Break 3,44,0020301096,20040402,Right Side Center(RC)
0,0,True,2PT,Restricted Area,0,0020301096,20040402,Center(C)
0,0,False,2PT,Restricted Area,0,0020301096,20040402,Center(C)
-135,206,False,3PT,Above the Break 3,24,0020301096,20040402,Left Side Center(LC)
-71,105,False,2PT,In The Paint (Non-RA),12,0020301096,20040402,Left Side(L)
23,66,True,2PT,In The Paint (Non-RA),6,0020301096,20040402,Center(C)
-192,201,True,3PT,Above the Break 3,27,0020301103,20040403,Left Side Center(LC)
100,250,False,3PT,Above the Break 3,26,0020301103,20040403,Right Side Center(RC)
-143,220,False,3PT,Above the Break 3,26,0020301103,20040403,Left Side Center(LC)
-105,41,True,2PT,Mid-Range,11,0020301103,20040403,Left Side(L)
-204,183,False,3PT,Above the Break 3,27,0020301103,20040403,Left Side Center(LC)
97,91,False,2PT,Mid-Range,13,0020301103,20040403,Right Side(R)
-192,3,True,2PT,Mid-Range,19,0020301103,20040403,Left Side(L)
-125,30,False,2PT,Mid-Range,12,0020301103,20040403,Left Side(L)
107,92,True,2PT,Mid-Range,14,0020301103,20040403,Right Side(R)
126,84,False,2PT,Mid-Range,15,0020301103,20040403,Right Side(R)
113,33,False,2PT,Mid-Range,11,0020301103,20040403,Right Side(R)
0,0,False,2PT,Restricted Area,0,0020301103,20040403,Center(C)
-161,187,True,3PT,Above the Break 3,24,0020301124,20040407,Left Side Center(LC)
-191,168,False,3PT,Above the Break 3,25,0020301124,20040407,Left Side Center(LC)
-235,-32,False,3PT,Left Corner 3,23,0020301124,20040407,Left Side(L)
-177,33,False,2PT,Mid-Range,18,0020301124,20040407,Left Side(L)
-235,0,True,3PT,Left Corner 3,23,0020301124,20040407,Left Side(L)
0,0,True,2PT,Restricted Area,0,0020301124,20040407,Center(C)
169,173,False,3PT,Above the Break 3,24,0020301124,20040407,Right Side Center(RC)
227,-28,True,3PT,Right Corner 3,22,0020301124,20040407,Right Side(R)
-233,-39,False,3PT,Left Corner 3,23,0020301124,20040407,Left Side(L)
0,0,False,2PT,Restricted Area,0,0020301124,20040407,Center(C)
-159,196,True,3PT,Above the Break 3,25,0020301142,20040409,Left Side Center(LC)
-102,232,True,3PT,Above the Break 3,25,0020301142,20040409,Left Side Center(LC)
0,0,False,2PT,Restricted Area,0,0020301142,20040409,Center(C)
84,171,False,2PT,Mid-Range,19,0020301142,20040409,Right Side Center(RC)
0,0,True,2PT,Restricted Area,0,0020301142,20040409,Center(C)
-148,102,False,2PT,Mid-Range,17,0020301142,20040409,Left Side(L)
-136,112,False,2PT,Mid-Range,17,0020301142,20040409,Left Side Center(LC)
24,77,True,2PT,In The Paint (Non-RA),8,0020301142,20040409,Center(C)
126,217,False,3PT,Above the Break 3,25,0020301142,20040409,Right Side Center(RC)
0,0,True,2PT,Restricted Area,0,0020301142,20040409,Center(C)
0,0,False,2PT,Restricted Area,0,0020301142,20040409,Center(C)
56,99,False,2PT,In The Paint (Non-RA),11,0020301142,20040409,Center(C)
100,135,False,2PT,Mid-Range,16,0020301142,20040409,Right Side Center(RC)
-158,12,False,2PT,Mid-Range,15,0020301142,20040409,Left Side(L)
41,105,True,2PT,In The Paint (Non-RA),11,0020301142,20040409,Center(C)
0,0,True,2PT,Restricted Area,0,0020301142,20040409,Center(C)
-200,171,True,3PT,Above the Break 3,26,0020301142,20040409,Left Side Center(LC)
-187,164,True,3PT,Above the Break 3,24,0020301142,20040409,Left Side Center(LC)
87,229,True,3PT,Above the Break 3,24,0020301142,20040409,Right Side Center(RC)
0,0,True,2PT,Restricted Area,0,0020301142,20040409,Center(C)
0,0,False,2PT,Restricted Area,0,0020301142,20040409,Center(C)
-205,135,False,3PT,Above the Break 3,24,0020301156,20040411,Left Side Center(LC)
6,178,False,2PT,Mid-Range,17,0020301156,20040411,Center(C)
-99,232,False,3PT,Above the Break 3,25,0020301156,20040411,Left Side Center(LC)
0,0,False,2PT,Restricted Area,0,0020301156,20040411,Center(C)
0,0,False,2PT,Restricted Area,0,0020301156,20040411,Center(C)
232,22,False,3PT,Right Corner 3,23,0020301156,20040411,Right Side(R)
0,0,False,2PT,Restricted Area,0,0020301156,20040411,Center(C)
-25,163,True,2PT,Mid-Range,16,0020301156,20040411,Center(C)
0,257,False,3PT,Above the Break 3,25,0020301156,20040411,Center(C)
232,2,True,3PT,Right Corner 3,23,0020301156,20040411,Right Side(R)
172,181,False,3PT,Above the Break 3,24,0020301156,20040411,Right Side Center(RC)
138,207,False,3PT,Above the Break 3,24,0020301168,20040412,Right Side Center(RC)
0,0,False,2PT,Restricted Area,0,0020301168,20040412,Center(C)
230,35,True,3PT,Right Corner 3,23,0020301168,20040412,Right Side(R)
-31,64,False,2PT,In The Paint (Non-RA),7,0020301168,20040412,Center(C)
158,194,False,3PT,Above the Break 3,25,0020301168,20040412,Right Side Center(RC)
-174,176,False,3PT,Above the Break 3,24,0020301168,20040412,Left Side Center(LC)
0,0,False,2PT,Restricted Area,0,0020301168,20040412,Center(C)
-15,74,True,2PT,In The Paint (Non-RA),7,0020301168,20040412,Center(C)
79,240,True,3PT,Above the Break 3,25,0020301168,20040412,Right Side Center(RC)
241,-31,True,3PT,Right Corner 3,24,0020301181,20040414,Right Side(R)
136,151,True,2PT,Mid-Range,20,0020301181,20040414,Right Side Center(RC)
-115,230,True,3PT,Above the Break 3,25,0020301181,20040414,Left Side Center(LC)
51,43,False,2PT,In The Paint (Non-RA),6,0020301181,20040414,Center(C)
218,110,True,3PT,Above the Break 3,24,0020301181,20040414,Right Side Center(RC)
187,164,False,3PT,Above the Break 3,24,0020301181,20040414,Right Side Center(RC)
125,220,False,3PT,Above the Break 3,25,0020301181,20040414,Right Side Center(RC)
123,109,True,2PT,Mid-Range,16,0020301181,20040414,Right Side Center(RC)
-214,168,False,3PT,Above the Break 3,27,0020301181,20040414,Left Side Center(LC)
112,174,False,2PT,Mid-Range,20,0020301181,20040414,Right Side Center(RC)
-182,102,True,2PT,Mid-Range,20,0020301181,20040414,Left Side(L)
15,-6,True,2PT,Restricted Area,1,0020301181,20040414,Center(C)
