game_id,assister_id,scorer_id,scorer_name,shot_value,season_end_year,season
0021900003,203107,1628374,Markkanen,2,2020,2019-20
0021900003,203897,1628374,Markkanen,2,2020,2019-20
0021900003,203897,203490,Porter Jr.,2,2020,2019-20
0021900003,1627739,1628976,Carter Jr.,2,2020,2019-20
0021900003,1627739,1629632,White,3,2020,2019-20
0021900003,203490,1628976,Carter Jr.,2,2020,2019-20
0021900003,201152,1628976,Carter Jr.,2,2020,2019-20
0021900003,1629632,201152,Young,3,2020,2019-20
0021900003,1628374,1627853,Arcidiacono,3,2020,2019-20
0021900003,203107,203490,Porter Jr.,2,2020,2019-20
0021900003,201152,1629632,White,2,2020,2019-20
0021900003,1629632,201152,Young,2,2020,2019-20
0021900003,203897,1628374,Markkanen,2,2020,2019-20
0021900003,203107,203897,LaVine,2,2020,2019-20
0021900003,1628374,203107,Satoransky,2,2020,2019-20
0021900003,203897,203490,Porter Jr.,3,2020,2019-20
0021900003,203897,1628374,Markkanen,2,2020,2019-20
0021900003,203897,1628374,Markkanen,2,2020,2019-20
0021900003,203897,201152,Young,3,2020,2019-20
0021900003,1627853,1629632,White,2,2020,2019-20
0021900003,1629632,201152,Young,2,2020,2019-20
0021900003,1629632,1627853,Arcidiacono,3,2020,2019-20
0021900003,1629632,1628374,Markkanen,3,2020,2019-20
0021900003,1629632,201152,Young,3,2020,2019-20
0021900003,1629632,203897,LaVine,2,2020,2019-20
0021900020,203107,203897,LaVine,3,2020,2019-20
0021900020,203897,1628976,Carter Jr.,2,2020,2019-20
0021900020,203107,1628976,Carter Jr.,2,2020,2019-20
0021900020,201152,1627739,Dunn,2,2020,2019-20
0021900020,1627739,201152,Young,3,2020,2019-20
0021900020,1627739,1628436,Kornet,3,2020,2019-20
0021900020,1627739,1628374,Markkanen,2,2020,2019-20
0021900020,203897,203490,Porter Jr.,3,2020,2019-20
0021900020,1628374,203107,Satoransky,2,2020,2019-20
0021900020,1628374,203897,LaVine,2,2020,2019-20
0021900020,203897,1628374,Markkanen,2,2020,2019-20
0021900020,203897,1629632,White,3,2020,2019-20
0021900020,201152,1628374,Markkanen,3,2020,2019-20
0021900020,1629632,1627739,Dunn,2,2020,2019-20
0021900020,201152,1627739,Dunn,2,2020,2019-20
0021900020,1627739,1629632,White,2,2020,2019-20
0021900020,1628374,1629632,White,3,2020,2019-20
0021900020,1629632,1628374,Markkanen,2,2020,2019-20
0021900031,1628374,203107,Satoransky,3,2020,2019-20
0021900031,203107,201152,Young,3,2020,2019-20
0021900031,1627739,201152,Young,2,2020,2019-20
0021900031,1627853,1629632,White,2,2020,2019-20
0021900031,1627853,1628436,Kornet,3,2020,2019-20
0021900031,1627853,1628374,Markkanen,2,2020,2019-20
0021900031,203107,203897,LaVine,3,2020,2019-20
0021900031,203897,1628976,Carter Jr.,2,2020,2019-20
0021900031,203897,1628976,Carter Jr.,2,2020,2019-20
0021900031,203897,203107,Satoransky,3,2020,2019-20
0021900031,203490,1628976,Carter Jr.,2,2020,2019-20
0021900031,203107,1628374,Markkanen,3,2020,2019-20
0021900031,201152,203490,Porter Jr.,3,2020,2019-20
0021900031,1629632,1627853,Arcidiacono,3,2020,2019-20
0021900031,203107,1628976,Carter Jr.,2,2020,2019-20
0021900031,203897,1628436,Kornet,2,2020,2019-20
0021900031,1627853,1627885,Harrison,2,2020,2019-20
0021900031,1627885,1627756,Valentine,3,2020,2019-20
0021900042,203897,203490,Porter Jr.,3,2020,2019-20
0021900042,203897,1628976,Carter Jr.,2,2020,2019-20
0021900042,1628374,1628976,Carter Jr.,2,2020,2019-20
0021900042,203897,201152,Young,2,2020,2019-20
0021900042,1629632,203897,LaVine,2,2020,2019-20
0021900042,1627853,201152,Young,3,2020,2019-20
0021900042,1627739,201152,Young,2,2020,2019-20
0021900042,203107,203897,LaVine,2,2020,2019-20
0021900042,203107,1628976,Carter Jr.,2,2020,2019-20
0021900042,203107,1628976,Carter Jr.,2,2020,2019-20
0021900042,1628976,1628374,Markkanen,3,2020,2019-20
0021900042,1628374,203897,LaVine,2,2020,2019-20
0021900042,1628436,201152,Young,3,2020,2019-20
0021900042,1629632,201152,Young,2,2020,2019-20
0021900042,1627853,1627739,Dunn,2,2020,2019-20
0021900042,1629632,1627853,Arcidiacono,3,2020,2019-20
0021900042,203107,1628374,Markkanen,2,2020,2019-20
0021900042,1628976,203897,LaVine,3,2020,2019-20
0021900042,203107,1628374,Markkanen,3,2020,2019-20
0021900055,203490,1628374,Markkanen,3,2020,2019-20
0021900055,203107,203897,LaVine,3,2020,2019-20
0021900055,203107,1628436,Kornet,3,2020,2019-20
0021900055,203107,201152,Young,2,2020,2019-20
0021900055,1627739,1628436,Kornet,2,2020,2019-20
0021900055,1627739,1628976,Carter Jr.,2,2020,2019-20
0021900055,1627853,1628374,Markkanen,3,2020,2019-20
0021900055,1628374,1627739,Dunn,2,2020,2019-20
0021900055,1627739,1628436,Kornet,2,2020,2019-20
0021900055,201152,1628436,Kornet,2,2020,2019-20
0021900055,203897,201152,Young,2,2020,2019-20
0021900055,203107,201152,Young,2,2020,2019-20
0021900055,203897,201152,Young,3,2020,2019-20
0021900055,1628374,203897,LaVine,2,2020,2019-20
0021900055,203490,203107,Satoransky,3,2020,2019-20
0021900055,203107,203490,Porter Jr.,3,2020,2019-20
0021900055,1628436,203490,Porter Jr.,2,2020,2019-20
0021900055,203107,201152,Young,3,2020,2019-20
0021900055,1627739,1629632,White,3,2020,2019-20
0021900055,1628374,1627739,Dunn,2,2020,2019-20
0021900055,1629632,1628976,Carter Jr.,2,2020,2019-20
0021900055,1628436,1629632,White,3,2020,2019-20
0021900055,203107,203897,LaVine,2,2020,2019-20
0021900055,203107,203897,LaVine,3,2020,2019-20
0021900055,203490,203897,LaVine,3,2020,2019-20
0021900073,203897,1628976,Carter Jr.,2,2020,2019-20
0021900073,203897,1628976,Carter Jr.,2,2020,2019-20
0021900073,1628976,203897,LaVine,3,2020,2019-20
0021900073,203490,1628436,Kornet,2,2020,2019-20
0021900073,203897,1627739,Dunn,2,2020,2019-20
0021900073,201152,203897,LaVine,2,2020,2019-20
0021900073,1628436,203897,LaVine,2,2020,2019-20
0021900073,1628436,1629632,White,3,2020,2019-20
0021900073,1627739,1628374,Markkanen,3,2020,2019-20
0021900073,1627739,1628976,Carter Jr.,2,2020,2019-20
0021900073,1627853,1628374,Markkanen,3,2020,2019-20
0021900073,1627739,1629632,White,2,2020,2019-20
0021900073,1628374,1627853,Arcidiacono,3,2020,2019-20
0021900073,203107,203897,LaVine,2,2020,2019-20
0021900073,203107,203490,Porter Jr.,2,2020,2019-20
0021900073,203107,201152,Young,2,2020,2019-20
0021900073,203490,1628976,Carter Jr.,2,2020,2019-20
0021900073,203490,1628976,Carter Jr.,3,2020,2019-20
0021900073,1628374,203490,Porter Jr.,3,2020,2019-20
0021900073,203107,203490,Porter Jr.,3,2020,2019-20
0021900073,1628976,203107,Satoransky,3,2020,2019-20
0021900073,203490,203107,Satoransky,2,2020,2019-20
0021900073,203107,1628976,Carter Jr.,2,2020,2019-20
0021900073,1628374,1629632,White,2,2020,2019-20
0021900073,1627853,1628374,Markkanen,3,2020,2019-20
0021900073,1628374,1629632,White,2,2020,2019-20
0021900073,201152,1627853,Arcidiacono,3,2020,2019-20
0021900073,1627853,201152,Young,3,2020,2019-20
0021900073,203107,203897,LaVine,3,2020,2019-20
0021900085,203897,1628976,Carter Jr.,2,2020,2019-20
0021900085,203490,1628976,Carter Jr.,2,2020,2019-20
0021900085,203107,203897,LaVine,2,2020,2019-20
0021900085,203107,203897,LaVine,3,2020,2019-20
0021900085,203490,201152,Young,2,2020,2019-20
0021900085,1628436,201152,Young,2,2020,2019-20
0021900085,1627739,1628374,Markkanen,2,2020,2019-20
0021900085,1628976,203897,LaVine,3,2020,2019-20
0021900085,201152,203897,LaVine,3,2020,2019-20
0021900085,203490,1628436,Kornet,2,2020,2019-20
0021900085,203107,1628976,Carter Jr.,2,2020,2019-20
0021900085,203107,1628976,Carter Jr.,2,2020,2019-20
0021900085,203107,1628374,Markkanen,3,2020,2019-20
0021900085,1628976,203897,LaVine,3,2020,2019-20
0021900085,203107,1628374,Markkanen,2,2020,2019-20
0021900085,203107,1628976,Carter Jr.,2,2020,2019-20
0021900085,203107,203897,LaVine,2,2020,2019-20
0021900085,1627853,1628436,Kornet,3,2020,2019-20
0021900085,1629632,1627739,Dunn,2,2020,2019-20
0021900085,1627739,201152,Young,2,2020,2019-20
0021900085,1627739,201152,Young,2,2020,2019-20
0021900085,1627739,1628436,Kornet,2,2020,2019-20
0021900085,1627739,201152,Young,2,2020,2019-20
0021900085,1629632,1628976,Carter Jr.,2,2020,2019-20
0021900085,1627739,1627853,Arcidiacono,3,2020,2019-20
0021900085,203107,203490,Porter Jr.,3,2020,2019-20
0021900085,203897,203107,Satoransky,3,2020,2019-20
0021900100,203107,1628976,Carter Jr.,2,2020,2019-20
0021900100,203107,203897,LaVine,3,2020,2019-20
0021900100,203107,203897,LaVine,2,2020,2019-20
0021900100,203897,1628374,Markkanen,3,2020,2019-20
0021900100,203897,203490,Porter Jr.,3,2020,2019-20
0021900100,201152,1629632,White,2,2020,2019-20
0021900100,1627739,201152,Young,2,2020,2019-20
0021900100,1627739,201152,Young,2,2020,2019-20
0021900100,1629632,201152,Young,2,2020,2019-20
0021900100,1628374,1629632,White,3,2020,2019-20
0021900100,1629632,203490,Porter Jr.,3,2020,2019-20
0021900100,203897,1628976,Carter Jr.,2,2020,2019-20
0021900100,203107,203897,LaVine,2,2020,2019-20
0021900100,203897,1628374,Markkanen,3,2020,2019-20
0021900100,203897,203490,Porter Jr.,3,2020,2019-20
0021900100,1629632,1627739,Dunn,3,2020,2019-20
0021900100,1629632,1628436,Kornet,3,2020,2019-20
0021900100,203107,203897,LaVine,2,2020,2019-20
0021900100,203897,1628976,Carter Jr.,2,2020,2019-20
0021900100,203107,203897,LaVine,2,2020,2019-20
0021900100,203897,203107,Satoransky,3,2020,2019-20
0021900100,1627885,1628990,Hutchison,3,2020,2019-20
0021900105,203490,1628374,Markkanen,2,2020,2019-20
0021900105,203897,203490,Porter Jr.,3,2020,2019-20
0021900105,203490,1628374,Markkanen,3,2020,2019-20
0021900105,203107,203490,Porter Jr.,3,2020,2019-20
0021900105,201152,203107,Satoransky,3,2020,2019-20
0021900105,1628374,1627739,Dunn,2,2020,2019-20
0021900105,1628374,203897,LaVine,2,2020,2019-20
0021900105,201152,1627739,Dunn,2,2020,2019-20
0021900105,1629632,1628976,Carter Jr.,2,2020,2019-20
0021900105,1627739,1628374,Markkanen,3,2020,2019-20
0021900105,1628374,1629632,White,2,2020,2019-20
0021900105,203897,203490,Porter Jr.,3,2020,2019-20
0021900105,1627853,203107,Satoransky,3,2020,2019-20
0021900105,203107,203897,LaVine,2,2020,2019-20
0021900105,203107,1628374,Markkanen,3,2020,2019-20
0021900105,203107,1628374,Markkanen,3,2020,2019-20
0021900105,203897,1629632,White,3,2020,2019-20
0021900105,1628990,1628436,Kornet,2,2020,2019-20
0021900105,203107,1627853,Arcidiacono,2,2020,2019-20
0021900105,1629632,1627739,Dunn,2,2020,2019-20
0021900105,203107,1628990,Hutchison,2,2020,2019-20
0021900105,203107,1627739,Dunn,2,2020,2019-20
0021900105,1628374,203107,Satoransky,3,2020,2019-20
0021900105,203107,1628990,Hutchison,2,2020,2019-20
0021900105,203897,203107,Satoransky,3,2020,2019-20
0021900105,1629632,1628374,Markkanen,2,2020,2019-20
0021900129,203897,1628990,Hutchison,2,2020,2019-20
0021900129,203107,203897,LaVine,2,2020,2019-20
0021900129,201152,1628374,Markkanen,2,2020,2019-20
0021900129,201152,1628976,Carter Jr.,2,2020,2019-20
0021900129,1627739,201152,Young,3,2020,2019-20
0021900129,1627739,1628976,Carter Jr.,2,2020,2019-20
0021900129,1627739,1627853,Arcidiacono,2,2020,2019-20
0021900129,1629632,201152,Young,2,2020,2019-20
0021900129,1627853,1628990,Hutchison,2,2020,2019-20
0021900129,203897,1628976,Carter Jr.,2,2020,2019-20
0021900129,203897,1629632,White,2,2020,2019-20
0021900129,203107,1628976,Carter Jr.,2,2020,2019-20
0021900129,1628976,1627739,Dunn,2,2020,2019-20
0021900129,1627739,201152,Young,2,2020,2019-20
0021900129,1628976,1627739,Dunn,3,2020,2019-20
0021900129,203897,1628990,Hutchison,3,2020,2019-20
0021900129,203897,1628990,Hutchison,2,2020,2019-20
0021900129,1628374,1628976,Carter Jr.,2,2020,2019-20
0021900129,203107,1628436,Kornet,2,2020,2019-20
0021900129,203107,1628374,Markkanen,2,2020,2019-20
0021900129,201152,1629632,White,2,2020,2019-20
0021900149,203897,1628976,Carter Jr.,2,2020,2019-20
0021900149,203897,1628976,Carter Jr.,2,2020,2019-20
0021900149,1627853,201152,Young,2,2020,2019-20
0021900149,1629632,1628374,Markkanen,2,2020,2019-20
0021900149,1627853,1628374,Markkanen,3,2020,2019-20
0021900149,203897,1628990,Hutchison,3,2020,2019-20
0021900149,1628990,203897,LaVine,3,2020,2019-20
0021900149,1628374,203107,Satoransky,3,2020,2019-20
0021900149,203897,1628374,Markkanen,2,2020,2019-20
0021900149,203107,1628990,Hutchison,2,2020,2019-20
0021900149,1628374,203897,LaVine,2,2020,2019-20
0021900149,203107,201152,Young,2,2020,2019-20
0021900149,201152,1628976,Carter Jr.,2,2020,2019-20
0021900149,1627853,1628976,Carter Jr.,2,2020,2019-20
0021900149,1627853,1627739,Dunn,2,2020,2019-20
0021900149,1627739,1629632,White,3,2020,2019-20
0021900149,1627853,1629632,White,3,2020,2019-20
0021900149,1627853,1629632,White,3,2020,2019-20
0021900149,1627739,1629632,White,3,2020,2019-20
0021900149,1627853,1627739,Dunn,2,2020,2019-20
0021900149,1627853,1629632,White,3,2020,2019-20
0021900149,203897,1629632,White,3,2020,2019-20
0021900163,1628990,203107,Satoransky,3,2020,2019-20
0021900163,203897,1628976,Carter Jr.,2,2020,2019-20
0021900163,203107,1628374,Markkanen,3,2020,2019-20
0021900163,201152,203897,LaVine,2,2020,2019-20
0021900163,203897,1629632,White,3,2020,2019-20
0021900163,1629632,1628374,Markkanen,3,2020,2019-20
0021900163,1628976,1629632,White,3,2020,2019-20
0021900163,1627853,1628976,Carter Jr.,2,2020,2019-20
0021900163,1627739,1629632,White,2,2020,2019-20
0021900163,1629632,1627739,Dunn,2,2020,2019-20
0021900163,203897,1628976,Carter Jr.,2,2020,2019-20
0021900163,203897,1629632,White,2,2020,2019-20
0021900163,1628990,203897,LaVine,3,2020,2019-20
0021900163,203107,1629632,White,3,2020,2019-20
0021900163,203107,201152,Young,3,2020,2019-20
0021900163,1628990,203897,LaVine,3,2020,2019-20
0021900163,203107,1628976,Carter Jr.,2,2020,2019-20
0021900163,203897,1628990,Hutchison,2,2020,2019-20
0021900163,203897,203107,Satoransky,3,2020,2019-20
0021900163,1627739,201152,Young,3,2020,2019-20
0021900163,1629632,1628976,Carter Jr.,2,2020,2019-20
0021900163,1627853,1629632,White,3,2020,2019-20
0021900163,1627853,1627739,Dunn,3,2020,2019-20
0021900163,203897,1627853,Arcidiacono,3,2020,2019-20
0021900163,203107,203897,LaVine,3,2020,2019-20
0021900175,1628976,203897,LaVine,2,2020,2019-20
0021900175,1629632,203897,LaVine,2,2020,2019-20
0021900175,1627739,1629632,White,2,2020,2019-20
0021900175,1627853,1629632,White,3,2020,2019-20
0021900175,1627853,1628374,Markkanen,3,2020,2019-20
0021900175,1629632,1628976,Carter Jr.,2,2020,2019-20
0021900175,1628990,203107,Satoransky,3,2020,2019-20
0021900175,1628976,203897,LaVine,2,2020,2019-20
0021900175,203897,1628990,Hutchison,2,2020,2019-20
0021900175,201152,1627853,Arcidiacono,3,2020,2019-20
0021900175,1627739,1628374,Markkanen,2,2020,2019-20
0021900175,1628374,1628976,Carter Jr.,2,2020,2019-20
0021900175,203107,203897,LaVine,3,2020,2019-20
0021900175,203107,203897,LaVine,3,2020,2019-20
0021900175,1629632,1628374,Markkanen,3,2020,2019-20
0021900192,1628990,203107,Satoransky,3,2020,2019-20
0021900192,203107,1628976,Carter Jr.,2,2020,2019-20
0021900192,203897,1628976,Carter Jr.,2,2020,2019-20
0021900192,1629632,1629655,Gafford,2,2020,2019-20
0021900192,1627739,1627853,Arcidiacono,3,2020,2019-20
0021900192,1629632,1627739,Dunn,2,2020,2019-20
0021900192,201152,1629655,Gafford,2,2020,2019-20
0021900192,1627739,1629632,White,2,2020,2019-20
0021900192,201152,1627853,Arcidiacono,3,2020,2019-20
0021900192,1627853,1629655,Gafford,2,2020,2019-20
0021900192,1627739,201152,Young,3,2020,2019-20
0021900192,1627739,203897,LaVine,3,2020,2019-20
0021900192,1627739,1628990,Hutchison,3,2020,2019-20
0021900192,1627739,1628374,Markkanen,2,2020,2019-20
0021900192,203897,1629655,Gafford,2,2020,2019-20
0021900192,203897,1629655,Gafford,2,2020,2019-20
0021900192,203897,1629655,Gafford,2,2020,2019-20
0021900192,1628990,1628976,Carter Jr.,2,2020,2019-20
0021900192,1629655,1629632,White,2,2020,2019-20
0021900192,1627853,1629655,Gafford,2,2020,2019-20
0021900192,201152,1627853,Arcidiacono,3,2020,2019-20
0021900192,1627739,201152,Young,2,2020,2019-20
0021900192,1629632,1627853,Arcidiacono,3,2020,2019-20
0021900192,1627739,1629632,White,3,2020,2019-20
0021900192,1627739,1629632,White,3,2020,2019-20
0021900209,203107,203897,LaVine,3,2020,2019-20
0021900209,203107,1628374,Markkanen,2,2020,2019-20
0021900209,203897,1628374,Markkanen,3,2020,2019-20
0021900209,203107,1628374,Markkanen,2,2020,2019-20
0021900209,1627885,203897,LaVine,2,2020,2019-20
0021900209,203107,1627885,Harrison,3,2020,2019-20
0021900209,1627739,1629632,White,3,2020,2019-20
0021900209,1627739,201152,Young,2,2020,2019-20
0021900209,1628976,1627853,Arcidiacono,3,2020,2019-20
0021900209,1627739,1627853,Arcidiacono,3,2020,2019-20
0021900209,203107,1627885,Harrison,2,2020,2019-20
0021900209,203107,1627885,Harrison,2,2020,2019-20
0021900209,203897,1628374,Markkanen,3,2020,2019-20
0021900209,203897,1628374,Markkanen,2,2020,2019-20
0021900209,203107,1627885,Harrison,2,2020,2019-20
0021900209,1627885,203107,Satoransky,3,2020,2019-20
0021900209,203897,203107,Satoransky,3,2020,2019-20
0021900209,1629632,1628976,Carter Jr.,2,2020,2019-20
0021900209,1627739,1629632,White,3,2020,2019-20
0021900209,1627739,201152,Young,2,2020,2019-20
0021900209,1627853,201152,Young,3,2020,2019-20
0021900209,1627853,1627739,Dunn,2,2020,2019-20
0021900209,1627885,203107,Satoransky,2,2020,2019-20
0021900209,1627885,1628374,Markkanen,3,2020,2019-20
0021900209,1627885,203107,Satoransky,3,2020,2019-20
0021900219,1627885,1628374,Markkanen,2,2020,2019-20
0021900219,203107,1627853,Arcidiacono,3,2020,2019-20
0021900219,1627885,1628976,Carter Jr.,2,2020,2019-20
0021900219,1627739,201152,Young,3,2020,2019-20
0021900219,1627739,203897,LaVine,2,2020,2019-20
0021900219,201152,1628374,Markkanen,2,2020,2019-20
0021900219,201152,1627739,Dunn,2,2020,2019-20
0021900219,203107,1627885,Harrison,2,2020,2019-20
0021900219,1628374,203897,LaVine,2,2020,2019-20
0021900219,203107,1629632,White,2,2020,2019-20
0021900219,203107,201152,Young,2,2020,2019-20
0021900219,203107,1627853,Arcidiacono,2,2020,2019-20
0021900219,1628976,203107,Satoransky,2,2020,2019-20
0021900219,1627739,203897,LaVine,2,2020,2019-20
0021900219,1627739,1629632,White,3,2020,2019-20
0021900219,203897,1629632,White,3,2020,2019-20
0021900219,1627739,201152,Young,2,2020,2019-20
0021900219,1629632,1627739,Dunn,3,2020,2019-20
0021900219,201152,1627853,Arcidiacono,2,2020,2019-20
0021900219,203897,1627739,Dunn,3,2020,2019-20
0021900219,1627756,1629622,Strus,2,2020,2019-20
0021900219,1627885,1627853,Arcidiacono,3,2020,2019-20
0021900219,1627885,1627756,Valentine,3,2020,2019-20
0021900226,1627885,203107,Satoransky,3,2020,2019-20
0021900226,1627885,1628976,Carter Jr.,2,2020,2019-20
0021900226,203107,203897,LaVine,3,2020,2019-20
0021900226,1628976,203897,LaVine,3,2020,2019-20
0021900226,1628374,1628976,Carter Jr.,3,2020,2019-20
0021900226,1627739,203897,LaVine,3,2020,2019-20
0021900226,201152,1629632,White,2,2020,2019-20
0021900226,201152,1629632,White,3,2020,2019-20
0021900226,201152,1629632,White,2,2020,2019-20
0021900226,201152,1627739,Dunn,2,2020,2019-20
0021900226,1629632,1628976,Carter Jr.,2,2020,2019-20
0021900226,1627853,201152,Young,3,2020,2019-20
0021900226,203107,1628374,Markkanen,3,2020,2019-20
0021900226,203107,1628976,Carter Jr.,2,2020,2019-20
0021900226,203107,1629632,White,2,2020,2019-20
0021900226,203107,203897,LaVine,3,2020,2019-20
0021900226,1628374,203107,Satoransky,2,2020,2019-20
0021900226,203107,1629632,White,3,2020,2019-20
0021900226,1628976,203897,LaVine,3,2020,2019-20
0021900226,1627885,203897,LaVine,3,2020,2019-20
0021900226,203107,203897,LaVine,2,2020,2019-20
0021900226,1627739,203897,LaVine,3,2020,2019-20
0021900226,1629632,203897,LaVine,2,2020,2019-20
0021900226,203107,203897,LaVine,3,2020,2019-20
0021900226,1628976,1629632,White,3,2020,2019-20
0021900226,1627853,1629632,White,2,2020,2019-20
0021900226,1629632,203107,Satoransky,3,2020,2019-20
0021900247,203107,203897,LaVine,3,2020,2019-20
0021900247,203107,1628374,Markkanen,3,2020,2019-20
0021900247,203107,203897,LaVine,2,2020,2019-20
0021900247,203897,1629632,White,3,2020,2019-20
0021900247,203897,201152,Young,3,2020,2019-20
0021900247,201152,1627739,Dunn,2,2020,2019-20
0021900247,201152,1627739,Dunn,2,2020,2019-20
0021900247,1628374,203897,LaVine,2,2020,2019-20
0021900247,203897,1627885,Harrison,3,2020,2019-20
0021900247,1627885,1628976,Carter Jr.,2,2020,2019-20
0021900247,203897,1628374,Markkanen,3,2020,2019-20
0021900247,203107,1627756,Valentine,3,2020,2019-20
0021900247,1628374,1627756,Valentine,2,2020,2019-20
0021900247,203897,203107,Satoransky,3,2020,2019-20
0021900247,1628976,203897,LaVine,2,2020,2019-20
0021900247,1627853,1628976,Carter Jr.,2,2020,2019-20
0021900247,1627739,1629655,Gafford,2,2020,2019-20
0021900247,1628374,1628976,Carter Jr.,2,2020,2019-20
0021900247,203107,1627756,Valentine,2,2020,2019-20
0021900247,1629632,1629655,Gafford,2,2020,2019-20
0021900247,1627756,1628990,Hutchison,2,2020,2019-20
0021900247,1627885,1629632,White,2,2020,2019-20
0021900247,1629632,1627756,Valentine,2,2020,2019-20
0021900247,1627885,1628990,Hutchison,3,2020,2019-20
0021900266,203107,203897,LaVine,3,2020,2019-20
0021900266,203107,1628374,Markkanen,3,2020,2019-20
0021900266,203107,203897,LaVine,2,2020,2019-20
0021900266,203897,203107,Satoransky,3,2020,2019-20
0021900266,201152,1629655,Gafford,2,2020,2019-20
0021900266,1627853,201152,Young,3,2020,2019-20
0021900266,203107,203897,LaVine,3,2020,2019-20
0021900266,203897,1628374,Markkanen,2,2020,2019-20
0021900266,203107,203897,LaVine,2,2020,2019-20
0021900266,1627739,203897,LaVine,3,2020,2019-20
0021900266,203107,203897,LaVine,3,2020,2019-20
0021900266,203897,203107,Satoransky,3,2020,2019-20
0021900266,1628374,1627885,Harrison,3,2020,2019-20
0021900266,1628374,1627885,Harrison,2,2020,2019-20
0021900266,203897,203107,Satoransky,2,2020,2019-20
0021900266,203107,203897,LaVine,2,2020,2019-20
0021900266,203897,201152,Young,2,2020,2019-20
0021900266,1627739,203897,LaVine,2,2020,2019-20
0021900266,1627739,203897,LaVine,2,2020,2019-20
0021900266,1628374,203107,Satoransky,3,2020,2019-20
0021900278,1628374,1628976,Carter Jr.,2,2020,2019-20
0021900278,1628976,203107,Satoransky,3,2020,2019-20
0021900278,1628374,203107,Satoransky,2,2020,2019-20
0021900278,203107,1627739,Dunn,2,2020,2019-20
0021900278,203897,1628976,Carter Jr.,2,2020,2019-20
0021900278,1627853,201152,Young,3,2020,2019-20
0021900278,1627756,1629655,Gafford,2,2020,2019-20
0021900278,203107,203897,LaVine,3,2020,2019-20
0021900278,203107,1627739,Dunn,3,2020,2019-20
0021900278,1627739,1628976,Carter Jr.,2,2020,2019-20
0021900278,1628374,203897,LaVine,2,2020,2019-20
0021900278,1627739,203107,Satoransky,3,2020,2019-20
0021900278,203107,1628374,Markkanen,3,2020,2019-20
0021900278,203897,1629632,White,3,2020,2019-20
0021900278,203107,1628374,Markkanen,2,2020,2019-20
0021900278,1629632,203897,LaVine,3,2020,2019-20
0021900278,1627853,1629632,White,3,2020,2019-20
0021900278,201152,1627853,Arcidiacono,3,2020,2019-20
0021900278,203897,1628976,Carter Jr.,2,2020,2019-20
0021900278,203107,1628976,Carter Jr.,2,2020,2019-20
0021900278,203897,1628374,Markkanen,3,2020,2019-20
0021900278,203107,1627739,Dunn,2,2020,2019-20
0021900278,203897,1628976,Carter Jr.,2,2020,2019-20
0021900278,203107,203897,LaVine,3,2020,2019-20
0021900298,1627739,1628374,Markkanen,3,2020,2019-20
0021900298,1628374,203897,LaVine,3,2020,2019-20
0021900298,1629632,201152,Young,2,2020,2019-20
0021900298,1629632,201152,Young,3,2020,2019-20
0021900298,201152,1629655,Gafford,2,2020,2019-20
0021900298,1629632,1629655,Gafford,2,2020,2019-20
0021900298,1627853,1627756,Valentine,3,2020,2019-20
0021900298,203897,1629632,White,3,2020,2019-20
0021900298,1627739,1628374,Markkanen,3,2020,2019-20
0021900298,203897,1627739,Dunn,2,2020,2019-20
0021900298,203107,1628976,Carter Jr.,2,2020,2019-20
0021900298,203107,1627739,Dunn,2,2020,2019-20
0021900298,203897,1628374,Markkanen,3,2020,2019-20
0021900298,1627739,203897,LaVine,2,2020,2019-20
0021900298,1628976,203897,LaVine,3,2020,2019-20
0021900298,1627756,1629655,Gafford,2,2020,2019-20
0021900298,203107,1629632,White,3,2020,2019-20
0021900298,203107,1629632,White,3,2020,2019-20
0021900298,203107,1628374,Markkanen,3,2020,2019-20
0021900298,1627739,203897,LaVine,3,2020,2019-20
0021900311,203107,1628374,Markkanen,3,2020,2019-20
0021900311,203107,1628976,Carter Jr.,2,2020,2019-20
0021900311,203107,1628374,Markkanen,3,2020,2019-20
0021900311,1627739,203897,LaVine,3,2020,2019-20
0021900311,1627739,1628374,Markkanen,2,2020,2019-20
0021900311,203107,203897,LaVine,2,2020,2019-20
0021900311,201152,1627853,Arcidiacono,3,2020,2019-20
0021900311,201152,1627756,Valentine,3,2020,2019-20
0021900311,1627853,1627756,Valentine,2,2020,2019-20
0021900311,1629632,1627756,Valentine,3,2020,2019-20
0021900311,1627756,1629632,White,3,2020,2019-20
0021900311,1628374,1628976,Carter Jr.,2,2020,2019-20
0021900311,203107,1627739,Dunn,3,2020,2019-20
0021900311,1627739,1628976,Carter Jr.,2,2020,2019-20
0021900311,1627739,203897,LaVine,2,2020,2019-20
0021900311,203897,1628374,Markkanen,3,2020,2019-20
0021900311,203107,203897,LaVine,2,2020,2019-20
0021900311,203107,1628976,Carter Jr.,2,2020,2019-20
0021900311,1627756,201152,Young,3,2020,2019-20
0021900311,203107,203897,LaVine,3,2020,2019-20
0021900311,203897,1627739,Dunn,3,2020,2019-20
0021900311,203897,1628374,Markkanen,3,2020,2019-20
0021900325,1628976,203107,Satoransky,2,2020,2019-20
0021900325,203897,203107,Satoransky,2,2020,2019-20
0021900325,203107,1627739,Dunn,3,2020,2019-20
0021900325,203897,1628374,Markkanen,2,2020,2019-20
0021900325,203897,1629655,Gafford,2,2020,2019-20
0021900325,203897,1628374,Markkanen,3,2020,2019-20
0021900325,1627756,1629632,White,3,2020,2019-20
0021900325,1628374,1629655,Gafford,2,2020,2019-20
0021900325,203897,1628374,Markkanen,3,2020,2019-20
0021900325,203107,1628374,Markkanen,3,2020,2019-20
0021900325,203107,1628374,Markkanen,2,2020,2019-20
0021900325,203107,203897,LaVine,2,2020,2019-20
0021900325,1628976,203897,LaVine,3,2020,2019-20
0021900325,1627739,203897,LaVine,3,2020,2019-20
0021900325,203897,1627853,Arcidiacono,3,2020,2019-20
0021900325,1629632,1629655,Gafford,2,2020,2019-20
0021900325,1627756,1629632,White,3,2020,2019-20
0021900325,1627853,1627756,Valentine,3,2020,2019-20
0021900325,1629632,1627885,Harrison,2,2020,2019-20
0021900325,1627885,1627756,Valentine,3,2020,2019-20
0021900325,203107,1628374,Markkanen,3,2020,2019-20
0021900337,1627739,1628374,Markkanen,3,2020,2019-20
0021900337,203107,1628976,Carter Jr.,2,2020,2019-20
0021900337,1629632,201152,Young,2,2020,2019-20
0021900337,1627756,1629632,White,3,2020,2019-20
0021900337,1627853,1627756,Valentine,3,2020,2019-20
0021900337,1629632,201152,Young,3,2020,2019-20
0021900337,203897,203107,Satoransky,2,2020,2019-20
0021900337,1627885,203897,LaVine,2,2020,2019-20
0021900337,203107,1628374,Markkanen,3,2020,2019-20
0021900337,203897,1628374,Markkanen,3,2020,2019-20
0021900337,1629632,1628374,Markkanen,3,2020,2019-20
0021900337,1629632,203897,LaVine,2,2020,2019-20
0021900337,1629632,1627756,Valentine,3,2020,2019-20
0021900337,1629632,201152,Young,3,2020,2019-20
0021900337,1629632,1627756,Valentine,3,2020,2019-20
0021900337,1628374,1629632,White,3,2020,2019-20
0021900337,1628374,1627739,Dunn,2,2020,2019-20
0021900337,1629632,1628374,Markkanen,2,2020,2019-20
0021900337,1627739,203897,LaVine,2,2020,2019-20
0021900337,203897,1627739,Dunn,2,2020,2019-20
0021900345,203897,1628374,Markkanen,2,2020,2019-20
0021900345,203107,203897,LaVine,2,2020,2019-20
0021900345,1628976,203107,Satoransky,2,2020,2019-20
0021900345,1628976,203107,Satoransky,3,2020,2019-20
0021900345,203107,1628976,Carter Jr.,2,2020,2019-20
0021900345,203897,1628976,Carter Jr.,2,2020,2019-20
0021900345,203107,1628976,Carter Jr.,2,2020,2019-20
0021900345,1628976,203897,LaVine,3,2020,2019-20
0021900345,203107,1628976,Carter Jr.,2,2020,2019-20
0021900345,201152,1629655,Gafford,2,2020,2019-20
0021900345,203107,1628374,Markkanen,3,2020,2019-20
0021900345,203107,203897,LaVine,2,2020,2019-20
0021900345,203107,1628976,Carter Jr.,2,2020,2019-20
0021900345,203897,1628374,Markkanen,2,2020,2019-20
0021900345,203897,203107,Satoransky,3,2020,2019-20
0021900345,203897,1629655,Gafford,2,2020,2019-20
0021900345,203107,1628374,Markkanen,2,2020,2019-20
0021900345,1627739,203107,Satoransky,2,2020,2019-20
0021900345,203897,1629655,Gafford,2,2020,2019-20
0021900345,1629632,201152,Young,3,2020,2019-20
0021900345,1629632,1629655,Gafford,2,2020,2019-20
0021900345,1629632,1627756,Valentine,3,2020,2019-20
0021900345,1629632,1627739,Dunn,3,2020,2019-20
0021900345,203107,1627756,Valentine,2,2020,2019-20
0021900345,1629632,201152,Young,2,2020,2019-20
0021900345,1629655,1627756,Valentine,3,2020,2019-20
0021900345,1627756,1629655,Gafford,2,2020,2019-20
0021900345,1627756,1629655,Gafford,2,2020,2019-20
0021900345,203107,1627756,Valentine,2,2020,2019-20
0021900345,203107,1628374,Markkanen,3,2020,2019-20
0021900361,203107,203897,LaVine,2,2020,2019-20
0021900361,1628374,203897,LaVine,3,2020,2019-20
0021900361,203107,203897,LaVine,2,2020,2019-20
0021900361,1629655,1627756,Valentine,2,2020,2019-20
0021900361,201152,1627756,Valentine,2,2020,2019-20
0021900361,201152,1629632,White,2,2020,2019-20
0021900361,1627756,201152,Young,2,2020,2019-20
0021900361,1629632,1628976,Carter Jr.,2,2020,2019-20
0021900361,1627756,1627739,Dunn,2,2020,2019-20
0021900361,1628976,1629632,White,2,2020,2019-20
0021900361,1628374,203897,LaVine,3,2020,2019-20
0021900361,203897,201152,Young,2,2020,2019-20
0021900361,203897,1628374,Markkanen,3,2020,2019-20
0021900361,203107,201152,Young,2,2020,2019-20
0021900361,201152,1627885,Harrison,2,2020,2019-20
0021900361,1627739,1628374,Markkanen,2,2020,2019-20
0021900361,1627739,203897,LaVine,2,2020,2019-20
0021900361,203897,1628976,Carter Jr.,2,2020,2019-20
0021900361,203107,203897,LaVine,3,2020,2019-20
0021900361,203897,1628976,Carter Jr.,2,2020,2019-20
0021900361,1629655,1629632,White,2,2020,2019-20
0021900361,201152,1629655,Gafford,2,2020,2019-20
0021900361,1627756,1629655,Gafford,2,2020,2019-20
0021900361,201152,1628374,Markkanen,2,2020,2019-20
0021900361,201152,1628374,Markkanen,3,2020,2019-20
0021900361,1627756,1629632,White,2,2020,2019-20
0021900361,1627756,201152,Young,2,2020,2019-20
0021900361,1629632,1628374,Markkanen,2,2020,2019-20
0021900361,1629632,1627885,Harrison,2,2020,2019-20
0021900361,1627885,1629632,White,2,2020,2019-20
0021900361,1627885,201152,Young,2,2020,2019-20
0021900361,1627885,201152,Young,2,2020,2019-20
0021900375,1628976,203107,Satoransky,2,2020,2019-20
0021900375,203107,1628374,Markkanen,2,2020,2019-20
0021900375,1628976,203107,Satoransky,2,2020,2019-20
0021900375,1629632,201152,Young,2,2020,2019-20
0021900375,1627756,1629632,White,3,2020,2019-20
0021900375,201152,1627756,Valentine,2,2020,2019-20
0021900375,1629632,1627853,Arcidiacono,2,2020,2019-20
0021900375,203107,203897,LaVine,3,2020,2019-20
0021900375,1628374,1629655,Gafford,2,2020,2019-20
0021900375,203107,1628374,Markkanen,3,2020,2019-20
0021900375,1627739,203897,LaVine,2,2020,2019-20
0021900375,1627739,1628374,Markkanen,3,2020,2019-20
0021900375,1629632,201152,Young,2,2020,2019-20
0021900375,201152,1629655,Gafford,2,2020,2019-20
0021900375,1627756,201152,Young,2,2020,2019-20
0021900375,1627853,201152,Young,2,2020,2019-20
0021900375,1627739,1627853,Arcidiacono,3,2020,2019-20
0021900375,1628374,203897,LaVine,2,2020,2019-20
0021900375,203897,1628976,Carter Jr.,2,2020,2019-20
0021900375,203897,1627853,Arcidiacono,3,2020,2019-20
0021900382,203107,203897,LaVine,2,2020,2019-20
0021900382,203107,1628374,Markkanen,3,2020,2019-20
0021900382,203107,201152,Young,2,2020,2019-20
0021900382,1628976,201152,Young,2,2020,2019-20
0021900382,1629632,1628976,Carter Jr.,2,2020,2019-20
0021900382,1628374,1627756,Valentine,3,2020,2019-20
0021900382,1627756,201152,Young,3,2020,2019-20
0021900382,1628374,1627739,Dunn,2,2020,2019-20
0021900382,1627739,203897,LaVine,2,2020,2019-20
0021900382,203897,1628976,Carter Jr.,2,2020,2019-20
0021900382,203897,1628374,Markkanen,3,2020,2019-20
0021900382,1628374,1627739,Dunn,3,2020,2019-20
0021900382,203107,203897,LaVine,2,2020,2019-20
0021900382,201152,1628374,Markkanen,3,2020,2019-20
0021900382,1627739,201152,Young,3,2020,2019-20
0021900382,201152,203897,LaVine,2,2020,2019-20
0021900382,203107,1627756,Valentine,3,2020,2019-20
0021900382,201152,203897,LaVine,3,2020,2019-20
0021900382,1627739,1628976,Carter Jr.,2,2020,2019-20
0021900382,1628374,1627756,Valentine,3,2020,2019-20
0021900382,1627739,203897,LaVine,2,2020,2019-20
0021900399,203897,1628976,Carter Jr.,2,2020,2019-20
0021900399,1627739,203107,Satoransky,3,2020,2019-20
0021900399,1627739,203897,LaVine,2,2020,2019-20
0021900399,203107,1628976,Carter Jr.,2,2020,2019-20
0021900399,1627739,203107,Satoransky,2,2020,2019-20
0021900399,1628374,203897,LaVine,2,2020,2019-20
0021900399,203897,1629632,White,2,2020,2019-20
0021900399,201152,1628374,Markkanen,2,2020,2019-20
0021900399,1629632,1627853,Arcidiacono,2,2020,2019-20
0021900399,201152,1627853,Arcidiacono,2,2020,2019-20
0021900399,1629632,1627853,Arcidiacono,3,2020,2019-20
0021900399,1629632,1627756,Valentine,3,2020,2019-20
0021900399,1628976,1627756,Valentine,2,2020,2019-20
0021900399,1627853,1628976,Carter Jr.,2,2020,2019-20
0021900399,1629632,1627853,Arcidiacono,3,2020,2019-20
0021900399,1627853,1627756,Valentine,3,2020,2019-20
0021900399,1629632,1628976,Carter Jr.,2,2020,2019-20
0021900399,203107,203897,LaVine,2,2020,2019-20
0021900399,203107,1628976,Carter Jr.,2,2020,2019-20
0021900399,1627739,203897,LaVine,2,2020,2019-20
0021900399,203107,203897,LaVine,3,2020,2019-20
0021900399,203897,1628374,Markkanen,2,2020,2019-20
0021900399,201152,203897,LaVine,2,2020,2019-20
0021900399,203107,1627739,Dunn,3,2020,2019-20
0021900399,1627739,203897,LaVine,2,2020,2019-20
0021900399,203107,1628374,Markkanen,2,2020,2019-20
0021900399,1628976,203897,LaVine,2,2020,2019-20
0021900409,1628374,1627739,Dunn,2,2020,2019-20
0021900409,203107,1628374,Markkanen,3,2020,2019-20
0021900409,203107,203897,LaVine,2,2020,2019-20
0021900409,1628976,1627739,Dunn,3,2020,2019-20
0021900409,1627739,1628374,Markkanen,2,2020,2019-20
0021900409,1629655,203897,LaVine,2,2020,2019-20
0021900409,203897,203107,Satoransky,2,2020,2019-20
0021900409,1627853,1627756,Valentine,3,2020,2019-20
0021900409,201152,1627853,Arcidiacono,2,2020,2019-20
0021900409,201152,1629632,White,3,2020,2019-20
0021900409,1627739,1629655,Gafford,2,2020,2019-20
0021900409,203897,1628374,Markkanen,3,2020,2019-20
0021900409,1627739,1628374,Markkanen,2,2020,2019-20
0021900409,1627853,1628374,Markkanen,3,2020,2019-20
0021900409,1627853,1627739,Dunn,2,2020,2019-20
0021900409,203897,203107,Satoransky,2,2020,2019-20
0021900409,203107,1628374,Markkanen,3,2020,2019-20
0021900409,1628976,203897,LaVine,2,2020,2019-20
0021900409,203107,1628976,Carter Jr.,2,2020,2019-20
0021900409,203897,1628374,Markkanen,2,2020,2019-20
0021900409,203107,1628374,Markkanen,3,2020,2019-20
0021900409,203107,203897,LaVine,2,2020,2019-20
0021900409,1627739,203107,Satoransky,3,2020,2019-20
0021900409,1627739,1628374,Markkanen,2,2020,2019-20
0021900409,203897,1628976,Carter Jr.,2,2020,2019-20
0021900432,203897,203107,Satoransky,3,2020,2019-20
0021900432,1627739,1628976,Carter Jr.,2,2020,2019-20
0021900432,1628976,203107,Satoransky,3,2020,2019-20
0021900432,203107,203897,LaVine,3,2020,2019-20
0021900432,1628374,1629632,White,3,2020,2019-20
0021900432,1627853,201152,Young,3,2020,2019-20
0021900432,1629632,1627853,Arcidiacono,3,2020,2019-20
0021900432,1627853,201152,Young,2,2020,2019-20
0021900432,203897,201152,Young,3,2020,2019-20
0021900432,201152,1627739,Dunn,3,2020,2019-20
0021900432,203107,1628976,Carter Jr.,2,2020,2019-20
0021900432,1627739,1628374,Markkanen,3,2020,2019-20
0021900432,203897,1628976,Carter Jr.,2,2020,2019-20
0021900432,1627739,1628374,Markkanen,2,2020,2019-20
0021900432,203107,1628976,Carter Jr.,3,2020,2019-20
0021900432,203897,1628374,Markkanen,2,2020,2019-20
0021900432,1628374,1629632,White,3,2020,2019-20
0021900432,1627739,1629632,White,3,2020,2019-20
0021900432,203107,1629632,White,3,2020,2019-20
0021900432,203107,203897,LaVine,3,2020,2019-20
0021900432,203897,1628374,Markkanen,2,2020,2019-20
0021900448,1627739,1628374,Markkanen,2,2020,2019-20
0021900448,1627739,203897,LaVine,3,2020,2019-20
0021900448,1628374,1627739,Dunn,3,2020,2019-20
0021900448,203107,1628976,Carter Jr.,2,2020,2019-20
0021900448,1627739,1628976,Carter Jr.,2,2020,2019-20
0021900448,1629632,1628976,Carter Jr.,2,2020,2019-20
0021900448,1627739,201152,Young,2,2020,2019-20
0021900448,201152,1627853,Arcidiacono,3,2020,2019-20
0021900448,1627853,203107,Satoransky,3,2020,2019-20
0021900448,203107,203897,LaVine,2,2020,2019-20
0021900448,201152,203897,LaVine,3,2020,2019-20
0021900448,203897,1628374,Markkanen,3,2020,2019-20
0021900448,203897,1628374,Markkanen,3,2020,2019-20
0021900448,1627739,203897,LaVine,3,2020,2019-20
0021900448,1628374,203107,Satoransky,3,2020,2019-20
0021900448,1627739,203897,LaVine,2,2020,2019-20
0021900448,203107,1628374,Markkanen,2,2020,2019-20
0021900448,1629655,1629632,White,3,2020,2019-20
0021900448,201152,1629655,Gafford,2,2020,2019-20
0021900448,201152,203107,Satoransky,3,2020,2019-20
0021900477,1628374,203897,LaVine,3,2020,2019-20
0021900477,203107,1628374,Markkanen,2,2020,2019-20
0021900477,203897,1628374,Markkanen,3,2020,2019-20
0021900477,203107,1628374,Markkanen,3,2020,2019-20
0021900477,203107,1628976,Carter Jr.,2,2020,2019-20
0021900477,1628976,203897,LaVine,3,2020,2019-20
0021900477,1627739,1629655,Gafford,2,2020,2019-20
0021900477,1627739,201152,Young,2,2020,2019-20
0021900477,203107,1628976,Carter Jr.,3,2020,2019-20
0021900477,1628976,1628374,Markkanen,3,2020,2019-20
0021900477,203897,1628374,Markkanen,2,2020,2019-20
0021900477,1628976,203107,Satoransky,3,2020,2019-20
0021900477,203897,203107,Satoransky,2,2020,2019-20
0021900477,201152,203897,LaVine,2,2020,2019-20
0021900477,203107,203897,LaVine,2,2020,2019-20
0021900477,203897,203107,Satoransky,2,2020,2019-20
0021900477,1627739,1628976,Carter Jr.,3,2020,2019-20
0021900477,203107,201152,Young,3,2020,2019-20
0021900477,1627739,1628374,Markkanen,3,2020,2019-20
0021900477,1628976,1629632,White,3,2020,2019-20
0021900477,1627885,1627756,Valentine,3,2020,2019-20
0021900477,1627756,1628436,Kornet,3,2020,2019-20
0021900493,203897,1628374,Markkanen,2,2020,2019-20
0021900493,203107,1628374,Markkanen,3,2020,2019-20
0021900493,203107,203897,LaVine,3,2020,2019-20
0021900493,1627739,1628976,Carter Jr.,2,2020,2019-20
0021900493,201152,1627756,Valentine,3,2020,2019-20
0021900493,201152,1629632,White,3,2020,2019-20
0021900493,1627756,1629632,White,3,2020,2019-20
0021900493,1627739,1629632,White,3,2020,2019-20
0021900493,203897,1629655,Gafford,2,2020,2019-20
0021900493,1629655,1629632,White,2,2020,2019-20
0021900493,203897,1628374,Markkanen,3,2020,2019-20
0021900493,203107,1628374,Markkanen,3,2020,2019-20
0021900493,203107,1628374,Markkanen,3,2020,2019-20
0021900493,203897,1628976,Carter Jr.,2,2020,2019-20
0021900493,1628976,1627853,Arcidiacono,2,2020,2019-20
0021900493,1629655,203897,LaVine,3,2020,2019-20
0021900493,1627853,201152,Young,3,2020,2019-20
0021900493,1627853,1629632,White,2,2020,2019-20
0021900493,201152,1629655,Gafford,2,2020,2019-20
0021900493,201152,1629655,Gafford,2,2020,2019-20
0021900493,203107,1628374,Markkanen,3,2020,2019-20
0021900493,203897,203107,Satoransky,3,2020,2019-20
0021900493,203107,203897,LaVine,3,2020,2019-20
0021900493,203107,1628976,Carter Jr.,2,2020,2019-20
0021900493,1629632,203897,LaVine,3,2020,2019-20
0021900493,1627885,1628436,Kornet,3,2020,2019-20
0021900511,1627739,1628976,Carter Jr.,3,2020,2019-20
0021900511,203897,1628976,Carter Jr.,2,2020,2019-20
0021900511,203897,1628374,Markkanen,2,2020,2019-20
0021900511,1628374,1629655,Gafford,2,2020,2019-20
0021900511,1627739,203897,LaVine,3,2020,2019-20
0021900511,1629632,1628976,Carter Jr.,2,2020,2019-20
0021900511,1629632,1628976,Carter Jr.,2,2020,2019-20
0021900511,203897,203107,Satoransky,2,2020,2019-20
0021900511,203107,1628374,Markkanen,3,2020,2019-20
0021900511,203107,1628374,Markkanen,2,2020,2019-20
0021900511,203107,1628374,Markkanen,3,2020,2019-20
0021900511,1628976,203107,Satoransky,2,2020,2019-20
0021900511,1628976,201152,Young,3,2020,2019-20
0021900511,1628976,203897,LaVine,2,2020,2019-20
0021900511,1628976,1627885,Harrison,3,2020,2019-20
0021900511,1627739,1628976,Carter Jr.,2,2020,2019-20
0021900511,1629655,1628374,Markkanen,3,2020,2019-20
0021900511,1627739,1629655,Gafford,2,2020,2019-20
0021900511,203897,1628976,Carter Jr.,2,2020,2019-20
0021900511,203897,1627739,Dunn,3,2020,2019-20
0021900511,1628374,1628976,Carter Jr.,2,2020,2019-20
0021900511,203107,203897,LaVine,3,2020,2019-20
0021900529,1627739,203897,LaVine,3,2020,2019-20
0021900529,203107,203897,LaVine,2,2020,2019-20
0021900529,1628374,203897,LaVine,3,2020,2019-20
0021900529,203107,1628374,Markkanen,3,2020,2019-20
0021900529,1628976,1629632,White,3,2020,2019-20
0021900529,1627739,1629632,White,3,2020,2019-20
0021900529,201152,1627739,Dunn,2,2020,2019-20
0021900529,201152,203107,Satoransky,3,2020,2019-20
0021900529,1629655,1627739,Dunn,3,2020,2019-20
0021900529,201152,1628374,Markkanen,3,2020,2019-20
0021900529,1627739,1628374,Markkanen,3,2020,2019-20
0021900529,1627739,203897,LaVine,2,2020,2019-20
0021900529,203107,1628374,Markkanen,2,2020,2019-20
0021900529,1627739,203897,LaVine,3,2020,2019-20
0021900529,203107,1628976,Carter Jr.,2,2020,2019-20
0021900529,1628976,1628374,Markkanen,2,2020,2019-20
0021900529,1629632,201152,Young,2,2020,2019-20
0021900529,203897,1627739,Dunn,2,2020,2019-20
0021900529,203107,201152,Young,2,2020,2019-20
0021900529,203897,203107,Satoransky,2,2020,2019-20
0021900529,203897,201152,Young,2,2020,2019-20
0021900529,1627739,203897,LaVine,2,2020,2019-20
0021900529,1627739,201152,Young,3,2020,2019-20
0021900545,203897,1628374,Markkanen,2,2020,2019-20
0021900545,1627739,1628374,Markkanen,3,2020,2019-20
0021900545,203107,203897,LaVine,2,2020,2019-20
0021900545,203897,1628374,Markkanen,3,2020,2019-20
0021900545,203897,1628976,Carter Jr.,2,2020,2019-20
0021900545,1627739,1628976,Carter Jr.,2,2020,2019-20
0021900545,203107,1628374,Markkanen,2,2020,2019-20
0021900545,203107,1629632,White,3,2020,2019-20
0021900545,203107,201152,Young,2,2020,2019-20
0021900545,203107,1629655,Gafford,2,2020,2019-20
0021900545,1629632,203897,LaVine,2,2020,2019-20
0021900545,203897,1629632,White,3,2020,2019-20
0021900545,203107,201152,Young,3,2020,2019-20
0021900545,203897,203107,Satoransky,3,2020,2019-20
0021900545,203107,1629655,Gafford,2,2020,2019-20
0021900545,203107,1627885,Harrison,2,2020,2019-20
0021900545,203897,1629632,White,3,2020,2019-20
0021900545,201152,1629655,Gafford,2,2020,2019-20
0021900545,203107,1629655,Gafford,2,2020,2019-20
0021900545,203107,1627739,Dunn,2,2020,2019-20
0021900545,203107,203897,LaVine,2,2020,2019-20
0021900545,203107,203897,LaVine,2,2020,2019-20
0021900545,203107,203897,LaVine,2,2020,2019-20
0021900545,203107,1628374,Markkanen,3,2020,2019-20
0021900545,203897,1628374,Markkanen,3,2020,2019-20
0021900560,203107,203897,LaVine,2,2020,2019-20
0021900560,1627739,203897,LaVine,2,2020,2019-20
0021900560,203897,1628374,Markkanen,3,2020,2019-20
0021900560,203897,1627739,Dunn,3,2020,2019-20
0021900560,203897,201152,Young,2,2020,2019-20
0021900560,1627739,201152,Young,2,2020,2019-20
0021900560,1627739,1628374,Markkanen,2,2020,2019-20
0021900560,1627739,1628374,Markkanen,3,2020,2019-20
0021900560,203897,201152,Young,3,2020,2019-20
0021900560,203897,1627739,Dunn,2,2020,2019-20
0021900560,203897,203107,Satoransky,2,2020,2019-20
0021900560,201152,1627739,Dunn,3,2020,2019-20
0021900560,1628374,1627739,Dunn,3,2020,2019-20
0021900560,1629632,201152,Young,3,2020,2019-20
0021900560,1627739,203897,LaVine,2,2020,2019-20
0021900560,1627853,201152,Young,2,2020,2019-20
0021900560,201152,1627853,Arcidiacono,2,2020,2019-20
0021900560,1629632,203107,Satoransky,3,2020,2019-20
0021900560,1627739,201152,Young,3,2020,2019-20
0021900560,1627739,203897,LaVine,2,2020,2019-20
0021900560,1627756,1628436,Kornet,3,2020,2019-20
0021900560,1627885,1627853,Arcidiacono,3,2020,2019-20
0021900570,203107,1627739,Dunn,3,2020,2019-20
0021900570,1629632,1628374,Markkanen,3,2020,2019-20
0021900570,1628436,203897,LaVine,3,2020,2019-20
0021900570,1628436,1628990,Hutchison,2,2020,2019-20
0021900570,1628990,201152,Young,2,2020,2019-20
0021900570,1627739,1629632,White,3,2020,2019-20
0021900570,203107,1627739,Dunn,2,2020,2019-20
0021900570,1628374,203897,LaVine,2,2020,2019-20
0021900570,1628374,203897,LaVine,3,2020,2019-20
0021900570,1628374,203897,LaVine,3,2020,2019-20
0021900570,203107,1628374,Markkanen,3,2020,2019-20
0021900570,203897,203107,Satoransky,2,2020,2019-20
0021900570,1628374,203107,Satoransky,3,2020,2019-20
0021900570,201152,1628374,Markkanen,2,2020,2019-20
0021900570,1629655,203897,LaVine,3,2020,2019-20
0021900570,1627739,1628374,Markkanen,3,2020,2019-20
0021900579,203897,1629655,Gafford,2,2020,2019-20
0021900579,1628374,203107,Satoransky,2,2020,2019-20
0021900579,203107,203897,LaVine,2,2020,2019-20
0021900579,203897,1627739,Dunn,2,2020,2019-20
0021900579,1627739,1628374,Markkanen,3,2020,2019-20
0021900579,203897,1628436,Kornet,2,2020,2019-20
0021900579,203897,1628436,Kornet,2,2020,2019-20
0021900579,1629632,1628436,Kornet,2,2020,2019-20
0021900579,1628436,1629632,White,3,2020,2019-20
0021900579,1629632,1628436,Kornet,3,2020,2019-20
0021900579,1627853,1628436,Kornet,3,2020,2019-20
0021900579,201152,1627853,Arcidiacono,3,2020,2019-20
0021900579,1627853,1628990,Hutchison,2,2020,2019-20
0021900579,1629632,1629655,Gafford,2,2020,2019-20
0021900579,1629655,203897,LaVine,2,2020,2019-20
0021900579,1628374,1627739,Dunn,3,2020,2019-20
0021900579,203107,1629655,Gafford,2,2020,2019-20
0021900579,1629655,203107,Satoransky,2,2020,2019-20
0021900579,1627739,1629655,Gafford,2,2020,2019-20
0021900579,203897,1628436,Kornet,3,2020,2019-20
0021900579,1627853,1628990,Hutchison,3,2020,2019-20
0021900579,1629632,1627853,Arcidiacono,3,2020,2019-20
0021900579,203107,1628374,Markkanen,3,2020,2019-20
0021900579,203897,1627739,Dunn,2,2020,2019-20
0021900593,203107,1629655,Gafford,2,2020,2019-20
0021900593,203107,203897,LaVine,2,2020,2019-20
0021900593,1629632,1627739,Dunn,2,2020,2019-20
0021900593,203897,201152,Young,2,2020,2019-20
0021900593,1629655,1628374,Markkanen,2,2020,2019-20
0021900593,203107,1629655,Gafford,2,2020,2019-20
0021900593,203107,203897,LaVine,3,2020,2019-20
0021900593,203897,203107,Satoransky,2,2020,2019-20
0021900593,1627739,201152,Young,2,2020,2019-20
0021900593,1629632,1627739,Dunn,3,2020,2019-20
0021900593,1629632,203897,LaVine,3,2020,2019-20
0021900593,1629632,201152,Young,2,2020,2019-20
0021900593,201152,203897,LaVine,2,2020,2019-20
0021900593,203107,1627739,Dunn,2,2020,2019-20
0021900593,203107,203897,LaVine,2,2020,2019-20
0021900593,203107,203897,LaVine,3,2020,2019-20
0021900607,1627739,1629655,Gafford,2,2020,2019-20
0021900607,1628436,203897,LaVine,2,2020,2019-20
0021900607,203107,1628374,Markkanen,2,2020,2019-20
0021900607,203897,1628436,Kornet,3,2020,2019-20
0021900607,203107,1628436,Kornet,2,2020,2019-20
0021900607,1627739,203897,LaVine,2,2020,2019-20
0021900607,203897,1628374,Markkanen,3,2020,2019-20
0021900607,1628374,1628990,Hutchison,2,2020,2019-20
0021900607,1629632,1628990,Hutchison,2,2020,2019-20
0021900607,1627739,201152,Young,2,2020,2019-20
0021900607,203107,203897,LaVine,2,2020,2019-20
0021900607,203897,1628436,Kornet,2,2020,2019-20
0021900607,203897,203107,Satoransky,2,2020,2019-20
0021900607,203107,1628436,Kornet,2,2020,2019-20
0021900607,1627739,203897,LaVine,3,2020,2019-20
0021900607,1627739,203107,Satoransky,2,2020,2019-20
0021900607,203107,1627739,Dunn,2,2020,2019-20
0021900607,203897,1628374,Markkanen,3,2020,2019-20
0021900607,1627853,201152,Young,3,2020,2019-20
0021900607,1629632,201152,Young,3,2020,2019-20
0021900607,1628436,201152,Young,3,2020,2019-20
0021900607,1627853,1628990,Hutchison,2,2020,2019-20
0021900607,203897,203107,Satoransky,2,2020,2019-20
0021900607,203897,1628374,Markkanen,2,2020,2019-20
0021900607,1627739,203897,LaVine,3,2020,2019-20
0021900607,1627739,203897,LaVine,3,2020,2019-20
0021900620,203897,1628374,Markkanen,2,2020,2019-20
0021900620,203107,1628436,Kornet,3,2020,2019-20
0021900620,203107,203897,LaVine,2,2020,2019-20
0021900620,1627739,203897,LaVine,2,2020,2019-20
0021900620,1627739,1628374,Markkanen,2,2020,2019-20
0021900620,1629632,1626245,Felicio,2,2020,2019-20
0021900620,1627853,1629632,White,3,2020,2019-20
0021900620,201152,203897,LaVine,2,2020,2019-20
0021900620,203897,1628374,Markkanen,2,2020,2019-20
0021900620,203107,201152,Young,2,2020,2019-20
0021900620,203107,1628374,Markkanen,3,2020,2019-20
0021900620,203107,1628374,Markkanen,3,2020,2019-20
0021900620,1628436,203897,LaVine,2,2020,2019-20
0021900620,203107,1628436,Kornet,2,2020,2019-20
0021900620,203897,1628436,Kornet,3,2020,2019-20
0021900620,201152,1626245,Felicio,2,2020,2019-20
0021900620,1629632,1628990,Hutchison,3,2020,2019-20
0021900620,1629632,1628436,Kornet,2,2020,2019-20
0021900620,1629632,1628990,Hutchison,2,2020,2019-20
0021900620,1628374,203107,Satoransky,2,2020,2019-20
0021900620,1628436,203897,LaVine,2,2020,2019-20
0021900631,203107,1628436,Kornet,3,2020,2019-20
0021900631,1628436,203107,Satoransky,2,2020,2019-20
0021900631,1628436,1627739,Dunn,2,2020,2019-20
0021900631,203107,1628436,Kornet,3,2020,2019-20
0021900631,1626245,1627739,Dunn,3,2020,2019-20
0021900631,1628436,1627853,Arcidiacono,2,2020,2019-20
0021900631,1628990,201152,Young,2,2020,2019-20
0021900631,1629632,201152,Young,3,2020,2019-20
0021900631,203897,203107,Satoransky,2,2020,2019-20
0021900631,203107,203897,LaVine,2,2020,2019-20
0021900631,203107,203897,LaVine,2,2020,2019-20
0021900631,203897,1628374,Markkanen,2,2020,2019-20
0021900631,203107,1628374,Markkanen,3,2020,2019-20
0021900631,203107,1628374,Markkanen,2,2020,2019-20
0021900631,1627739,1628436,Kornet,3,2020,2019-20
0021900631,1629632,203897,LaVine,2,2020,2019-20
0021900631,203897,1626245,Felicio,2,2020,2019-20
0021900631,1629632,201152,Young,2,2020,2019-20
0021900631,1627739,1628374,Markkanen,3,2020,2019-20
0021900631,203107,203897,LaVine,2,2020,2019-20
0021900631,1628374,203897,LaVine,3,2020,2019-20
0021900631,1627739,203897,LaVine,2,2020,2019-20
0021900631,203107,1628374,Markkanen,2,2020,2019-20
0021900631,1627739,203107,Satoransky,2,2020,2019-20
0021900631,1628436,203897,LaVine,2,2020,2019-20
0021900647,203107,1627739,Dunn,3,2020,2019-20
0021900647,1627739,1628436,Kornet,3,2020,2019-20
0021900647,203107,1628436,Kornet,3,2020,2019-20
0021900647,1626245,203897,LaVine,3,2020,2019-20
0021900647,1628436,201152,Young,3,2020,2019-20
0021900647,1628990,1627853,Arcidiacono,2,2020,2019-20
0021900647,1628436,1628990,Hutchison,3,2020,2019-20
0021900647,1629632,201152,Young,3,2020,2019-20
0021900647,201152,203107,Satoransky,3,2020,2019-20
0021900647,203107,1628990,Hutchison,2,2020,2019-20
0021900647,203107,1627739,Dunn,2,2020,2019-20
0021900647,1627739,201152,Young,3,2020,2019-20
0021900647,201152,1627739,Dunn,3,2020,2019-20
0021900647,203897,201152,Young,3,2020,2019-20
0021900647,1628990,1629632,White,3,2020,2019-20
0021900647,201152,1627739,Dunn,3,2020,2019-20
0021900647,1626245,1627853,Arcidiacono,2,2020,2019-20
0021900647,1627853,1627885,Harrison,2,2020,2019-20
0021900661,203107,1628374,Markkanen,3,2020,2019-20
0021900661,203107,1628436,Kornet,2,2020,2019-20
0021900661,1628436,203107,Satoransky,2,2020,2019-20
0021900661,1627739,1628436,Kornet,3,2020,2019-20
0021900661,203897,1628436,Kornet,2,2020,2019-20
0021900661,203107,203897,LaVine,2,2020,2019-20
0021900661,1629632,201152,Young,2,2020,2019-20
0021900661,1627853,201152,Young,2,2020,2019-20
0021900661,1627853,1629632,White,2,2020,2019-20
0021900661,1628990,1628436,Kornet,2,2020,2019-20
0021900661,1627739,1629632,White,2,2020,2019-20
0021900661,203107,1628374,Markkanen,2,2020,2019-20
0021900661,1628436,203897,LaVine,2,2020,2019-20
0021900661,1629632,1628374,Markkanen,3,2020,2019-20
0021900661,1626245,1629632,White,3,2020,2019-20
0021900661,1627853,1626245,Felicio,2,2020,2019-20
0021900661,1627853,1628990,Hutchison,2,2020,2019-20
0021900661,1627739,1628374,Markkanen,3,2020,2019-20
0021900661,1627739,1628374,Markkanen,3,2020,2019-20
0021900661,203107,1627739,Dunn,2,2020,2019-20
0021900661,1628374,203897,LaVine,3,2020,2019-20
0021900674,203897,1627739,Dunn,2,2020,2019-20
0021900674,1627739,201152,Young,2,2020,2019-20
0021900674,203897,201152,Young,2,2020,2019-20
0021900674,201152,203897,LaVine,3,2020,2019-20
0021900674,201152,203897,LaVine,2,2020,2019-20
0021900674,1627853,1629632,White,3,2020,2019-20
0021900674,1627885,1627853,Arcidiacono,3,2020,2019-20
0021900674,1627885,1628990,Hutchison,2,2020,2019-20
0021900674,1629632,1627885,Harrison,2,2020,2019-20
0021900674,1628990,1628436,Kornet,2,2020,2019-20
0021900674,1627739,1628990,Hutchison,2,2020,2019-20
0021900674,1627756,203107,Satoransky,3,2020,2019-20
0021900674,1627739,203897,LaVine,2,2020,2019-20
0021900674,1627739,203897,LaVine,3,2020,2019-20
0021900674,1627739,203897,LaVine,2,2020,2019-20
0021900674,203107,1627739,Dunn,3,2020,2019-20
0021900674,203107,201152,Young,2,2020,2019-20
0021900674,1628990,1628436,Kornet,2,2020,2019-20
0021900674,1628436,1628990,Hutchison,2,2020,2019-20
0021900674,1627756,203897,LaVine,2,2020,2019-20
0021900674,1629632,1627756,Valentine,2,2020,2019-20
0021900674,1627739,1628990,Hutchison,2,2020,2019-20
0021900674,1628990,1629632,White,3,2020,2019-20
0021900682,1627739,201152,Young,2,2020,2019-20
0021900682,1627739,203107,Satoransky,3,2020,2019-20
0021900682,203897,1627739,Dunn,2,2020,2019-20
0021900682,203107,1627739,Dunn,2,2020,2019-20
0021900682,201152,1627739,Dunn,2,2020,2019-20
0021900682,1627756,1627853,Arcidiacono,3,2020,2019-20
0021900682,1627756,1627853,Arcidiacono,3,2020,2019-20
0021900682,1627739,203897,LaVine,2,2020,2019-20
0021900682,1628436,1628990,Hutchison,3,2020,2019-20
0021900682,203107,203897,LaVine,2,2020,2019-20
0021900682,203897,203107,Satoransky,2,2020,2019-20
0021900682,203897,201152,Young,2,2020,2019-20
0021900682,203897,201152,Young,2,2020,2019-20
0021900682,203897,203107,Satoransky,2,2020,2019-20
0021900682,203897,203107,Satoransky,2,2020,2019-20
0021900682,1627739,201152,Young,2,2020,2019-20
0021900682,203107,1628436,Kornet,2,2020,2019-20
0021900682,203897,1628436,Kornet,2,2020,2019-20
0021900682,203107,1628436,Kornet,2,2020,2019-20
0021900682,203107,203897,LaVine,3,2020,2019-20
0021900682,201152,203107,Satoransky,2,2020,2019-20
0021900682,203897,1627853,Arcidiacono,3,2020,2019-20
0021900682,1629632,1627756,Valentine,3,2020,2019-20
0021900682,203107,201152,Young,2,2020,2019-20
0021900695,1628436,201152,Young,2,2020,2019-20
0021900695,1627739,203107,Satoransky,2,2020,2019-20
0021900695,203107,1627739,Dunn,2,2020,2019-20
0021900695,1628436,203897,LaVine,2,2020,2019-20
0021900695,1628436,201152,Young,3,2020,2019-20
0021900695,1627739,1629632,White,3,2020,2019-20
0021900695,1626245,1627756,Valentine,2,2020,2019-20
0021900695,1627853,1628990,Hutchison,2,2020,2019-20
0021900695,1629632,1628436,Kornet,3,2020,2019-20
0021900695,1627739,1629632,White,3,2020,2019-20
0021900695,1627739,1627756,Valentine,3,2020,2019-20
0021900695,201152,1627739,Dunn,2,2020,2019-20
0021900695,201152,1626245,Felicio,2,2020,2019-20
0021900695,203107,1629632,White,2,2020,2019-20
0021900695,1627739,203107,Satoransky,2,2020,2019-20
0021900695,203107,201152,Young,2,2020,2019-20
0021900695,1627739,203897,LaVine,3,2020,2019-20
0021900695,1627739,1626245,Felicio,2,2020,2019-20
0021900695,1627756,1628990,Hutchison,2,2020,2019-20
0021900695,203107,1627756,Valentine,3,2020,2019-20
0021900695,1627756,203107,Satoransky,3,2020,2019-20
0021900695,203107,1627756,Valentine,3,2020,2019-20
0021900695,203107,1627756,Valentine,3,2020,2019-20
0021900695,1627756,203897,LaVine,3,2020,2019-20
0021900695,1628990,1628436,Kornet,2,2020,2019-20
0021900695,203897,1628436,Kornet,3,2020,2019-20
0021900695,203897,203107,Satoransky,2,2020,2019-20
0021900695,1627739,201152,Young,3,2020,2019-20
0021900708,203107,201152,Young,2,2020,2019-20
0021900708,1627739,203107,Satoransky,2,2020,2019-20
0021900708,203897,201152,Young,2,2020,2019-20
0021900708,1627739,201152,Young,2,2020,2019-20
0021900708,203897,1628990,Hutchison,2,2020,2019-20
0021900708,1626245,203897,LaVine,2,2020,2019-20
0021900708,1627756,1628436,Kornet,2,2020,2019-20
0021900708,1628990,1627853,Arcidiacono,2,2020,2019-20
0021900708,203897,1628990,Hutchison,2,2020,2019-20
0021900708,1627853,1628990,Hutchison,2,2020,2019-20
0021900708,203107,1628990,Hutchison,2,2020,2019-20
0021900708,203897,201152,Young,3,2020,2019-20
0021900708,203107,1626245,Felicio,2,2020,2019-20
0021900708,203107,1627739,Dunn,2,2020,2019-20
0021900708,1627739,201152,Young,2,2020,2019-20
0021900708,203897,1628436,Kornet,2,2020,2019-20
0021900708,203897,1629632,White,3,2020,2019-20
0021900708,203897,1629632,White,3,2020,2019-20
0021900708,203897,1626245,Felicio,2,2020,2019-20
0021900708,1628990,1629632,White,3,2020,2019-20
0021900708,1627853,1628990,Hutchison,2,2020,2019-20
0021900708,203897,1628990,Hutchison,2,2020,2019-20
0021900708,1627853,1628990,Hutchison,2,2020,2019-20
0021900708,1627756,203897,LaVine,2,2020,2019-20
0021900708,201152,203107,Satoransky,3,2020,2019-20
0021900708,201152,1628990,Hutchison,2,2020,2019-20
0021900721,203107,203897,LaVine,2,2020,2019-20
0021900721,203897,1628436,Kornet,2,2020,2019-20
0021900721,201152,1628990,Hutchison,2,2020,2019-20
0021900721,203107,1626245,Felicio,2,2020,2019-20
0021900721,203897,1627853,Arcidiacono,3,2020,2019-20
0021900721,1627853,201152,Young,3,2020,2019-20
0021900721,1627853,1627756,Valentine,2,2020,2019-20
0021900721,1629632,1628436,Kornet,3,2020,2019-20
0021900721,1627756,1628436,Kornet,3,2020,2019-20
0021900721,201152,1627756,Valentine,3,2020,2019-20
0021900721,203897,1628436,Kornet,2,2020,2019-20
0021900721,203107,201152,Young,2,2020,2019-20
0021900721,203897,203107,Satoransky,3,2020,2019-20
0021900721,203107,1627885,Harrison,2,2020,2019-20
0021900721,201152,203897,LaVine,3,2020,2019-20
0021900721,203897,1627885,Harrison,3,2020,2019-20
0021900721,1628436,203897,LaVine,2,2020,2019-20
0021900721,203107,1627853,Arcidiacono,3,2020,2019-20
0021900721,201152,1628436,Kornet,2,2020,2019-20
0021900721,1628436,201152,Young,2,2020,2019-20
0021900721,203897,201152,Young,2,2020,2019-20
0021900721,203107,201152,Young,2,2020,2019-20
0021900721,203897,1629632,White,3,2020,2019-20
0021900721,203107,1629632,White,3,2020,2019-20
0021900721,203897,1628990,Hutchison,2,2020,2019-20
0021900721,203107,201152,Young,2,2020,2019-20
0021900721,1627885,1628436,Kornet,2,2020,2019-20
0021900740,203107,201152,Young,3,2020,2019-20
0021900740,203897,203107,Satoransky,3,2020,2019-20
0021900740,203897,201152,Young,3,2020,2019-20
0021900740,1628436,1628990,Hutchison,2,2020,2019-20
0021900740,1629632,201152,Young,2,2020,2019-20
0021900740,203897,201152,Young,2,2020,2019-20
0021900740,1627756,1629632,White,3,2020,2019-20
0021900740,1629632,1627853,Arcidiacono,3,2020,2019-20
0021900740,1629632,1628990,Hutchison,3,2020,2019-20
0021900740,1629632,1627853,Arcidiacono,3,2020,2019-20
0021900740,203107,1627853,Arcidiacono,3,2020,2019-20
0021900740,1627853,1629632,White,3,2020,2019-20
0021900740,203107,1628436,Kornet,3,2020,2019-20
0021900740,203107,201152,Young,3,2020,2019-20
0021900740,203897,203107,Satoransky,2,2020,2019-20
0021900740,1628990,1628436,Kornet,2,2020,2019-20
0021900740,203897,1628436,Kornet,2,2020,2019-20
0021900740,203897,203107,Satoransky,3,2020,2019-20
0021900740,203107,1629632,White,3,2020,2019-20
0021900740,1629632,201152,Young,2,2020,2019-20
0021900740,201152,203897,LaVine,2,2020,2019-20
0021900740,1627853,1628990,Hutchison,2,2020,2019-20
0021900740,1627756,1629632,White,3,2020,2019-20
0021900740,203897,1627853,Arcidiacono,2,2020,2019-20
0021900740,1627885,1627756,Valentine,3,2020,2019-20
0021900765,203897,203107,Satoransky,3,2020,2019-20
0021900765,203897,1628990,Hutchison,2,2020,2019-20
0021900765,1629632,201152,Young,3,2020,2019-20
0021900765,1627853,1629632,White,2,2020,2019-20
0021900765,1627853,1628990,Hutchison,2,2020,2019-20
0021900765,1629632,1627853,Arcidiacono,3,2020,2019-20
0021900765,1627885,1629632,White,3,2020,2019-20
0021900765,1628436,1627885,Harrison,2,2020,2019-20
0021900765,1628436,1629632,White,3,2020,2019-20
0021900765,1629632,203897,LaVine,2,2020,2019-20
0021900765,1626245,203897,LaVine,3,2020,2019-20
0021900765,1628990,203107,Satoransky,2,2020,2019-20
0021900765,203107,203897,LaVine,2,2020,2019-20
0021900765,201152,1628990,Hutchison,2,2020,2019-20
0021900765,1629632,1628436,Kornet,3,2020,2019-20
0021900765,1627853,1627885,Harrison,2,2020,2019-20
0021900765,203897,201152,Young,2,2020,2019-20
0021900765,1629632,203897,LaVine,2,2020,2019-20
0021900765,203107,1627885,Harrison,2,2020,2019-20
0021900765,1629632,1629690,Mokoka,3,2020,2019-20
0021900765,1629632,1627885,Harrison,2,2020,2019-20
0021900765,1629632,1629690,Mokoka,3,2020,2019-20
0021900765,1627853,1629690,Mokoka,3,2020,2019-20
0021900765,1629632,1629690,Mokoka,2,2020,2019-20
0021900765,1627885,1629690,Mokoka,2,2020,2019-20
0021900788,203107,201152,Young,2,2020,2019-20
0021900788,203107,1628436,Kornet,3,2020,2019-20
0021900788,203897,1628436,Kornet,2,2020,2019-20
0021900788,203107,1628436,Kornet,3,2020,2019-20
0021900788,203897,1628990,Hutchison,3,2020,2019-20
0021900788,1629632,1627885,Harrison,2,2020,2019-20
0021900788,1629632,1627853,Arcidiacono,3,2020,2019-20
0021900788,203897,1626245,Felicio,2,2020,2019-20
0021900788,203897,1626245,Felicio,2,2020,2019-20
0021900788,203107,203897,LaVine,3,2020,2019-20
0021900788,1628990,203897,LaVine,3,2020,2019-20
0021900788,203897,1628436,Kornet,2,2020,2019-20
0021900788,1628990,203107,Satoransky,2,2020,2019-20
0021900788,203897,1629632,White,2,2020,2019-20
0021900788,1627853,1628436,Kornet,2,2020,2019-20
0021900788,203107,1628990,Hutchison,2,2020,2019-20
0021900788,203107,1628436,Kornet,2,2020,2019-20
0021900788,203897,1628436,Kornet,2,2020,2019-20
0021900788,1628990,1628436,Kornet,3,2020,2019-20
0021900788,1629632,203107,Satoransky,3,2020,2019-20
0021900788,203107,201152,Young,2,2020,2019-20
0021900788,203897,201152,Young,2,2020,2019-20
0021900788,1628990,1628436,Kornet,3,2020,2019-20
0021900803,203107,201152,Young,2,2020,2019-20
0021900803,203107,1628436,Kornet,2,2020,2019-20
0021900803,203107,1628990,Hutchison,2,2020,2019-20
0021900803,1626245,201152,Young,3,2020,2019-20
0021900803,203897,1626245,Felicio,2,2020,2019-20
0021900803,1627853,1628990,Hutchison,2,2020,2019-20
0021900803,1629632,1627853,Arcidiacono,3,2020,2019-20
0021900803,1629632,1628436,Kornet,2,2020,2019-20
0021900803,203107,1629632,White,3,2020,2019-20
0021900803,203107,203897,LaVine,3,2020,2019-20
0021900803,203897,203107,Satoransky,2,2020,2019-20
0021900803,203107,203897,LaVine,2,2020,2019-20
0021900803,1626245,203107,Satoransky,3,2020,2019-20
0021900803,203897,203107,Satoransky,3,2020,2019-20
0021900803,1629632,1628990,Hutchison,3,2020,2019-20
0021900803,1629632,203897,LaVine,2,2020,2019-20
0021900803,1626245,1629632,White,3,2020,2019-20
0021900803,1628990,203107,Satoransky,2,2020,2019-20
0021900803,203897,1628436,Kornet,2,2020,2019-20
0021900803,203107,201152,Young,3,2020,2019-20
0021900803,203107,1628990,Hutchison,2,2020,2019-20
0021900803,1629632,1627853,Arcidiacono,2,2020,2019-20
0021900803,1629632,1628436,Kornet,2,2020,2019-20
0021900803,1629632,203897,LaVine,3,2020,2019-20
0021900803,201152,203107,Satoransky,2,2020,2019-20
0021900823,1628436,203897,LaVine,2,2020,2019-20
0021900823,203107,203897,LaVine,2,2020,2019-20
0021900823,203107,1629655,Gafford,2,2020,2019-20
0021900823,1629655,1627885,Harrison,2,2020,2019-20
0021900823,1629632,1627885,Harrison,2,2020,2019-20
0021900823,1629632,1627885,Harrison,2,2020,2019-20
0021900823,1629632,201152,Young,2,2020,2019-20
0021900823,203107,1628436,Kornet,2,2020,2019-20
0021900823,203897,201152,Young,2,2020,2019-20
0021900823,203107,203897,LaVine,2,2020,2019-20
0021900823,201152,203897,LaVine,3,2020,2019-20
0021900823,203107,203897,LaVine,2,2020,2019-20
0021900823,203897,1627853,Arcidiacono,3,2020,2019-20
0021900823,203897,203107,Satoransky,3,2020,2019-20
0021900823,203107,201152,Young,3,2020,2019-20
0021900823,203107,201152,Young,2,2020,2019-20
0021900823,203897,201152,Young,3,2020,2019-20
0021900823,1627885,1629632,White,2,2020,2019-20
0021900823,203897,1628436,Kornet,3,2020,2019-20
0021900823,203897,1627885,Harrison,2,2020,2019-20
0021900823,1627885,1629655,Gafford,2,2020,2019-20
0021900823,1627853,203107,Satoransky,3,2020,2019-20
0021900823,203107,201152,Young,2,2020,2019-20
0021900823,203897,1629632,White,2,2020,2019-20
0021900839,203107,203897,LaVine,3,2020,2019-20
0021900839,203897,201152,Young,3,2020,2019-20
0021900839,201152,203897,LaVine,2,2020,2019-20
0021900839,201152,1629632,White,3,2020,2019-20
0021900839,1627853,1629632,White,2,2020,2019-20
0021900839,1627853,203897,LaVine,2,2020,2019-20
0021900839,1626245,1627853,Arcidiacono,3,2020,2019-20
0021900839,203897,1629632,White,3,2020,2019-20
0021900839,1629632,201152,Young,3,2020,2019-20
0021900839,1629632,201152,Young,3,2020,2019-20
0021900839,203897,201152,Young,2,2020,2019-20
0021900839,203897,1626245,Felicio,2,2020,2019-20
0021900839,203897,1629632,White,3,2020,2019-20
0021900839,1626245,1629632,White,3,2020,2019-20
0021900839,1627853,1626245,Felicio,2,2020,2019-20
0021900839,1629655,1627885,Harrison,2,2020,2019-20
0021900839,1627885,1629632,White,3,2020,2019-20
0021900839,1629690,1627885,Harrison,2,2020,2019-20
0021900845,203107,203897,LaVine,3,2020,2019-20
0021900845,203897,201152,Young,3,2020,2019-20
0021900845,203107,201152,Young,3,2020,2019-20
0021900845,1627853,201152,Young,3,2020,2019-20
0021900845,203107,1629632,White,3,2020,2019-20
0021900845,203107,1629632,White,2,2020,2019-20
0021900845,203107,1629632,White,3,2020,2019-20
0021900845,1629690,1629655,Gafford,2,2020,2019-20
0021900845,1627853,203897,LaVine,3,2020,2019-20
0021900845,1627853,203897,LaVine,3,2020,2019-20
0021900845,203107,203897,LaVine,2,2020,2019-20
0021900845,1627853,203107,Satoransky,2,2020,2019-20
0021900845,203107,201152,Young,2,2020,2019-20
0021900845,1629690,1629632,White,3,2020,2019-20
0021900845,1629632,1627853,Arcidiacono,3,2020,2019-20
0021900845,203897,1629632,White,3,2020,2019-20
0021900845,1627853,203107,Satoransky,2,2020,2019-20
0021900845,203107,203897,LaVine,3,2020,2019-20
0021900845,203107,203897,LaVine,3,2020,2019-20
0021900845,203107,201152,Young,3,2020,2019-20
0021900845,203107,201152,Young,2,2020,2019-20
0021900845,201152,1626245,Felicio,2,2020,2019-20
0021900845,203897,201152,Young,3,2020,2019-20
0021900845,203107,1629655,Gafford,2,2020,2019-20
0021900845,201152,203107,Satoransky,3,2020,2019-20
0021900845,1629632,201152,Young,2,2020,2019-20
0021900845,203107,1629655,Gafford,2,2020,2019-20
0021900859,1627853,203897,LaVine,2,2020,2019-20
0021900859,203897,203107,Satoransky,2,2020,2019-20
0021900859,203897,1626245,Felicio,2,2020,2019-20
0021900859,203107,1629690,Mokoka,3,2020,2019-20
0021900859,1626245,1627853,Arcidiacono,2,2020,2019-20
0021900859,1629632,1626245,Felicio,2,2020,2019-20
0021900859,203107,1627885,Harrison,2,2020,2019-20
0021900859,203107,201152,Young,3,2020,2019-20
0021900859,201152,1629632,White,3,2020,2019-20
0021900859,201152,203897,LaVine,2,2020,2019-20
0021900859,203107,203897,LaVine,2,2020,2019-20
0021900859,201152,203107,Satoransky,2,2020,2019-20
0021900859,203107,203897,LaVine,2,2020,2019-20
0021900859,203107,203897,LaVine,2,2020,2019-20
0021900859,203897,1629655,Gafford,2,2020,2019-20
0021900859,201152,1629632,White,3,2020,2019-20
0021900859,1626245,1629632,White,2,2020,2019-20
0021900859,1627853,1627885,Harrison,2,2020,2019-20
0021900859,203897,1629655,Gafford,2,2020,2019-20
0021900859,203107,1629632,White,3,2020,2019-20
0021900859,1629632,201152,Young,3,2020,2019-20
0021900859,1629632,203897,LaVine,3,2020,2019-20
0021900887,1628976,203107,Satoransky,2,2020,2019-20
0021900887,203897,201152,Young,3,2020,2019-20
0021900887,203107,203897,LaVine,2,2020,2019-20
0021900887,203897,1629655,Gafford,2,2020,2019-20
0021900887,203897,201152,Young,2,2020,2019-20
0021900887,1627853,1628976,Carter Jr.,2,2020,2019-20
0021900887,1629690,1627853,Arcidiacono,3,2020,2019-20
0021900887,1627853,1629632,White,3,2020,2019-20
0021900887,1629632,1629690,Mokoka,3,2020,2019-20
0021900887,203107,201152,Young,3,2020,2019-20
0021900887,201152,203897,LaVine,3,2020,2019-20
0021900887,203107,1627885,Harrison,3,2020,2019-20
0021900887,1627885,201152,Young,3,2020,2019-20
0021900887,203107,1629655,Gafford,2,2020,2019-20
0021900887,203107,203897,LaVine,2,2020,2019-20
0021900887,203897,1629655,Gafford,2,2020,2019-20
0021900887,1629632,203897,LaVine,2,2020,2019-20
0021900887,203897,1629632,White,2,2020,2019-20
0021900887,1629632,1627756,Valentine,2,2020,2019-20
0021900887,1628976,1627756,Valentine,3,2020,2019-20
0021900887,203897,1629690,Mokoka,3,2020,2019-20
0021900887,1626245,203897,LaVine,3,2020,2019-20
0021900887,203107,1629655,Gafford,2,2020,2019-20
0021900887,201152,203897,LaVine,2,2020,2019-20
0021900887,203107,203897,LaVine,2,2020,2019-20
0021900887,203897,1629632,White,3,2020,2019-20
0021900907,201152,1629632,White,3,2020,2019-20
0021900907,203107,1629655,Gafford,2,2020,2019-20
0021900907,203107,1629632,White,2,2020,2019-20
0021900907,1628976,203490,Porter Jr.,2,2020,2019-20
0021900907,1629632,203490,Porter Jr.,3,2020,2019-20
0021900907,203490,1628976,Carter Jr.,2,2020,2019-20
0021900907,203490,1629690,Mokoka,2,2020,2019-20
0021900907,1629655,203490,Porter Jr.,2,2020,2019-20
0021900907,1627756,201152,Young,2,2020,2019-20
0021900907,201152,1627756,Valentine,3,2020,2019-20
0021900907,1629632,1627756,Valentine,2,2020,2019-20
0021900907,1627756,1629655,Gafford,2,2020,2019-20
0021900907,1629632,1627756,Valentine,3,2020,2019-20
0021900907,1627885,201152,Young,2,2020,2019-20
0021900907,203107,1628976,Carter Jr.,2,2020,2019-20
0021900907,203107,1629632,White,3,2020,2019-20
0021900907,1627853,1629632,White,3,2020,2019-20
0021900907,1627853,1629690,Mokoka,2,2020,2019-20
0021900907,1629632,203490,Porter Jr.,3,2020,2019-20
0021900907,1629632,1629655,Gafford,2,2020,2019-20
0021900907,201152,203490,Porter Jr.,3,2020,2019-20
0021900907,203490,1627853,Arcidiacono,2,2020,2019-20
0021900907,201152,203107,Satoransky,3,2020,2019-20
0021900907,203107,1629655,Gafford,2,2020,2019-20
0021900922,1627885,201152,Young,2,2020,2019-20
0021900922,201152,1629632,White,3,2020,2019-20
0021900922,1627853,201152,Young,3,2020,2019-20
0021900922,203490,1627853,Arcidiacono,3,2020,2019-20
0021900922,1629632,203490,Porter Jr.,2,2020,2019-20
0021900922,1627853,1628374,Markkanen,2,2020,2019-20
0021900922,203490,1628374,Markkanen,2,2020,2019-20
0021900922,203490,1628374,Markkanen,2,2020,2019-20
0021900922,1626245,1627756,Valentine,2,2020,2019-20
0021900922,203107,1627756,Valentine,3,2020,2019-20
0021900922,1629632,1628976,Carter Jr.,2,2020,2019-20
0021900922,201152,203107,Satoransky,2,2020,2019-20
0021900922,1629632,1628976,Carter Jr.,2,2020,2019-20
0021900922,201152,1629632,White,2,2020,2019-20
0021900922,203107,1628374,Markkanen,3,2020,2019-20
0021900922,203107,1627885,Harrison,3,2020,2019-20
0021900922,203107,201152,Young,2,2020,2019-20
0021900922,1629632,201152,Young,2,2020,2019-20
0021900922,1629632,1627885,Harrison,3,2020,2019-20
0021900922,1628976,1629632,White,3,2020,2019-20
0021900922,1629632,1627853,Arcidiacono,3,2020,2019-20
0021900922,201152,203107,Satoransky,2,2020,2019-20
0021900922,203107,1629632,White,2,2020,2019-20
0021900922,1627885,1627853,Arcidiacono,3,2020,2019-20
0021900934,203107,1627756,Valentine,3,2020,2019-20
0021900934,1627885,1627756,Valentine,2,2020,2019-20
0021900934,203107,1627885,Harrison,3,2020,2019-20
0021900934,203107,1629655,Gafford,2,2020,2019-20
0021900934,1629655,1629632,White,3,2020,2019-20
0021900934,203107,201152,Young,2,2020,2019-20
0021900934,1629632,203490,Porter Jr.,2,2020,2019-20
0021900934,203490,1628976,Carter Jr.,2,2020,2019-20
0021900934,1629632,1628374,Markkanen,2,2020,2019-20
0021900934,203107,1629632,White,3,2020,2019-20
0021900934,1627756,1627885,Harrison,2,2020,2019-20
0021900934,201152,1629632,White,2,2020,2019-20
0021900934,203107,201152,Young,2,2020,2019-20
0021900934,1627885,1627756,Valentine,2,2020,2019-20
0021900934,1629632,1628976,Carter Jr.,2,2020,2019-20
0021900934,1627885,1629655,Gafford,2,2020,2019-20
0021900934,201152,1629632,White,2,2020,2019-20
0021900934,201152,1627885,Harrison,3,2020,2019-20
0021900934,1629632,203490,Porter Jr.,2,2020,2019-20
0021900934,1628976,1627885,Harrison,3,2020,2019-20
0021900934,203107,1627756,Valentine,2,2020,2019-20
0021900934,1627756,1629655,Gafford,2,2020,2019-20
0021900934,1629655,1627756,Valentine,2,2020,2019-20
0021900934,203107,1627885,Harrison,2,2020,2019-20
0021900934,1629632,1627885,Harrison,3,2020,2019-20
0021900934,1629632,1627885,Harrison,3,2020,2019-20
0021900934,1627885,1629632,White,3,2020,2019-20
0021900946,1627756,1628374,Markkanen,3,2020,2019-20
0021900946,1627756,1627885,Harrison,2,2020,2019-20
0021900946,1627756,1628374,Markkanen,3,2020,2019-20
0021900946,1628976,1627756,Valentine,2,2020,2019-20
0021900946,203107,203490,Porter Jr.,2,2020,2019-20
0021900946,1629655,1629632,White,2,2020,2019-20
0021900946,1629632,203490,Porter Jr.,2,2020,2019-20
0021900946,1627885,203490,Porter Jr.,2,2020,2019-20
0021900946,203490,1628976,Carter Jr.,2,2020,2019-20
0021900946,1629632,1628976,Carter Jr.,2,2020,2019-20
0021900946,1628374,1627885,Harrison,2,2020,2019-20
0021900946,1627885,1628374,Markkanen,3,2020,2019-20
0021900946,1629632,201152,Young,3,2020,2019-20
0021900946,1628374,203107,Satoransky,2,2020,2019-20
0021900946,1629632,1629655,Gafford,2,2020,2019-20
0021900946,1629632,201152,Young,3,2020,2019-20
0021900946,1628374,203490,Porter Jr.,3,2020,2019-20
0021900946,1629632,1628374,Markkanen,3,2020,2019-20
0021900946,1629632,1627885,Harrison,2,2020,2019-20
0021900946,203490,1629632,White,3,2020,2019-20
0021900946,1629632,203490,Porter Jr.,3,2020,2019-20
0021900946,1627885,1628374,Markkanen,2,2020,2019-20
0021900946,1628374,203490,Porter Jr.,3,2020,2019-20
0021900962,1629632,1628976,Carter Jr.,2,2020,2019-20
0021900962,1629655,1627756,Valentine,3,2020,2019-20
0021900962,1629632,203490,Porter Jr.,3,2020,2019-20
0021900962,203490,201152,Young,2,2020,2019-20
0021900962,201152,203490,Porter Jr.,2,2020,2019-20
0021900962,201152,1628976,Carter Jr.,2,2020,2019-20
0021900962,201152,1628976,Carter Jr.,2,2020,2019-20
0021900962,1627885,1628976,Carter Jr.,2,2020,2019-20
0021900962,1627885,1628374,Markkanen,3,2020,2019-20
0021900962,1627756,1629655,Gafford,2,2020,2019-20
0021900962,1629632,1628976,Carter Jr.,2,2020,2019-20
0021900962,1627885,1627756,Valentine,3,2020,2019-20
0021900962,1628976,1628374,Markkanen,3,2020,2019-20
0021900962,203107,1628374,Markkanen,3,2020,2019-20
0021900962,1629632,203107,Satoransky,2,2020,2019-20
0021900962,203490,1629632,White,3,2020,2019-20
0021900962,203107,1628976,Carter Jr.,2,2020,2019-20
0021900962,1627885,201152,Young,2,2020,2019-20
0021900962,203107,1627756,Valentine,3,2020,2019-20
0021900962,1627756,1628976,Carter Jr.,2,2020,2019-20
0021900962,1629632,203107,Satoransky,3,2020,2019-20
0021900962,203107,203490,Porter Jr.,3,2020,2019-20
0021900962,203107,201152,Young,3,2020,2019-20
