season,season_label,player_id,player_name,games,minutes,minutes_per_game,possessions,points,rebounds,assists,steals,blocks,turnovers,field_goal_attempts,free_throw_attempts,net_rating,ppg,points_per_75,pra,pra_per_75,obpm,dbpm,bpm,vorp,ws,ts_pct,qualified_0,qualified_300,qualified_500,qualified_750,qualified_1000,rank_bpm_0,rank_vorp_0,rank_ppg_0,rank_pra_per_75_0,rank_bpm_300,rank_vorp_300,rank_ppg_300,rank_pra_per_75_300,rank_bpm_500,rank_vorp_500,rank_ppg_500,rank_pra_per_75_500,rank_bpm_750,rank_vorp_750,rank_ppg_750,rank_pra_per_75_750,rank_bpm_1000,rank_vorp_1000,rank_ppg_1000,rank_pra_per_75_1000,rim_fga,paint_non_rim_fga,midrange_fga,left_corner_three_fga,right_corner_three_fga,above_break_three_fga,backcourt_fga,three_fga,shot_zone_fga,rim_attempt_share,three_attempt_share,team_wins,team_losses,team_games,previous_team_wins,previous_team_games,team_win_change,team_win_pct,previous_team_win_pct,team_win_pct_change,rank_ws_0,rank_ws_300,rank_ws_500,rank_ws_750,rank_ws_1000
2001,2000-01,2033,Marcus Fizer,72,1581.3533333333332,21.96324074074074,3033,683,313,76,30,19,124,646,161,-13.1,9.48611111111111,16.88921859545005,1072,26.508407517309596,-3.3,-2.8,-6.1,-1.6,-0.7,0.476,True,True,True,True,True,60.0,76.0,10.0,15.0,45.0,46.0,10.0,11.0,37.0,38.0,10.0,10.0,32.0,32.0,10.0,9.0,23.0,23.0,10.0,9.0,213,122,272,0.0,4.0,33,2.0,39.0,646.0,0.32972136222910214,0.06037151702786378,15,67,82,17.0,82.0,-2.0,0.18292682926829268,0.2073170731707317,-0.02439024390243902,74.0,45.0,37.0,31.0,22.0
2001,2000-01,2037,Jamal Crawford,61,1046.621666666667,17.157732240437163,2028,282,89,141,43,14,85,304,34,-12.4,4.622950819672131,10.428994082840237,512,18.93491124260355,-2.9,-1.5,-4.4,-0.6,-0.9,0.442,True,True,True,True,True,48.0,72.0,34.0,54.0,37.0,42.0,32.0,39.0,33.0,34.0,31.0,34.0,29.0,30.0,28.0,29.0,21.0,21.0,22.0,22.0,41,25,121,3.0,5.0,108,1.0,117.0,304.0,0.13486842105263158,0.3848684210526316,15,67,82,17.0,82.0,-2.0,0.18292682926829268,0.2073170731707317,-0.02439024390243902,76.0,46.0,38.0,32.0,23.0
2001,2000-01,2064,Khalid El-Amin,50,935.335,18.7067,1792,314,81,145,48,2,54,311,72,-9.3,6.28,13.141741071428571,540,22.600446428571427,-1.7,-0.7,-2.4,-0.1,0.6,0.458,True,True,True,True,False,27.0,34.0,21.0,32.0,19.0,19.0,21.0,24.0,17.0,17.0,20.0,21.0,16.0,16.0,20.0,19.0,,,,,82,35,111,9.0,2.0,72,0.0,83.0,311.0,0.26366559485530544,0.26688102893890675,15,67,82,17.0,82.0,-2.0,0.18292682926829268,0.2073170731707317,-0.02439024390243902,31.0,31.0,29.0,26.0,
2001,2000-01,2062,A.J. Guyton,33,628.5383333333333,19.04661616161616,1173,198,36,64,9,5,24,192,18,-11.0,6.0,12.659846547314578,298,19.053708439897697,-0.8,-3.2,-4.0,-0.3,0.3,0.495,True,True,True,False,False,43.0,56.0,24.0,52.0,34.0,29.0,24.0,38.0,31.0,25.0,23.0,33.0,,,,,,,,,15,9,99,11.0,8.0,50,0.0,69.0,192.0,0.078125,0.359375,15,67,82,17.0,82.0,-2.0,0.18292682926829268,0.2073170731707317,-0.02439024390243902,39.0,38.0,35.0,,
2001,2000-01,1434,Dragan Tarlac,43,599.0566666666666,13.931550387596898,1149,103,122,31,7,19,38,99,33,-15.5,2.395348837209302,6.723237597911227,256,16.710182767624023,-6.2,-1.1,-7.3,-0.8,-0.2,0.454,True,True,True,False,False,64.0,75.0,53.0,63.0,46.0,45.0,43.0,44.0,38.0,37.0,38.0,38.0,,,,,,,,,25,39,35,0.0,0.0,0,0.0,0.0,99.0,0.25252525252525254,0.0,15,67,82,17.0,82.0,-2.0,0.18292682926829268,0.2073170731707317,-0.02439024390243902,72.0,43.0,36.0,,
2001,2000-01,2053,Dalibor Bagaric,35,259.945,7.427,516,47,56,10,9,16,21,65,28,-9.2,1.3428571428571427,6.8313953488372094,113,16.424418604651162,-8.9,-1.2,-10.0,-0.5,-0.7,0.304,True,False,False,False,False,72.0,68.0,69.0,64.0,,,,,,,,,,,,,,,,,24,17,23,1.0,0.0,0,,1.0,65.0,0.36923076923076925,0.015384615384615385,15,67,82,17.0,82.0,-2.0,0.18292682926829268,0.2073170731707317,-0.02439024390243902,74.0,,,,
2001,2000-01,2063,Jake Voskuhl,16,143.96166666666667,8.997604166666667,275,30,34,5,5,6,12,25,14,-21.0,1.875,8.181818181818182,69,18.818181818181817,-8.7,-1.2,-9.9,-0.3,0.0,0.481,True,False,False,False,False,71.0,56.0,62.0,55.0,,,,,,,,,,,,,,,,,13,9,3,0.0,0.0,0,0.0,0.0,25.0,0.52,0.0,15,67,82,17.0,82.0,-2.0,0.18292682926829268,0.2073170731707317,-0.02439024390243902,52.0,,,,
2001,2000-01,1864,Steve Goodrich,12,131.85166666666666,10.987638888888888,240,19,21,6,2,1,8,18,7,-3.3,1.5833333333333333,5.9375,46,14.375,-4.9,-2.6,-7.5,-0.2,-0.1,0.451,True,False,False,False,False,67.0,47.0,68.0,70.0,,,,,,,,,,,,,,,,,11,1,3,0.0,1.0,2,0.0,3.0,18.0,0.6111111111111112,0.16666666666666666,15,67,82,17.0,82.0,-2.0,0.18292682926829268,0.2073170731707317,-0.02439024390243902,64.0,,,,
2002,2001-02,2239,Trenton Hassell,78,2235.5783333333334,28.661260683760684,4281,681,255,172,55,44,101,628,114,-10.6,8.73076923076923,11.93062368605466,1108,19.41135248773651,-1.7,-1.0,-2.7,-0.4,1.5,0.502,True,True,True,True,True,33.0,62.0,14.0,49.0,25.0,34.0,14.0,36.0,23.0,27.0,14.0,31.0,22.0,23.0,14.0,27.0,17.0,17.0,14.0,21.0,152,41,271,24.0,10.0,127,3.0,164.0,628.0,0.24203821656050956,0.2611464968152866,21,61,82,15.0,82.0,6.0,0.25609756097560976,0.18292682926829268,0.07317073170731708,21.0,21.0,21.0,20.0,18.0
2002,2001-02,2199,Tyson Chandler,71,1392.8166666666666,19.617136150234742,2734,436,343,54,28,93,99,304,222,-7.1,6.140845070422535,11.960497439648867,833,22.851133869787855,-3.3,-0.2,-3.5,-0.5,1.8,0.543,True,True,True,True,True,40.0,68.0,23.0,30.0,31.0,39.0,23.0,23.0,28.0,31.0,22.0,20.0,26.0,27.0,22.0,18.0,20.0,20.0,20.0,17.0,205,43,56,0.0,0.0,0,0.0,0.0,304.0,0.6743421052631579,0.0,21,61,82,15.0,82.0,6.0,0.25609756097560976,0.18292682926829268,0.07317073170731708,18.0,18.0,18.0,17.0,15.0
2002,2001-02,2201,Eddy Curry,72,1150.7783333333334,15.983032407407409,2238,483,272,25,16,53,69,377,160,-10.6,6.708333333333333,16.18632707774799,780,26.13941018766756,-2.4,-1.9,-4.4,-0.7,1.8,0.54,True,True,True,True,True,48.0,74.0,19.0,17.0,37.0,44.0,19.0,13.0,33.0,36.0,18.0,12.0,29.0,31.0,18.0,11.0,21.0,22.0,18.0,10.0,248,61,68,0.0,0.0,0,0.0,0.0,377.0,0.6578249336870027,0.0,21,61,82,15.0,82.0,6.0,0.25609756097560976,0.18292682926829268,0.07317073170731708,18.0,18.0,18.0,17.0,15.0
2002,2001-02,2369,Norman Richardson,8,63.43,7.92875,125,30,7,1,0,0,3,23,9,-16.0,3.75,18.0,38,22.8,-0.6,-4.8,-5.4,-0.1,0.1,0.556,True,False,False,False,False,56.0,34.0,40.0,31.0,,,,,,,,,,,,,,,,,8,0,7,3.0,4.0,1,,8.0,23.0,0.34782608695652173,0.34782608695652173,21,61,82,15.0,82.0,6.0,0.25609756097560976,0.18292682926829268,0.07317073170731708,48.0,,,,
2003,2002-03,2398,Jay Williams,75,1961.19,26.1492,3952,714,195,350,86,17,171,685,161,-9.6,9.52,13.550101214574898,1259,23.892965587044536,-1.3,-0.8,-2.0,0.0,0.8,0.472,True,True,True,True,True,23.0,17.0,9.0,23.0,15.0,15.0,9.0,18.0,13.0,13.0,9.0,17.0,12.0,12.0,9.0,15.0,10.0,10.0,9.0,14.0,210,101,172,19.0,25.0,158,0.0,202.0,685.0,0.30656934306569344,0.2948905109489051,30,52,82,21.0,82.0,9.0,0.36585365853658536,0.25609756097560976,0.1097560975609756,27.0,27.0,25.0,23.0,21.0
2003,2002-03,2437,Lonny Baxter,55,683.6466666666666,12.429939393939394,1384,262,165,16,9,22,46,206,103,-2.8,4.763636363636364,14.197976878612717,443,24.00650289017341,-4.0,-1.4,-5.4,-0.6,0.9,0.521,True,True,True,False,False,56.0,72.0,33.0,22.0,42.0,42.0,31.0,17.0,36.0,34.0,30.0,16.0,,,,,,,,,133,46,25,0.0,0.0,2,0.0,2.0,206.0,0.6456310679611651,0.009708737864077669,30,52,82,21.0,82.0,9.0,0.36585365853658536,0.25609756097560976,0.1097560975609756,25.0,25.0,23.0,,
2003,2002-03,2427,Roger Mason Jr.,17,114.24,6.72,237,30,12,12,4,0,5,31,2,-2.5,1.7647058823529411,9.49367088607595,54,17.088607594936708,-3.5,-0.8,-4.3,-0.1,0.1,0.471,True,False,False,False,False,46.0,34.0,65.0,60.0,,,,,,,,,,,,,,,,,0,3,10,0.0,6.0,12,,18.0,31.0,0.0,0.5806451612903226,30,52,82,21.0,82.0,9.0,0.36585365853658536,0.25609756097560976,0.1097560975609756,48.0,,,,
2004,2003-04,2550,Kirk Hinrich,76,2709.2683333333334,35.64826754385965,5236,915,259,517,101,21,204,823,168,-4.3,12.039473684210526,13.106378915202445,1691,24.221734148204735,-0.5,-0.4,-0.8,0.8,4.1,0.51,True,True,True,True,True,14.0,6.0,5.0,21.0,9.0,6.0,5.0,16.0,8.0,6.0,5.0,15.0,8.0,6.0,5.0,14.0,8.0,6.0,5.0,13.0,176,77,202,47.0,24.0,296,1.0,368.0,823.0,0.21385176184690158,0.4471445929526124,23,59,82,30.0,82.0,-7.0,0.2804878048780488,0.36585365853658536,-0.08536585365853655,4.0,4.0,4.0,4.0,4.0
2004,2003-04,2648,Ronald Dupree,47,901.7766666666666,19.18673758865248,1798,292,167,55,32,18,51,282,105,-5.7,6.212765957446808,12.180200222469411,514,21.440489432703004,-4.1,-0.1,-4.3,-0.5,0.5,0.445,True,True,True,True,False,46.0,68.0,22.0,35.0,36.0,39.0,22.0,26.0,32.0,31.0,21.0,23.0,28.0,27.0,21.0,21.0,,,,,107,33,133,4.0,4.0,1,0.0,9.0,282.0,0.37943262411347517,0.031914893617021274,23,59,82,30.0,82.0,-7.0,0.2804878048780488,0.36585365853658536,-0.08536585365853655,34.0,34.0,32.0,29.0,
2004,2003-04,2669,Linton Johnson,41,732.4466666666667,17.864552845528458,1465,173,183,27,37,32,37,203,37,-9.8,4.219512195121951,8.856655290102388,383,19.607508532423207,-4.4,1.1,-3.3,-0.2,0.4,0.394,True,True,True,False,False,36.0,47.0,37.0,45.0,27.0,23.0,35.0,32.0,25.0,20.0,34.0,27.0,,,,,,,,,66,16,88,5.0,8.0,19,1.0,33.0,203.0,0.3251231527093596,0.1625615763546798,23,59,82,30.0,82.0,-7.0,0.2804878048780488,0.36585365853658536,-0.08536585365853655,38.0,37.0,34.0,,
2005,2004-05,2768,Chris Duhon,82,2171.7633333333333,26.48491869918699,4229,487,213,398,82,3,119,488,67,3.5,5.939024390243903,8.636793568219437,1098,19.47268857886025,-2.2,1.6,-0.7,0.7,4.1,0.471,True,True,True,True,True,13.0,7.0,25.0,48.0,8.0,7.0,25.0,35.0,7.0,7.0,24.0,30.0,7.0,7.0,23.0,26.0,7.0,7.0,21.0,20.0,130,48,46,23.0,16.0,224,1.0,264.0,488.0,0.26639344262295084,0.5409836065573771,47,35,82,23.0,82.0,24.0,0.573170731707317,0.2804878048780488,0.2926829268292682,4.0,4.0,4.0,4.0,4.0
2005,2004-05,2732,Ben Gordon,82,2013.0933333333332,24.54991869918699,3991,1235,215,164,53,10,186,1056,270,4.2,15.060975609756097,23.208469055374593,1614,30.330744174392382,1.0,-0.3,0.7,1.4,3.5,0.526,True,True,True,True,True,5.0,2.0,3.0,3.0,3.0,2.0,3.0,2.0,3.0,2.0,3.0,2.0,3.0,2.0,3.0,2.0,3.0,2.0,3.0,2.0,185,147,393,42.0,54.0,233,2.0,331.0,1056.0,0.17518939393939395,0.3134469696969697,47,35,82,23.0,82.0,24.0,0.573170731707317,0.2804878048780488,0.2926829268292682,7.0,7.0,7.0,7.0,7.0
2005,2004-05,2804,Andres Nocioni,81,1895.4983333333332,23.401213991769545,3753,677,386,122,37,34,135,601,222,-3.8,8.358024691358025,13.529176658673062,1185,23.6810551558753,-3.2,1.1,-2.0,0.0,2.5,0.484,True,True,True,True,True,23.0,17.0,16.0,26.0,15.0,15.0,16.0,20.0,13.0,13.0,16.0,18.0,12.0,12.0,16.0,16.0,10.0,10.0,16.0,15.0,185,112,207,5.0,31.0,61,0.0,97.0,601.0,0.30782029950083195,0.16139767054908485,47,35,82,23.0,82.0,24.0,0.573170731707317,0.2804878048780488,0.2926829268292682,12.0,12.0,12.0,12.0,11.0
2005,2004-05,2736,Luol Deng,61,1661.07,27.230655737704918,3277,711,322,135,48,27,118,645,162,5.2,11.655737704918034,16.27250534025023,1168,26.731766859932865,0.2,1.0,1.2,1.3,3.0,0.496,True,True,True,True,True,4.0,3.0,6.0,12.0,2.0,3.0,6.0,8.0,2.0,3.0,6.0,8.0,2.0,3.0,6.0,7.0,2.0,3.0,6.0,7.0,230,66,232,16.0,31.0,70,0.0,117.0,645.0,0.35658914728682173,0.1813953488372093,47,35,82,23.0,82.0,24.0,0.573170731707317,0.2804878048780488,0.2926829268292682,9.0,9.0,9.0,9.0,9.0
2005,2004-05,2876,Jared Reiner,19,131.77666666666667,6.93561403508772,276,21,38,1,3,7,9,30,4,-5.8,1.105263157894737,5.706521739130435,60,16.304347826086957,-9.7,1.2,-8.5,-0.2,0.0,0.331,True,False,False,False,False,68.0,47.0,71.0,66.0,,,,,,,,,,,,,,,,,10,6,14,0.0,0.0,0,0.0,0.0,30.0,0.3333333333333333,0.0,47,35,82,23.0,82.0,24.0,0.573170731707317,0.2804878048780488,0.2926829268292682,52.0,,,,
2006,2005-06,101195,Luke Schenscher,20,148.58333333333334,7.429166666666667,301,36,29,7,1,3,5,26,13,1.8,1.8,8.970099667774086,72,17.940199335548172,-3.0,1.3,-1.7,0.0,0.3,0.567,True,False,False,False,False,19.0,17.0,64.0,58.0,,,,,,,,,,,,,,,,,12,12,2,0.0,0.0,0,,0.0,26.0,0.46153846153846156,0.0,41,41,82,47.0,82.0,-6.0,0.5,0.573170731707317,-0.07317073170731703,39.0,,,,
2006,2005-06,101188,Eddie Basden,19,141.20833333333334,7.43201754385965,281,39,28,8,9,2,9,37,10,7.5,2.0526315789473686,10.409252669039146,75,20.01779359430605,-3.9,3.2,-0.6,0.0,0.2,0.471,True,False,False,False,False,12.0,17.0,58.0,42.0,,,,,,,,,,,,,,,,,20,4,6,2.0,1.0,4,,7.0,37.0,0.5405405405405406,0.1891891891891892,41,41,82,47.0,82.0,-6.0,0.5,0.573170731707317,-0.07317073170731703,43.0,,,,
2006,2005-06,101211,Stephen Graham,3,19.928333333333335,6.642777777777778,43,5,3,1,0,0,1,5,2,-12.2,1.6666666666666667,8.720930232558139,9,15.69767441860465,-6.3,-0.6,-7.0,0.0,0.0,0.425,True,False,False,False,False,62.0,17.0,66.0,67.0,,,,,,,,,,,,,,,,,0,0,1,2.0,0.0,2,,4.0,5.0,0.0,0.8,41,41,82,47.0,82.0,-6.0,0.5,0.573170731707317,-0.07317073170731703,52.0,,,,
2006,2005-06,2450,Randy Holcomb,4,10.52,2.63,21,2,1,0,0,0,0,1,0,-10.2,0.5,7.142857142857143,3,10.714285714285714,-1.0,-0.8,-1.7,0.0,0.0,1.0,True,False,False,False,False,19.0,17.0,73.0,73.0,,,,,,,,,,,,,,,,,0,0,1,0.0,,0,,0.0,1.0,0.0,0.0,41,41,82,47.0,82.0,-6.0,0.5,0.573170731707317,-0.07317073170731703,52.0,,,,
2007,2006-07,200748,Tyrus Thomas,72,966.235,13.419930555555556,1958,374,269,40,46,76,94,282,175,8.6,5.194444444444445,14.325842696629213,683,26.161899897854955,-4.1,3.1,-1.0,0.2,2.2,0.521,True,True,True,True,False,15.0,9.0,29.0,16.0,10.0,9.0,28.0,12.0,9.0,9.0,27.0,11.0,9.0,9.0,26.0,10.0,,,,,185,32,63,0.0,1.0,1,0.0,2.0,282.0,0.6560283687943262,0.0070921985815602835,49,33,82,41.0,82.0,8.0,0.5975609756097561,0.5,0.09756097560975607,14.0,14.0,14.0,14.0,
2007,2006-07,200757,Thabo Sefolosha,71,867.9233333333333,12.224272300469483,1765,256,153,60,33,11,60,256,45,5.3,3.6056338028169015,10.878186968838527,469,19.929178470254957,-4.2,1.6,-2.6,-0.1,0.8,0.464,True,True,True,True,False,31.0,34.0,42.0,43.0,23.0,19.0,37.0,30.0,21.0,17.0,36.0,26.0,20.0,16.0,31.0,23.0,,,,,87,21,106,8.0,7.0,27,0.0,42.0,256.0,0.33984375,0.1640625,49,33,82,41.0,82.0,8.0,0.5975609756097561,0.5,0.09756097560975607,27.0,27.0,25.0,23.0,
2008,2007-08,201149,Joakim Noah,74,1533.715,20.725878378378376,3029,488,416,84,68,64,89,367,194,-0.4,6.594594594594595,12.083195774182899,988,24.463519313304722,-1.2,1.0,-0.2,0.7,3.8,0.539,True,True,True,True,True,9.0,7.0,20.0,20.0,5.0,7.0,20.0,15.0,4.0,7.0,19.0,14.0,4.0,7.0,19.0,13.0,4.0,7.0,19.0,12.0,276,54,36,0.0,0.0,1,0.0,1.0,367.0,0.7520435967302452,0.0027247956403269754,33,49,82,49.0,82.0,-16.0,0.4024390243902439,0.5975609756097561,-0.19512195121951215,6.0,6.0,6.0,6.0,6.0
2008,2007-08,201189,Aaron Gray,61,612.9966666666667,10.04912568306011,1224,262,168,41,21,16,57,204,99,-0.6,4.295081967213115,16.05392156862745,471,28.860294117647058,-3.6,0.0,-3.5,-0.2,0.8,0.529,True,True,True,False,False,40.0,47.0,36.0,6.0,31.0,23.0,34.0,4.0,28.0,20.0,33.0,4.0,,,,,,,,,120,57,27,0.0,0.0,0,0.0,0.0,204.0,0.5882352941176471,0.0,33,49,82,49.0,82.0,-16.0,0.4024390243902439,0.5975609756097561,-0.19512195121951215,27.0,27.0,25.0,,
2008,2007-08,201242,Thomas Gardner,4,44.733333333333334,11.183333333333334,96,21,4,1,0,0,4,23,2,-8.4,5.25,16.40625,26,20.3125,-3.5,-3.7,-7.2,-0.1,-0.1,0.44,True,False,False,False,False,63.0,34.0,27.0,40.0,,,,,,,,,,,,,,,,,4,2,5,2.0,1.0,9,,12.0,23.0,0.17391304347826086,0.5217391304347826,33,49,82,49.0,82.0,-16.0,0.4024390243902439,0.5975609756097561,-0.19512195121951215,64.0,,,,
2008,2007-08,201193,Demetris Nichols,11,30.28,2.752727272727273,70,13,4,1,0,3,2,15,0,-24.2,1.1818181818181819,13.928571428571429,18,19.285714285714285,-4.0,-0.6,-4.6,0.0,0.0,0.433,True,False,False,False,False,51.0,17.0,70.0,50.0,,,,,,,,,,,,,,,,,1,0,4,2.0,1.0,7,,10.0,15.0,0.06666666666666667,0.6666666666666666,33,49,82,49.0,82.0,-16.0,0.4024390243902439,0.5975609756097561,-0.19512195121951215,52.0,,,,
2009,2008-09,201565,Derrick Rose,81,3000.048333333333,37.03763374485597,5907,1361,317,512,66,18,202,1208,250,-1.8,16.80246913580247,17.28034535297105,2190,27.80599288979177,1.1,-1.5,-0.4,1.2,4.9,0.516,True,True,True,True,True,11.0,4.0,1.0,7.0,7.0,4.0,1.0,5.0,6.0,4.0,1.0,5.0,6.0,4.0,1.0,4.0,6.0,4.0,1.0,4.0,484,130,522,4.0,6.0,55,7.0,72.0,1208.0,0.40066225165562913,0.059602649006622516,41,41,82,33.0,82.0,8.0,0.5,0.4024390243902439,0.09756097560975607,2.0,2.0,2.0,2.0,2.0
2010,2009-10,201959,Taj Gibson,82,2203.5816666666665,26.872947154471543,4301,735,611,70,50,104,114,629,175,-0.8,8.963414634146341,12.816786793768891,1416,24.691932108811905,-2.4,0.5,-2.0,0.0,4.7,0.521,True,True,True,True,True,23.0,17.0,12.0,19.0,15.0,15.0,12.0,14.0,13.0,13.0,12.0,13.0,12.0,12.0,12.0,12.0,10.0,10.0,12.0,11.0,305,91,233,0.0,0.0,0,0.0,0.0,629.0,0.4848966613672496,0.0,41,41,82,41.0,82.0,0.0,0.5,0.5,0.0,3.0,3.0,3.0,3.0,3.0
2010,2009-10,201949,James Johnson,65,757.1766666666666,11.648871794871795,1535,256,128,48,21,43,62,210,70,-8.1,3.9384615384615387,12.50814332247557,432,21.107491856677523,-4.0,1.5,-2.4,-0.1,0.8,0.532,True,True,True,True,False,27.0,34.0,39.0,37.0,19.0,19.0,36.0,27.0,17.0,17.0,35.0,24.0,16.0,16.0,30.0,22.0,,,,,105,13,46,12.0,10.0,23,1.0,46.0,210.0,0.5,0.21904761904761905,41,41,82,41.0,82.0,0.0,0.5,0.5,0.0,27.0,27.0,25.0,23.0,
2011,2010-11,201600,Omer Asik,82,989.4483333333334,12.066443089430894,1911,229,306,32,20,56,64,141,145,13.1,2.792682926829268,8.987441130298274,567,22.252747252747252,-3.6,1.8,-1.8,0.1,2.7,0.559,True,True,True,True,False,21.0,11.0,48.0,34.0,14.0,11.0,40.0,25.0,12.0,10.0,37.0,22.0,11.0,10.0,32.0,20.0,,,,,135,5,1,0.0,0.0,0,0.0,0.0,141.0,0.9574468085106383,0.0,62,20,82,41.0,82.0,21.0,0.7560975609756098,0.5,0.25609756097560976,11.0,11.0,11.0,11.0,
2012,2011-12,202710,Jimmy Butler III,42,359.0316666666667,8.548373015873016,680,109,56,14,11,5,14,79,56,12.2,2.5952380952380953,12.022058823529411,179,19.74264705882353,-1.8,0.5,-1.3,0.1,1.1,0.526,True,True,False,False,False,16.0,11.0,50.0,44.0,11.0,11.0,41.0,31.0,,,,,,,,,,,,,34,10,24,2.0,1.0,8,0.0,11.0,79.0,0.43037974683544306,0.13924050632911392,50,16,66,62.0,82.0,,0.7575757575757576,0.7560975609756098,0.0014781966001478075,24.0,24.0,,,
2013,2012-13,203104,Marquis Teague,48,391.9216666666667,8.165034722222222,738,99,44,63,9,7,35,113,16,0.3,2.0625,10.060975609756097,206,20.934959349593495,-5.5,0.0,-5.6,-0.4,-0.3,0.412,True,True,False,False,False,58.0,62.0,57.0,39.0,43.0,34.0,45.0,28.0,,,,,,,,,,,,,49,13,28,1.0,1.0,21,0.0,23.0,113.0,0.4336283185840708,0.20353982300884957,45,37,82,50.0,66.0,,0.5487804878048781,0.7575757575757576,-0.20879526977087948,73.0,44.0,,,
2014,2013-14,203503,Tony Snell,77,1230.7066666666667,15.983203463203465,2363,346,124,68,29,15,44,336,41,-4.7,4.4935064935064934,10.98180279305967,538,17.075751163774864,-3.1,0.5,-2.6,-0.2,1.6,0.489,True,True,True,True,True,31.0,47.0,35.0,61.0,23.0,23.0,33.0,43.0,21.0,20.0,32.0,37.0,20.0,19.0,29.0,32.0,16.0,14.0,23.0,23.0,61,31,66,20.0,26.0,132,0.0,178.0,336.0,0.18154761904761904,0.5297619047619048,48,34,82,45.0,82.0,3.0,0.5853658536585366,0.5487804878048781,0.03658536585365846,20.0,20.0,20.0,19.0,17.0
2014,2013-14,203513,Erik Murphy,24,62.151666666666664,2.589652777777778,131,6,8,2,0,4,2,13,0,-41.4,0.25,3.435114503816794,16,9.16030534351145,-9.0,0.3,-8.6,-0.1,-0.1,0.231,True,False,False,False,False,69.0,34.0,74.0,74.0,,,,,,,,,,,,,,,,,1,4,5,0.0,1.0,2,0.0,3.0,13.0,0.07692307692307693,0.23076923076923078,48,34,82,45.0,82.0,3.0,0.5853658536585366,0.5487804878048781,0.03658536585365846,64.0,,,,
2015,2014-15,202703,Nikola Mirotic,82,1654.121666666667,20.172215447154475,3256,833,404,97,54,54,89,624,284,5.0,10.158536585365853,19.187653562653562,1334,30.72788697788698,1.4,1.0,2.3,1.8,5.7,0.556,True,True,True,True,True,2.0,1.0,8.0,2.0,1.0,1.0,8.0,1.0,1.0,1.0,8.0,1.0,1.0,1.0,8.0,1.0,1.0,1.0,8.0,1.0,182,34,95,48.0,46.0,218,1.0,313.0,624.0,0.2916666666666667,0.5016025641025641,50,32,82,48.0,82.0,2.0,0.6097560975609756,0.5853658536585366,0.024390243902439046,1.0,1.0,1.0,1.0,1.0
2015,2014-15,203926,Doug McDermott,36,320.8333333333333,8.912037037037036,652,109,43,6,4,1,17,107,15,-15.1,3.0277777777777777,12.53834355828221,158,18.17484662576687,-4.1,-1.9,-6.0,-0.3,0.0,0.48,True,True,False,False,False,59.0,56.0,46.0,56.0,44.0,29.0,39.0,40.0,,,,,,,,,,,,,44,8,14,4.0,3.0,34,0.0,41.0,107.0,0.411214953271028,0.38317757009345793,50,32,82,48.0,82.0,2.0,0.6097560975609756,0.5853658536585366,0.024390243902439046,52.0,41.0,,,
2015,2014-15,203946,Cameron Bairstow,18,63.531666666666666,3.529537037037037,130,10,8,1,2,1,3,14,5,-16.3,0.5555555555555556,5.769230769230769,19,10.961538461538462,-7.0,-2.0,-9.0,-0.1,-0.1,0.309,True,False,False,False,False,70.0,34.0,72.0,72.0,,,,,,,,,,,,,,,,,5,1,8,0.0,0.0,0,0.0,0.0,14.0,0.35714285714285715,0.0,50,32,82,48.0,82.0,2.0,0.6097560975609756,0.5853658536585366,0.024390243902439046,64.0,,,,
2016,2015-16,1626171,Bobby Portis Jr.,62,1102.08,17.77548387096774,2234,436,337,52,25,22,54,436,66,-7.6,7.032258064516129,14.637421665174575,825,27.69695613249776,-1.5,-1.8,-3.3,-0.4,1.5,0.469,True,True,True,True,True,36.0,62.0,18.0,9.0,27.0,34.0,18.0,6.0,25.0,27.0,17.0,6.0,24.0,23.0,17.0,5.0,19.0,17.0,17.0,5.0,157,76,151,7.0,1.0,43,1.0,52.0,436.0,0.36009174311926606,0.11926605504587157,42,40,82,50.0,82.0,-8.0,0.5121951219512195,0.6097560975609756,-0.09756097560975607,21.0,21.0,21.0,20.0,18.0
2016,2015-16,1626245,Cristiano Felicio,31,320.7033333333333,10.345268817204301,654,105,102,26,6,13,13,72,35,8.0,3.3870967741935485,12.041284403669724,233,26.720183486238533,0.1,0.2,0.3,0.2,1.2,0.601,True,True,False,False,False,7.0,9.0,45.0,13.0,4.0,9.0,38.0,9.0,,,,,,,,,,,,,46,4,18,0.0,0.0,4,0.0,4.0,72.0,0.6388888888888888,0.05555555555555555,42,40,82,50.0,82.0,-8.0,0.5121951219512195,0.6097560975609756,-0.09756097560975607,23.0,23.0,,,
2017,2016-17,1627756,Denzel Valentine,57,976.5283333333332,17.13207602339181,1987,291,151,63,30,7,49,288,18,-0.7,5.105263157894737,10.983895319577252,505,19.061399094111728,-3.5,0.1,-3.3,-0.3,0.6,0.492,True,True,True,True,False,36.0,56.0,31.0,51.0,27.0,29.0,30.0,37.0,25.0,25.0,29.0,32.0,24.0,22.0,27.0,28.0,,,,,24,29,27,32.0,34.0,141,1.0,208.0,288.0,0.08333333333333333,0.7222222222222222,41,41,82,42.0,82.0,-1.0,0.5,0.5121951219512195,-0.012195121951219523,31.0,31.0,29.0,26.0,
2017,2016-17,1627835,Paul Zipser,44,843.38,19.167727272727273,1701,240,125,36,15,16,40,221,40,1.7,5.454545454545454,10.582010582010582,401,17.680776014109348,-4.2,-0.2,-4.4,-0.5,0.5,0.503,True,True,True,True,False,48.0,68.0,26.0,59.0,37.0,39.0,26.0,42.0,33.0,31.0,25.0,36.0,29.0,27.0,24.0,31.0,,,,,56,18,48,23.0,18.0,56,2.0,99.0,221.0,0.25339366515837103,0.4479638009049774,41,41,82,42.0,82.0,-1.0,0.5,0.5121951219512195,-0.012195121951219523,34.0,34.0,32.0,29.0,
2018,2017-18,1628374,Lauri Markkanen,68,2020.02,29.706176470588236,4183,1033,508,79,39,40,83,862,166,-9.0,15.191176470588236,18.52139612718145,1620,29.046139134592398,1.0,-1.2,-0.2,0.9,3.3,0.552,True,True,True,True,True,9.0,5.0,2.0,5.0,5.0,5.0,2.0,3.0,4.0,5.0,2.0,3.0,4.0,5.0,2.0,3.0,4.0,5.0,2.0,3.0,236,79,146,27.0,21.0,352,1.0,401.0,862.0,0.2737819025522042,0.4651972157772622,27,55,82,41.0,82.0,-14.0,0.32926829268292684,0.5,-0.17073170731707316,8.0,8.0,8.0,8.0,8.0
2018,2017-18,1628469,Antonio Blakeney,19,313.9,16.521052631578947,650,151,33,20,7,1,11,143,39,-1.3,7.947368421052632,17.423076923076923,204,23.53846153846154,-2.8,-2.4,-5.2,-0.3,0.0,0.471,True,True,False,False,False,54.0,56.0,17.0,28.0,40.0,29.0,17.0,22.0,,,,,,,,,,,,,27,22,42,10.0,7.0,35,0.0,52.0,143.0,0.1888111888111888,0.36363636363636365,27,55,82,41.0,82.0,-14.0,0.32926829268292684,0.5,-0.17073170731707316,52.0,41.0,,,
2018,2017-18,1627853,Ryan Arcidiacono,24,304.12166666666667,12.67173611111111,630,48,25,35,13,0,13,41,6,-2.3,2.0,5.714285714285714,108,12.857142857142858,-4.7,0.6,-4.1,-0.2,0.3,0.55,True,True,False,False,False,44.0,47.0,59.0,71.0,35.0,23.0,46.0,46.0,,,,,,,,,,,,,5,3,2,6.0,5.0,19,1.0,31.0,41.0,0.12195121951219512,0.7560975609756098,27,55,82,41.0,82.0,-14.0,0.32926829268292684,0.5,-0.17073170731707316,39.0,38.0,,,
2019,2018-19,1628976,Wendell Carter Jr.,44,1109.8,25.222727272727273,2282,455,307,78,26,58,65,371,112,-11.7,10.340909090909092,14.95398773006135,840,27.607361963190183,-2.2,0.6,-1.6,0.1,1.9,0.541,True,True,True,True,True,18.0,11.0,7.0,10.0,13.0,11.0,7.0,7.0,11.0,10.0,7.0,7.0,10.0,10.0,7.0,6.0,9.0,9.0,7.0,6.0,163,85,91,10.0,4.0,18,0.0,32.0,371.0,0.4393530997304582,0.0862533692722372,22,60,82,27.0,82.0,-5.0,0.2682926829268293,0.32926829268292684,-0.06097560975609756,15.0,15.0,15.0,15.0,13.0
2019,2018-19,1628990,Chandler Hutchison,44,894.615,20.33215909090909,1871,229,185,34,23,6,25,209,38,-5.6,5.204545454545454,9.179583110636024,448,17.958311063602352,-3.4,-0.5,-3.9,-0.4,0.6,0.507,True,True,True,True,False,42.0,62.0,28.0,57.0,33.0,34.0,27.0,41.0,30.0,27.0,26.0,35.0,27.0,23.0,25.0,30.0,,,,,101,40,19,14.0,9.0,23,3.0,49.0,209.0,0.48325358851674644,0.23444976076555024,22,60,82,27.0,82.0,-5.0,0.2682926829268293,0.32926829268292684,-0.06097560975609756,31.0,31.0,29.0,26.0,
2019,2018-19,1629102,Brandon Sampson,14,214.305,15.307500000000001,444,71,16,10,8,3,12,60,6,-6.0,5.071428571428571,11.993243243243244,97,16.385135135135137,-3.9,-0.9,-4.7,-0.1,0.0,0.567,True,False,False,False,False,52.0,34.0,32.0,65.0,,,,,,,,,,,,,,,,,19,10,2,7.0,2.0,20,0.0,29.0,60.0,0.31666666666666665,0.48333333333333334,22,60,82,27.0,82.0,-5.0,0.2682926829268293,0.32926829268292684,-0.06097560975609756,52.0,,,,
2019,2018-19,1628959,Rawle Alkins,10,120.35333333333334,12.035333333333334,256,37,26,13,1,0,8,39,12,-5.5,3.7,10.83984375,76,22.265625,-3.8,-3.5,-7.3,-0.2,-0.1,0.418,True,False,False,False,False,64.0,47.0,41.0,33.0,,,,,,,,,,,,,,,,,19,8,0,2.0,2.0,8,0.0,12.0,39.0,0.48717948717948717,0.3076923076923077,22,60,82,27.0,82.0,-5.0,0.2682926829268293,0.32926829268292684,-0.06097560975609756,64.0,,,,
2020,2019-20,1629632,Coby White,65,1674.0,25.753846153846155,3573,859,230,175,49,6,109,792,129,-4.4,13.215384615384615,18.03106633081444,1264,26.532325776658272,-1.3,-1.6,-2.9,-0.4,0.9,0.506,True,True,True,True,True,34.0,62.0,4.0,14.0,26.0,34.0,4.0,10.0,24.0,27.0,4.0,9.0,23.0,23.0,4.0,8.0,18.0,17.0,4.0,8.0,228,78,110,41.0,15.0,319,1.0,376.0,792.0,0.2878787878787879,0.47474747474747475,22,43,65,22.0,82.0,,0.3384615384615385,0.2682926829268293,0.0701688555347092,25.0,25.0,23.0,22.0,20.0
2020,2019-20,1629655,Daniel Gafford,43,609.0533333333333,14.164031007751937,1294,220,106,21,13,56,29,134,60,-1.9,5.116279069767442,12.751159196290573,347,20.112055641421946,-2.8,1.5,-1.3,0.1,1.9,0.686,True,True,True,False,False,16.0,11.0,30.0,41.0,11.0,11.0,29.0,29.0,10.0,10.0,28.0,25.0,,,,,,,,,119,15,0,0.0,0.0,0,0.0,0.0,134.0,0.8880597014925373,0.0,22,43,65,22.0,82.0,,0.3384615384615385,0.2682926829268293,0.0701688555347092,15.0,15.0,15.0,,
2020,2019-20,1629690,Adam Mokoka,11,111.66666666666669,10.151515151515154,238,32,10,4,4,0,2,28,4,17.1,2.909090909090909,10.084033613445378,46,14.495798319327731,-2.9,-1.2,-4.1,-0.1,0.2,0.538,True,False,False,False,False,44.0,34.0,47.0,69.0,,,,,,,,,,,,,,,,,12,0,1,4.0,4.0,7,0.0,15.0,28.0,0.42857142857142855,0.5357142857142857,22,43,65,22.0,82.0,,0.3384615384615385,0.2682926829268293,0.0701688555347092,43.0,,,,
2020,2019-20,1629622,Max Strus,2,6.233333333333333,3.1166666666666667,15,5,1,0,0,0,0,3,1,105.8,2.5,25.0,6,30.0,5.7,-1.7,3.9,0.0,0.0,0.727,True,False,False,False,False,1.0,17.0,51.0,4.0,,,,,,,,,,,,,,,,,2,0,0,0.0,0.0,1,0.0,1.0,3.0,0.6666666666666666,0.3333333333333333,22,43,65,22.0,82.0,,0.3384615384615385,0.2682926829268293,0.0701688555347092,52.0,,,,
2021,2020-21,1630172,Patrick Williams,71,1983.3566666666663,27.934600938967133,4151,655,327,99,64,46,98,528,125,-7.1,9.225352112676056,11.834497711394844,1081,19.531438207660806,-2.8,0.4,-2.4,-0.2,2.5,0.562,True,True,True,True,True,27.0,47.0,11.0,46.0,19.0,23.0,11.0,33.0,17.0,20.0,11.0,28.0,16.0,19.0,11.0,24.0,14.0,14.0,11.0,18.0,175,100,115,28.0,30.0,79,1.0,138.0,528.0,0.3314393939393939,0.26136363636363635,31,41,72,22.0,65.0,,0.4305555555555556,0.3384615384615385,0.0920940170940171,12.0,12.0,12.0,12.0,11.0
2021,2020-21,1629653,Devon Dotson,11,50.21333333333333,4.5648484848484845,113,23,5,7,4,0,0,21,0,21.7,2.090909090909091,15.265486725663717,35,23.23008849557522,-0.1,2.2,2.1,0.1,0.2,0.548,True,False,False,False,False,3.0,11.0,56.0,29.0,,,,,,,,,,,,,,,,,9,3,2,1.0,0.0,6,0.0,7.0,21.0,0.42857142857142855,0.3333333333333333,31,41,72,22.0,65.0,,0.4305555555555556,0.3384615384615385,0.0920940170940171,43.0,,,,
2022,2021-22,1630245,Ayo Dosunmu,77,2109.641666666667,27.397943722943726,4418,679,214,256,60,29,108,535,78,-5.0,8.818181818181818,11.526708918062472,1149,19.50543232231779,-1.9,-0.1,-2.0,0.0,3.0,0.596,True,True,True,True,True,23.0,17.0,13.0,47.0,15.0,15.0,13.0,34.0,13.0,13.0,13.0,29.0,12.0,12.0,13.0,25.0,10.0,10.0,13.0,19.0,211,59,80,34.0,61.0,89,1.0,185.0,535.0,0.394392523364486,0.34579439252336447,46,36,82,31.0,72.0,,0.5609756097560976,0.4305555555555556,0.13042005420054203,9.0,9.0,9.0,9.0,9.0
2022,2021-22,1630792,Malcolm Hill,16,166.24,10.39,360,55,29,7,3,2,3,44,10,-11.7,3.4375,11.458333333333334,91,18.958333333333332,-1.5,-1.6,-3.1,0.0,0.3,0.568,True,False,False,False,False,35.0,17.0,44.0,53.0,,,,,,,,,,,,,,,,,5,6,3,4.0,3.0,23,0.0,30.0,44.0,0.11363636363636363,0.6818181818181818,46,36,82,31.0,72.0,,0.5609756097560976,0.4305555555555556,0.13042005420054203,39.0,,,,
2022,2021-22,1630250,Marko Simonovic,9,35.185,3.9094444444444445,74,17,10,0,1,1,2,15,11,1.2,1.8888888888888888,17.22972972972973,27,27.364864864864863,-6.1,-5.0,-11.1,-0.1,0.0,0.428,True,False,False,False,False,73.0,34.0,61.0,11.0,,,,,,,,,,,,,,,,,6,2,2,0.0,0.0,5,0.0,5.0,15.0,0.4,0.3333333333333333,46,36,82,31.0,72.0,,0.5609756097560976,0.4305555555555556,0.13042005420054203,52.0,,,,
2022,2021-22,1630644,Mac McClung,1,2.55,2.55,6,2,0,0,0,0,1,1,0,-14.3,2.0,25.0,2,25.0,-6.9,-8.4,-15.3,0.0,0.0,1.0,True,False,False,False,False,75.0,17.0,59.0,18.0,,,,,,,,,,,,,,,,,0,0,1,,,0,,0.0,1.0,0.0,0.0,46,36,82,31.0,72.0,,0.5609756097560976,0.4305555555555556,0.13042005420054203,52.0,,,,
2023,2022-23,1631207,Dalen Terry,38,213.945,5.630131578947368,456,85,37,22,11,5,8,72,21,3.3,2.236842105263158,13.980263157894736,144,23.68421052631579,-1.7,1.7,0.0,0.1,0.5,0.523,True,False,False,False,False,8.0,11.0,54.0,25.0,,,,,,,,,,,,,,,,,33,7,5,4.0,8.0,15,0.0,27.0,72.0,0.4583333333333333,0.375,40,42,82,46.0,82.0,-6.0,0.4878048780487805,0.5609756097560976,-0.07317073170731714,34.0,,,,
2024,2023-24,1641763,Julian Phillips,40,322.55,8.06375,675,89,36,13,7,7,10,77,19,0.4,2.225,9.88888888888889,138,15.333333333333334,-4.7,-0.6,-5.3,-0.3,0.2,0.521,True,True,False,False,False,55.0,56.0,55.0,68.0,41.0,29.0,44.0,45.0,,,,,,,,,,,,,34,2,3,9.0,13.0,16,0.0,38.0,77.0,0.44155844155844154,0.4935064935064935,39,43,82,40.0,82.0,-1.0,0.47560975609756095,0.4878048780487805,-0.012195121951219523,43.0,40.0,,,
2024,2023-24,1641931,Onuralp Bitim,23,267.9916666666667,11.651811594202899,559,80,32,13,3,2,10,84,5,-8.5,3.4782608695652173,10.73345259391771,125,16.77101967799642,-5.4,-2.0,-7.4,-0.4,-0.1,0.464,True,False,False,False,False,66.0,62.0,43.0,62.0,,,,,,,,,,,,,,,,,19,12,9,10.0,5.0,29,0.0,44.0,84.0,0.2261904761904762,0.5238095238095238,39,43,82,40.0,82.0,-1.0,0.47560975609756095,0.4878048780487805,-0.012195121951219523,64.0,,,,
2024,2023-24,1641766,Adama Sanogo,9,65.76166666666667,7.306851851851852,144,36,36,0,1,0,5,27,12,21.7,4.0,18.75,72,37.5,-0.4,-6.3,-6.7,-0.1,0.2,0.558,True,False,False,False,False,61.0,34.0,38.0,1.0,,,,,,,,,,,,,,,,,20,7,0,0.0,0.0,0,0.0,0.0,27.0,0.7407407407407407,0.0,39,43,82,40.0,82.0,-1.0,0.47560975609756095,0.4878048780487805,-0.012195121951219523,43.0,,,,
2024,2023-24,1630929,Henri Drell,4,29.916666666666668,7.479166666666667,68,11,4,4,2,1,2,10,2,7.2,2.75,12.132352941176471,19,20.955882352941178,-5.1,0.2,-4.9,0.0,0.0,0.506,True,False,False,False,False,53.0,17.0,49.0,38.0,,,,,,,,,,,,,,,,,2,2,0,2.0,1.0,3,0.0,6.0,10.0,0.2,0.6,39,43,82,40.0,82.0,-1.0,0.47560975609756095,0.4878048780487805,-0.012195121951219523,52.0,,,,
2024,2023-24,1641847,Andrew Funk,5,13.4,2.68,29,0,0,0,1,1,0,4,0,17.0,0.0,0.0,0,0.0,-12.4,-2.0,-14.4,0.0,-0.1,0.0,True,False,False,False,False,74.0,17.0,75.0,75.0,,,,,,,,,,,,,,,,,0,1,0,1.0,1.0,1,0.0,3.0,4.0,0.0,0.75,39,43,82,40.0,82.0,-1.0,0.47560975609756095,0.4878048780487805,-0.012195121951219523,64.0,,,,
2025,2024-25,1641824,Matas Buzelis,80,1511.295,18.8911875,3328,688,278,79,29,75,74,555,108,-1.7,8.6,15.504807692307692,1045,23.55018028846154,-2.0,-0.5,-2.5,-0.2,1.9,0.571,True,True,True,True,True,30.0,47.0,15.0,27.0,22.0,23.0,15.0,21.0,20.0,20.0,15.0,19.0,19.0,19.0,15.0,17.0,15.0,14.0,15.0,16.0,205,67,17,81.0,54.0,131,0.0,266.0,555.0,0.36936936936936937,0.47927927927927927,39,43,82,39.0,82.0,0.0,0.47560975609756095,0.47560975609756095,0.0,15.0,15.0,15.0,15.0,13.0
2025,2024-25,1642443,Jahmir Young,6,29.666666666666668,4.944444444444445,70,11,3,6,0,0,1,5,2,-13.5,1.8333333333333333,11.785714285714286,20,21.428571428571427,1.2,-0.8,0.5,0.0,0.1,0.935,True,False,False,False,False,6.0,17.0,63.0,36.0,,,,,,,,,,,,,,,,,3,0,0,0.0,0.0,2,0.0,2.0,5.0,0.6,0.4,39,43,82,39.0,82.0,0.0,0.47560975609756095,0.47560975609756095,0.0,48.0,,,,
2025,2024-25,1641801,Emanuel Miller,6,24.733333333333334,4.122222222222223,54,10,8,2,1,0,0,8,2,-10.0,1.6666666666666667,13.88888888888889,20,27.77777777777778,-0.9,-0.9,-1.8,0.0,0.1,0.563,True,False,False,False,False,21.0,17.0,66.0,8.0,,,,,,,,,,,,,,,,,6,1,0,0.0,0.0,1,0.0,1.0,8.0,0.75,0.125,39,43,82,39.0,82.0,0.0,0.47560975609756095,0.47560975609756095,0.0,48.0,,,,
2026,2025-26,1642950,Lachlan Olbrich,37,344.2216666666667,9.30328828828829,763,89,112,42,12,8,16,77,40,2.3,2.4054054054054053,8.748361730013107,243,23.88597640891219,-3.3,-0.2,-3.4,-0.1,0.5,0.47,True,True,False,False,False,39.0,34.0,52.0,24.0,30.0,19.0,42.0,19.0,,,,,,,,,,,,,43,14,1,6.0,1.0,12,0.0,19.0,77.0,0.5584415584415584,0.24675324675324675,31,51,82,39.0,82.0,-8.0,0.3780487804878049,0.47560975609756095,-0.09756097560975607,34.0,34.0,,,
2026,2025-26,1642855,Noa Essengue,2,6.033333333333333,3.0166666666666666,15,0,0,0,1,0,0,3,0,-111.4,0.0,0.0,0,0.0,-20.7,-3.0,-23.7,0.0,-0.1,0.0,True,False,False,False,False,76.0,17.0,75.0,75.0,,,,,,,,,,,,,,,,,1,0,0,1.0,0.0,1,,2.0,3.0,0.3333333333333333,0.6666666666666666,31,51,82,39.0,82.0,-8.0,0.3780487804878049,0.47560975609756095,-0.09756097560975607,64.0,,,,
