season_end_year_prev,season_prev,player_id,player_prev,games_prev,minutes_prev,points_prev,team_games_prev,team_points_prev,player_source_url_prev,team_source_url_prev,minutes_per_game_prev,points_per_game_prev,points_per_36_prev,qualified_prev,advanced_player_prev,advanced_games_prev,advanced_minutes_per_game_prev,possessions_prev,pace_prev,_merge_prev,points_per_100_prev,points_per_75_prev,join_year,season_end_year_cur,season_cur,player_cur,games_cur,minutes_cur,points_cur,team_games_cur,team_points_cur,player_source_url_cur,team_source_url_cur,minutes_per_game_cur,points_per_game_cur,points_per_36_cur,qualified_cur,advanced_player_cur,advanced_games_cur,advanced_minutes_per_game_cur,possessions_cur,pace_cur,_merge_cur,points_per_100_cur,points_per_75_cur,gain_points_per_36,gain_points_per_100,gain_points_per_75,gain_points_per_game,gain_minutes_per_game
2014,2013–14,202710,Jimmy Butler III,67,2590.4933333333333,878,82,7680,https://www.nba.com/stats/players/traditional?PerMode=Totals&Season=2013-14&SeasonType=Regular%20Season&TeamID=1610612741,https://www.nba.com/stats/teams/traditional?PerMode=Totals&Season=2013-14&SeasonType=Regular%20Season&TeamID=1610612741,38.664079601990046,13.1044776119403,12.201536901594032,True,Jimmy Butler III,67,38.7,4912,91.09,both,17.87459283387622,13.405944625407166,2015,2015,2014–15,Jimmy Butler III,65,2513.473333333334,1301,82,8265,https://www.nba.com/stats/players/traditional?PerMode=Totals&Season=2014-15&SeasonType=Regular%20Season&TeamID=1610612741,https://www.nba.com/stats/teams/traditional?PerMode=Totals&Season=2014-15&SeasonType=Regular%20Season&TeamID=1610612741,38.66882051282051,20.015384615384615,18.633975295805804,True,Jimmy Butler III,65,38.7,4934,94.13,both,26.368058370490477,19.77604377786786,6.432438394211772,8.493465536614256,6.370099152460693,6.910907003444315,0.004740910830463463
2005,2004–05,2804,Andres Nocioni,81,1895.4983333333332,677,82,7745,https://www.nba.com/stats/players/traditional?PerMode=Totals&Season=2004-05&SeasonType=Regular%20Season&TeamID=1610612741,https://www.nba.com/stats/teams/traditional?PerMode=Totals&Season=2004-05&SeasonType=Regular%20Season&TeamID=1610612741,23.401213991769545,8.358024691358025,12.857832460944747,True,Andres Nocioni,81,23.4,3753,95.48,both,18.038902211564082,13.529176658673062,2006,2006,2005–06,Andres Nocioni,82,2239.08,1063,82,8020,https://www.nba.com/stats/players/traditional?PerMode=Totals&Season=2005-06&SeasonType=Regular%20Season&TeamID=1610612741,https://www.nba.com/stats/teams/traditional?PerMode=Totals&Season=2005-06&SeasonType=Regular%20Season&TeamID=1610612741,27.305853658536584,12.96341463414634,17.090948067956482,True,Andres Nocioni,82,27.3,4459,95.74,both,23.839425880242207,17.879569410181656,4.233115607011735,5.8005236686781245,4.350392751508593,4.605389942788314,3.9046396667670393
2023,2022–23,1627936,Alex Caruso,67,1575.3766666666668,374,82,9276,https://www.nba.com/stats/players/traditional?PerMode=Totals&Season=2022-23&SeasonType=Regular%20Season&TeamID=1610612741,https://www.nba.com/stats/teams/traditional?PerMode=Totals&Season=2022-23&SeasonType=Regular%20Season&TeamID=1610612741,23.51308457711443,5.582089552238806,8.54652749712767,True,Alex Caruso,67,23.5,3275,99.79,both,11.419847328244275,8.564885496183207,2024,2024,2023–24,Alex Caruso,71,2040.3433333333332,715,82,9206,https://www.nba.com/stats/players/traditional?PerMode=Totals&Season=2023-24&SeasonType=Regular%20Season&TeamID=1610612741,https://www.nba.com/stats/teams/traditional?PerMode=Totals&Season=2023-24&SeasonType=Regular%20Season&TeamID=1610612741,28.737230046948355,10.070422535211268,12.615523857912802,True,Alex Caruso,71,28.7,4213,99.21,both,16.971279373368144,12.728459530026107,4.068996360785132,5.551432045123869,4.163574033842901,4.488332982972462,5.224145469833925
2023,2022–23,1629632,Coby White,74,1730.2283333333332,715,82,9276,https://www.nba.com/stats/players/traditional?PerMode=Totals&Season=2022-23&SeasonType=Regular%20Season&TeamID=1610612741,https://www.nba.com/stats/teams/traditional?PerMode=Totals&Season=2022-23&SeasonType=Regular%20Season&TeamID=1610612741,23.381463963963963,9.66216216216216,14.876649228377373,True,Coby White,74,23.4,3640,100.99,both,19.642857142857142,14.732142857142858,2024,2024,2023–24,Coby White,79,2881.3566666666666,1509,82,9206,https://www.nba.com/stats/players/traditional?PerMode=Totals&Season=2023-24&SeasonType=Regular%20Season&TeamID=1610612741,https://www.nba.com/stats/teams/traditional?PerMode=Totals&Season=2023-24&SeasonType=Regular%20Season&TeamID=1610612741,36.47286919831223,19.10126582278481,18.853618723587385,True,Coby White,79,36.5,5857,97.52,both,25.76404302543964,19.323032269079732,3.976969495210012,6.121185882582498,4.590889411936875,9.439103660622651,13.091405234348269
2009,2008–09,201565,Derrick Rose,81,3000.048333333333,1361,82,8378,https://www.nba.com/stats/players/traditional?PerMode=Totals&Season=2008-09&SeasonType=Regular%20Season&TeamID=1610612741,https://www.nba.com/stats/teams/traditional?PerMode=Totals&Season=2008-09&SeasonType=Regular%20Season&TeamID=1610612741,37.03763374485597,16.80246913580247,16.33173687757253,True,Derrick Rose,81,37.0,5907,94.64,both,23.04046047062807,17.280345352971054,2010,2010,2009–10,Derrick Rose,78,2870.95,1619,82,7993,https://www.nba.com/stats/players/traditional?PerMode=Totals&Season=2009-10&SeasonType=Regular%20Season&TeamID=1610612741,https://www.nba.com/stats/teams/traditional?PerMode=Totals&Season=2009-10&SeasonType=Regular%20Season&TeamID=1610612741,36.80705128205128,20.756410256410255,20.301293996760656,True,Derrick Rose,78,36.8,5644,94.48,both,28.685329553508147,21.51399716513111,3.9695571191881243,5.644869082880078,4.233651812160055,3.9539411206077872,-0.23058246280468353
2010,2009–10,201565,Derrick Rose,78,2870.95,1619,82,7993,https://www.nba.com/stats/players/traditional?PerMode=Totals&Season=2009-10&SeasonType=Regular%20Season&TeamID=1610612741,https://www.nba.com/stats/teams/traditional?PerMode=Totals&Season=2009-10&SeasonType=Regular%20Season&TeamID=1610612741,36.80705128205128,20.756410256410255,20.301293996760656,True,Derrick Rose,78,36.8,5644,94.48,both,28.685329553508147,21.51399716513111,2011,2011,2010–11,Derrick Rose,81,3025.8366666666666,2026,82,8087,https://www.nba.com/stats/players/traditional?PerMode=Totals&Season=2010-11&SeasonType=Regular%20Season&TeamID=1610612741,https://www.nba.com/stats/teams/traditional?PerMode=Totals&Season=2010-11&SeasonType=Regular%20Season&TeamID=1610612741,37.35600823045267,25.012345679012345,24.1044074861939,True,Derrick Rose,81,37.4,5808,92.07,both,34.88292011019284,26.16219008264463,3.803113489433244,6.197590556684695,4.648192917513523,4.255935422602089,0.5489569484013899
2006,2005–06,2732,Ben Gordon,80,2482.1066666666666,1350,82,8020,https://www.nba.com/stats/players/traditional?PerMode=Totals&Season=2005-06&SeasonType=Regular%20Season&TeamID=1610612741,https://www.nba.com/stats/teams/traditional?PerMode=Totals&Season=2005-06&SeasonType=Regular%20Season&TeamID=1610612741,31.026333333333337,16.875,19.580141600146113,True,Ben Gordon,80,31.0,4886,94.39,both,27.62996316004912,20.72247237003684,2007,2007,2006–07,Ben Gordon,82,2703.7883333333334,1753,82,8100,https://www.nba.com/stats/players/traditional?PerMode=Totals&Season=2006-07&SeasonType=Regular%20Season&TeamID=1610612741,https://www.nba.com/stats/teams/traditional?PerMode=Totals&Season=2006-07&SeasonType=Regular%20Season&TeamID=1610612741,32.973028455284556,21.37804878048781,23.34058447622564,True,Ben Gordon,82,33.0,5382,95.58,both,32.57153474544779,24.428651059085844,3.7604428760795265,4.941571585398673,3.706178689049004,4.503048780487809,1.946695121951219
2016,2015–16,201959,Taj Gibson,73,1935.5583333333336,627,82,8335,https://www.nba.com/stats/players/traditional?PerMode=Totals&Season=2015-16&SeasonType=Regular%20Season&TeamID=1610612741,https://www.nba.com/stats/teams/traditional?PerMode=Totals&Season=2015-16&SeasonType=Regular%20Season&TeamID=1610612741,26.51449771689498,8.58904109589041,11.661751346510696,True,Taj Gibson,73,26.5,3870,96.36,both,16.2015503875969,12.151162790697676,2017,2017,2016–17,Taj Gibson,55,1501.8216666666667,639,82,8435,https://www.nba.com/stats/players/traditional?PerMode=Totals&Season=2016-17&SeasonType=Regular%20Season&TeamID=1610612741,https://www.nba.com/stats/teams/traditional?PerMode=Totals&Season=2016-17&SeasonType=Regular%20Season&TeamID=1610612741,27.30584848484849,11.61818181818182,15.317397871251911,True,Taj Gibson,55,27.3,3005,96.28,both,21.264559068219636,15.948419301164726,3.655646524741215,5.063008680622737,3.797256510467051,3.0291407222914106,0.7913507679535101
2013,2012–13,201959,Taj Gibson,65,1459.3766666666668,517,82,7641,https://www.nba.com/stats/players/traditional?PerMode=Totals&Season=2012-13&SeasonType=Regular%20Season&TeamID=1610612741,https://www.nba.com/stats/teams/traditional?PerMode=Totals&Season=2012-13&SeasonType=Regular%20Season&TeamID=1610612741,22.45194871794872,7.953846153846154,12.753390146021246,True,Taj Gibson,65,22.5,2741,90.7,both,18.861729295877417,14.146296971908063,2014,2014,2013–14,Taj Gibson,82,2351.11,1069,82,7680,https://www.nba.com/stats/players/traditional?PerMode=Totals&Season=2013-14&SeasonType=Regular%20Season&TeamID=1610612741,https://www.nba.com/stats/teams/traditional?PerMode=Totals&Season=2013-14&SeasonType=Regular%20Season&TeamID=1610612741,28.672073170731707,13.03658536585366,16.36843873744742,True,Taj Gibson,82,28.7,4462,91.32,both,23.957866427610934,17.9683998207082,3.6150485914261736,5.096137131733517,3.822102848800137,5.082739212007507,6.220124452782986
2004,2003–04,2550,Kirk Hinrich,76,2709.2683333333334,915,82,7355,https://www.nba.com/stats/players/traditional?PerMode=Totals&Season=2003-04&SeasonType=Regular%20Season&TeamID=1610612741,https://www.nba.com/stats/teams/traditional?PerMode=Totals&Season=2003-04&SeasonType=Regular%20Season&TeamID=1610612741,35.64826754385965,12.039473684210526,12.15826413158288,True,Kirk Hinrich,76,35.6,5236,93.02,both,17.475171886936593,13.106378915202445,2005,2005,2004–05,Kirk Hinrich,77,2797.4666666666667,1206,82,7745,https://www.nba.com/stats/players/traditional?PerMode=Totals&Season=2004-05&SeasonType=Regular%20Season&TeamID=1610612741,https://www.nba.com/stats/teams/traditional?PerMode=Totals&Season=2004-05&SeasonType=Regular%20Season&TeamID=1610612741,36.33073593073593,15.662337662337665,15.51975596968686,True,Kirk Hinrich,77,36.3,5449,93.77,both,22.13250137639934,16.599376032299503,3.36149183810398,4.657329489462747,3.492997117097058,3.622863978127139,0.6824683868762804
2024,2023–24,1629632,Coby White,79,2881.3566666666666,1509,82,9206,https://www.nba.com/stats/players/traditional?PerMode=Totals&Season=2023-24&SeasonType=Regular%20Season&TeamID=1610612741,https://www.nba.com/stats/teams/traditional?PerMode=Totals&Season=2023-24&SeasonType=Regular%20Season&TeamID=1610612741,36.47286919831223,19.10126582278481,18.853618723587385,True,Coby White,79,36.5,5857,97.52,both,25.76404302543964,19.323032269079732,2025,2025,2024–25,Coby White,74,2450.2566666666667,1509,82,9660,https://www.nba.com/stats/players/traditional?PerMode=Totals&Season=2024-25&SeasonType=Regular%20Season&TeamID=1610612741,https://www.nba.com/stats/teams/traditional?PerMode=Totals&Season=2024-25&SeasonType=Regular%20Season&TeamID=1610612741,33.111576576576574,20.39189189189189,22.17073857568663,True,Coby White,74,33.1,5375,105.37,both,28.074418604651164,21.055813953488375,3.317119852099246,2.3103755792115237,1.7327816844086428,1.2906260691070806,-3.3612926217356573
2023,2022–23,1630245,Ayo Dosunmu,80,2097.616666666667,687,82,9276,https://www.nba.com/stats/players/traditional?PerMode=Totals&Season=2022-23&SeasonType=Regular%20Season&TeamID=1610612741,https://www.nba.com/stats/teams/traditional?PerMode=Totals&Season=2022-23&SeasonType=Regular%20Season&TeamID=1610612741,26.220208333333336,8.5875,11.790524166315738,True,Ayo Dosunmu,80,26.2,4395,100.78,both,15.631399317406144,11.723549488054609,2024,2024,2023–24,Ayo Dosunmu,76,2212.4683333333332,924,82,9206,https://www.nba.com/stats/players/traditional?PerMode=Totals&Season=2023-24&SeasonType=Regular%20Season&TeamID=1610612741,https://www.nba.com/stats/teams/traditional?PerMode=Totals&Season=2023-24&SeasonType=Regular%20Season&TeamID=1610612741,29.11142543859649,12.157894736842104,15.034791458408822,True,Ayo Dosunmu,76,29.1,4520,98.13,both,20.442477876106192,15.331858407079643,3.2442672920930846,4.811078558700048,3.608308919025035,3.570394736842104,2.8912171052631557
2020,2019–20,201152,Thaddeus Young,64,1590.6616666666666,659,65,6945,https://www.nba.com/stats/players/traditional?PerMode=Totals&Season=2019-20&SeasonType=Regular%20Season&TeamID=1610612741,https://www.nba.com/stats/teams/traditional?PerMode=Totals&Season=2019-20&SeasonType=Regular%20Season&TeamID=1610612741,24.854088541666663,10.296875,14.91454813877244,True,Thaddeus Young,64,24.9,3393,102.37,both,19.422340111995283,14.566755083996462,2021,2021,2020–21,Thaddeus Young,68,1652.195,823,72,7969,https://www.nba.com/stats/players/traditional?PerMode=Totals&Season=2020-21&SeasonType=Regular%20Season&TeamID=1610612741,https://www.nba.com/stats/teams/traditional?PerMode=Totals&Season=2020-21&SeasonType=Regular%20Season&TeamID=1610612741,24.296985294117647,12.102941176470589,17.93250796667464,True,Thaddeus Young,68,24.3,3445,100.03,both,23.889695210449926,17.917271407837443,3.0179598279021977,4.467355098454643,3.3505163238409814,1.8060661764705888,-0.5571032475490156
2016,2015–16,202710,Jimmy Butler III,67,2473.625,1399,82,8335,https://www.nba.com/stats/players/traditional?PerMode=Totals&Season=2015-16&SeasonType=Regular%20Season&TeamID=1610612741,https://www.nba.com/stats/teams/traditional?PerMode=Totals&Season=2015-16&SeasonType=Regular%20Season&TeamID=1610612741,36.91977611940298,20.880597014925375,20.360402243670727,True,Jimmy Butler III,67,36.9,4976,96.53,both,28.114951768488744,21.08621382636656,2017,2017,2016–17,Jimmy Butler III,76,2808.9566666666665,1816,82,8435,https://www.nba.com/stats/players/traditional?PerMode=Totals&Season=2016-17&SeasonType=Regular%20Season&TeamID=1610612741,https://www.nba.com/stats/teams/traditional?PerMode=Totals&Season=2016-17&SeasonType=Regular%20Season&TeamID=1610612741,36.95995614035088,23.894736842105264,23.274121945633432,True,Jimmy Butler III,76,37.0,5654,96.48,both,32.11885390873718,24.089140431552885,2.9137197019627052,4.003902140248435,3.0029266051863246,3.014139827179889,0.04018002094790063
2009,2008–09,201149,Joakim Noah,80,1938.27,537,82,8378,https://www.nba.com/stats/players/traditional?PerMode=Totals&Season=2008-09&SeasonType=Regular%20Season&TeamID=1610612741,https://www.nba.com/stats/teams/traditional?PerMode=Totals&Season=2008-09&SeasonType=Regular%20Season&TeamID=1610612741,24.228375,6.7125,9.973842653500286,True,Joakim Noah,80,24.2,3803,94.33,both,14.120431238495923,10.590323428871942,2010,2010,2009–10,Joakim Noah,64,1924.69,687,82,7993,https://www.nba.com/stats/players/traditional?PerMode=Totals&Season=2009-10&SeasonType=Regular%20Season&TeamID=1610612741,https://www.nba.com/stats/teams/traditional?PerMode=Totals&Season=2009-10&SeasonType=Regular%20Season&TeamID=1610612741,30.07328125,10.734375,12.849861536143482,True,Joakim Noah,64,30.1,3745,93.81,both,18.34445927903872,13.75834445927904,2.876018882643196,4.224028040542796,3.1680210304070986,4.021875,5.844906250000001
2017,2016–17,201577,Robin Lopez,81,2270.7566666666667,839,82,8435,https://www.nba.com/stats/players/traditional?PerMode=Totals&Season=2016-17&SeasonType=Regular%20Season&TeamID=1610612741,https://www.nba.com/stats/teams/traditional?PerMode=Totals&Season=2016-17&SeasonType=Regular%20Season&TeamID=1610612741,28.0340329218107,10.358024691358024,13.301293107877404,True,Robin Lopez,81,28.0,4549,96.04,both,18.443613981094746,13.83271048582106,2018,2018,2017–18,Robin Lopez,64,1689.7766666666666,756,82,8440,https://www.nba.com/stats/players/traditional?PerMode=Totals&Season=2017-18&SeasonType=Regular%20Season&TeamID=1610612741,https://www.nba.com/stats/teams/traditional?PerMode=Totals&Season=2017-18&SeasonType=Regular%20Season&TeamID=1610612741,26.402760416666663,11.8125,16.10627045388641,True,Robin Lopez,64,26.4,3491,99.0,both,21.65568604984245,16.24176453738184,2.8049773460090055,3.2120720687477053,2.40905405156078,1.4544753086419764,-1.631272505144036
2005,2004–05,2768,Chris Duhon,82,2171.7633333333333,487,82,7745,https://www.nba.com/stats/players/traditional?PerMode=Totals&Season=2004-05&SeasonType=Regular%20Season&TeamID=1610612741,https://www.nba.com/stats/teams/traditional?PerMode=Totals&Season=2004-05&SeasonType=Regular%20Season&TeamID=1610612741,26.48491869918699,5.939024390243903,8.072702826735265,True,Chris Duhon,82,26.5,4229,93.89,both,11.515724757625916,8.636793568219437,2006,2006,2005–06,Chris Duhon,74,2154.4816666666666,647,82,8020,https://www.nba.com/stats/players/traditional?PerMode=Totals&Season=2005-06&SeasonType=Regular%20Season&TeamID=1610612741,https://www.nba.com/stats/teams/traditional?PerMode=Totals&Season=2005-06&SeasonType=Regular%20Season&TeamID=1610612741,29.114617117117117,8.743243243243244,10.810952982503911,True,Chris Duhon,74,29.1,4251,94.72,both,15.219948247471182,11.414961185603387,2.7382501557686467,3.7042234898452655,2.77816761738395,2.804218852999341,2.6296984179301255
2006,2005–06,2736,Luol Deng,78,2603.6233333333334,1112,82,8020,https://www.nba.com/stats/players/traditional?PerMode=Totals&Season=2005-06&SeasonType=Regular%20Season&TeamID=1610612741,https://www.nba.com/stats/teams/traditional?PerMode=Totals&Season=2005-06&SeasonType=Regular%20Season&TeamID=1610612741,33.37978632478632,14.256410256410255,15.375495943473643,True,Luol Deng,78,33.4,5117,94.44,both,21.731483290990816,16.298612468243114,2007,2007,2006–07,Luol Deng,82,3071.3783333333336,1540,82,8100,https://www.nba.com/stats/players/traditional?PerMode=Totals&Season=2006-07&SeasonType=Regular%20Season&TeamID=1610612741,https://www.nba.com/stats/teams/traditional?PerMode=Totals&Season=2006-07&SeasonType=Regular%20Season&TeamID=1610612741,37.45583333333334,18.78048780487805,18.050527803206705,True,Luol Deng,82,37.5,6083,95.0,both,25.31645569620253,18.9873417721519,2.6750318597330622,3.5849724052117153,2.6887293039087865,4.524077548467794,4.076047008547015
2018,2017–18,1628374,Lauri Markkanen,68,2020.02,1033,82,8440,https://www.nba.com/stats/players/traditional?PerMode=Totals&Season=2017-18&SeasonType=Regular%20Season&TeamID=1610612741,https://www.nba.com/stats/teams/traditional?PerMode=Totals&Season=2017-18&SeasonType=Regular%20Season&TeamID=1610612741,29.706176470588236,15.191176470588236,18.40971871565628,True,Lauri Markkanen,68,29.7,4183,99.49,both,24.69519483624193,18.521396127181447,2019,2019,2018–19,Lauri Markkanen,52,1682.128333333333,974,82,8605,https://www.nba.com/stats/players/traditional?PerMode=Totals&Season=2018-19&SeasonType=Regular%20Season&TeamID=1610612741,https://www.nba.com/stats/teams/traditional?PerMode=Totals&Season=2018-19&SeasonType=Regular%20Season&TeamID=1610612741,32.3486217948718,18.73076923076923,20.845020742571165,True,Lauri Markkanen,52,32.3,3478,99.33,both,28.004600345025878,21.00345025876941,2.4353020269148864,3.3094055087839465,2.4820541315879616,3.5395927601809944,2.6424453242835604
2024,2023–24,202696,Nikola Vučević,76,2609.5016666666666,1370,82,9206,https://www.nba.com/stats/players/traditional?PerMode=Totals&Season=2023-24&SeasonType=Regular%20Season&TeamID=1610612741,https://www.nba.com/stats/teams/traditional?PerMode=Totals&Season=2023-24&SeasonType=Regular%20Season&TeamID=1610612741,34.335548245614035,18.026315789473685,18.900160375448444,True,Nikola Vučević,76,34.3,5287,97.36,both,25.912615850198602,19.43446188764895,2025,2025,2024–25,Nikola Vučević,73,2278.25,1349,82,9660,https://www.nba.com/stats/players/traditional?PerMode=Totals&Season=2024-25&SeasonType=Regular%20Season&TeamID=1610612741,https://www.nba.com/stats/teams/traditional?PerMode=Totals&Season=2024-25&SeasonType=Regular%20Season&TeamID=1610612741,31.20890410958904,18.47945205479452,21.316361242181497,True,Nikola Vučević,73,31.2,4950,104.11,both,27.25252525252525,20.439393939393938,2.4162008667330532,1.3399094023266471,1.0049320517449871,0.4531362653208362,-3.1266441360249964
2003,2002–03,1944,Eddie Robinson,64,1354.361666666667,364,82,7786,https://www.nba.com/stats/players/traditional?PerMode=Totals&Season=2002-03&SeasonType=Regular%20Season&TeamID=1610612741,https://www.nba.com/stats/teams/traditional?PerMode=Totals&Season=2002-03&SeasonType=Regular%20Season&TeamID=1610612741,21.161901041666667,5.6875,9.675406741429237,True,Eddie Robinson,64,21.2,2698,95.74,both,13.491475166790215,10.11860637509266,2004,2004,2003–04,Eddie Robinson,51,1022.5866666666668,343,82,7355,https://www.nba.com/stats/players/traditional?PerMode=Totals&Season=2003-04&SeasonType=Regular%20Season&TeamID=1610612741,https://www.nba.com/stats/teams/traditional?PerMode=Totals&Season=2003-04&SeasonType=Regular%20Season&TeamID=1610612741,20.050718954248367,6.7254901960784315,12.07526012465121,True,Eddie Robinson,51,20.1,2017,94.89,both,17.00545364402578,12.754090233019337,2.3998533832219735,3.5139784772355664,2.635483857926676,1.0379901960784315,-1.1111820874182996
2004,2003–04,2201,Eddy Curry,73,2158.2633333333333,1070,82,7355,https://www.nba.com/stats/players/traditional?PerMode=Totals&Season=2003-04&SeasonType=Regular%20Season&TeamID=1610612741,https://www.nba.com/stats/teams/traditional?PerMode=Totals&Season=2003-04&SeasonType=Regular%20Season&TeamID=1610612741,29.565251141552512,14.657534246575343,17.847683090880167,True,Eddy Curry,73,29.6,4184,93.41,both,25.573613766730404,19.180210325047803,2005,2005,2004–05,Eddy Curry,63,1811.59,1012,82,7745,https://www.nba.com/stats/players/traditional?PerMode=Totals&Season=2004-05&SeasonType=Regular%20Season&TeamID=1610612741,https://www.nba.com/stats/teams/traditional?PerMode=Totals&Season=2004-05&SeasonType=Regular%20Season&TeamID=1610612741,28.755396825396826,16.063492063492063,20.11051065638473,True,Eddy Curry,63,28.8,3503,93.28,both,28.889523265772194,21.667142449329145,2.262827565504562,3.3159094990417906,2.486932124281342,1.40595781691672,-0.8098543161556861
2003,2002–03,2037,Jamal Crawford,80,1987.9183333333333,858,82,7786,https://www.nba.com/stats/players/traditional?PerMode=Totals&Season=2002-03&SeasonType=Regular%20Season&TeamID=1610612741,https://www.nba.com/stats/teams/traditional?PerMode=Totals&Season=2002-03&SeasonType=Regular%20Season&TeamID=1610612741,24.848979166666663,10.725,15.537861632478196,True,Jamal Crawford,80,24.8,3962,95.44,both,21.65572942958102,16.241797072185765,2004,2004,2003–04,Jamal Crawford,80,2813.71,1383,82,7355,https://www.nba.com/stats/players/traditional?PerMode=Totals&Season=2003-04&SeasonType=Regular%20Season&TeamID=1610612741,https://www.nba.com/stats/teams/traditional?PerMode=Totals&Season=2003-04&SeasonType=Regular%20Season&TeamID=1610612741,35.171375,17.2875,17.69478730928205,True,Jamal Crawford,80,35.2,5469,93.39,both,25.287986834887548,18.96599012616566,2.156925676803853,3.632257405306529,2.7241930539798958,6.562500000000002,10.322395833333335
2006,2005–06,2804,Andres Nocioni,82,2239.08,1063,82,8020,https://www.nba.com/stats/players/traditional?PerMode=Totals&Season=2005-06&SeasonType=Regular%20Season&TeamID=1610612741,https://www.nba.com/stats/teams/traditional?PerMode=Totals&Season=2005-06&SeasonType=Regular%20Season&TeamID=1610612741,27.305853658536584,12.96341463414634,17.090948067956482,True,Andres Nocioni,82,27.3,4459,95.74,both,23.839425880242207,17.879569410181656,2007,2007,2006–07,Andres Nocioni,53,1405.825,749,82,8100,https://www.nba.com/stats/players/traditional?PerMode=Totals&Season=2006-07&SeasonType=Regular%20Season&TeamID=1610612741,https://www.nba.com/stats/teams/traditional?PerMode=Totals&Season=2006-07&SeasonType=Regular%20Season&TeamID=1610612741,26.525,14.132075471698114,19.18019668166379,True,Andres Nocioni,53,26.5,2816,96.23,both,26.598011363636363,19.948508522727273,2.0892486137073085,2.7585854833941568,2.0689391125456176,1.1686608375517746,-0.7808536585365857
2013,2012–13,2550,Kirk Hinrich,60,1764.375,459,82,7641,https://www.nba.com/stats/players/traditional?PerMode=Totals&Season=2012-13&SeasonType=Regular%20Season&TeamID=1610612741,https://www.nba.com/stats/teams/traditional?PerMode=Totals&Season=2012-13&SeasonType=Regular%20Season&TeamID=1610612741,29.40625,7.65,9.365356004250796,True,Kirk Hinrich,60,29.4,3378,92.09,both,13.587921847246893,10.19094138543517,2014,2014,2013–14,Kirk Hinrich,73,2116.4066666666668,666,82,7680,https://www.nba.com/stats/players/traditional?PerMode=Totals&Season=2013-14&SeasonType=Regular%20Season&TeamID=1610612741,https://www.nba.com/stats/teams/traditional?PerMode=Totals&Season=2013-14&SeasonType=Regular%20Season&TeamID=1610612741,28.991872146118723,9.123287671232877,11.328635643433364,True,Kirk Hinrich,73,29.0,4037,91.65,both,16.49739905870696,12.37304929403022,1.9632796391825682,2.909477211460068,2.18210790859505,1.4732876712328764,-0.4143778538812768
2011,2010–11,201959,Taj Gibson,80,1742.246666666667,569,82,8087,https://www.nba.com/stats/players/traditional?PerMode=Totals&Season=2010-11&SeasonType=Regular%20Season&TeamID=1610612741,https://www.nba.com/stats/teams/traditional?PerMode=Totals&Season=2010-11&SeasonType=Regular%20Season&TeamID=1610612741,21.778083333333335,7.1125,11.757232998006405,True,Taj Gibson,80,21.8,3308,91.23,both,17.20072551390568,12.90054413542926,2012,2012,2011–12,Taj Gibson,63,1284.4566666666667,484,66,6359,https://www.nba.com/stats/players/traditional?PerMode=Totals&Season=2011-12&SeasonType=Regular%20Season&TeamID=1610612741,https://www.nba.com/stats/teams/traditional?PerMode=Totals&Season=2011-12&SeasonType=Regular%20Season&TeamID=1610612741,20.38820105820106,7.682539682539683,13.56526884259752,True,Taj Gibson,63,20.4,2414,90.79,both,20.049710024855013,15.037282518641259,1.8080358445911155,2.8489845109493324,2.1367383832119984,0.570039682539683,-1.3898822751322761
2020,2019–20,203897,Zach LaVine,60,2085.41,1530,65,6945,https://www.nba.com/stats/players/traditional?PerMode=Totals&Season=2019-20&SeasonType=Regular%20Season&TeamID=1610612741,https://www.nba.com/stats/teams/traditional?PerMode=Totals&Season=2019-20&SeasonType=Regular%20Season&TeamID=1610612741,34.75683333333333,25.5,26.412072446185643,True,Zach LaVine,60,34.8,4382,100.85,both,34.91556366955728,26.186672752167958,2021,2021,2020–21,Zach LaVine,58,2033.6266666666668,1591,72,7969,https://www.nba.com/stats/players/traditional?PerMode=Totals&Season=2020-21&SeasonType=Regular%20Season&TeamID=1610612741,https://www.nba.com/stats/teams/traditional?PerMode=Totals&Season=2020-21&SeasonType=Regular%20Season&TeamID=1610612741,35.062528735632185,27.43103448275862,28.164461520305263,True,Zach LaVine,58,35.1,4304,101.34,both,36.965613382899626,27.72421003717472,1.7523890741196197,2.0500497133423465,1.5375372850067635,1.9310344827586192,0.30569540229885206
2025,2024–25,1630581,Josh Giddey,70,2116.641666666667,1022,82,9660,https://www.nba.com/stats/players/traditional?PerMode=Totals&Season=2024-25&SeasonType=Regular%20Season&TeamID=1610612741,https://www.nba.com/stats/teams/traditional?PerMode=Totals&Season=2024-25&SeasonType=Regular%20Season&TeamID=1610612741,30.237738095238097,14.6,17.382252546289916,True,Josh Giddey,70,30.2,4605,104.47,both,22.193268186753528,16.644951140065146,2026,2026,2025–26,Josh Giddey,54,1731.3566666666666,919,82,9537,https://www.nba.com/stats/players/traditional?PerMode=Totals&Season=2025-26&SeasonType=Regular%20Season&TeamID=1610612741,https://www.nba.com/stats/teams/traditional?PerMode=Totals&Season=2025-26&SeasonType=Regular%20Season&TeamID=1610612741,32.06216049382716,17.01851851851852,19.108714360799915,True,Josh Giddey,54,32.1,3768,104.46,both,24.3895966029724,18.2921974522293,1.7264618145099995,2.196328416218872,1.6472463121641532,2.4185185185185194,1.8244223985890606
2015,2014–15,202710,Jimmy Butler III,65,2513.473333333334,1301,82,8265,https://www.nba.com/stats/players/traditional?PerMode=Totals&Season=2014-15&SeasonType=Regular%20Season&TeamID=1610612741,https://www.nba.com/stats/teams/traditional?PerMode=Totals&Season=2014-15&SeasonType=Regular%20Season&TeamID=1610612741,38.66882051282051,20.015384615384615,18.633975295805804,True,Jimmy Butler III,65,38.7,4934,94.13,both,26.368058370490477,19.77604377786786,2016,2016,2015–16,Jimmy Butler III,67,2473.625,1399,82,8335,https://www.nba.com/stats/players/traditional?PerMode=Totals&Season=2015-16&SeasonType=Regular%20Season&TeamID=1610612741,https://www.nba.com/stats/teams/traditional?PerMode=Totals&Season=2015-16&SeasonType=Regular%20Season&TeamID=1610612741,36.91977611940298,20.880597014925375,20.360402243670727,True,Jimmy Butler III,67,36.9,4976,96.53,both,28.114951768488744,21.08621382636656,1.7264269478649226,1.7468933979982673,1.3101700484987013,0.8652123995407592,-1.7490443934175275
2019,2018–19,203897,Zach LaVine,63,2170.855,1492,82,8605,https://www.nba.com/stats/players/traditional?PerMode=Totals&Season=2018-19&SeasonType=Regular%20Season&TeamID=1610612741,https://www.nba.com/stats/teams/traditional?PerMode=Totals&Season=2018-19&SeasonType=Regular%20Season&TeamID=1610612741,34.458015873015874,23.682539682539684,24.742325028617756,True,Zach LaVine,63,34.5,4519,99.98,both,33.0161540163753,24.762115512281476,2020,2020,2019–20,Zach LaVine,60,2085.41,1530,65,6945,https://www.nba.com/stats/players/traditional?PerMode=Totals&Season=2019-20&SeasonType=Regular%20Season&TeamID=1610612741,https://www.nba.com/stats/teams/traditional?PerMode=Totals&Season=2019-20&SeasonType=Regular%20Season&TeamID=1610612741,34.75683333333333,25.5,26.412072446185643,True,Zach LaVine,60,34.8,4382,100.85,both,34.91556366955728,26.186672752167958,1.669747417567887,1.8994096531819764,1.4245572398864823,1.8174603174603163,0.2988174603174585
2001,2000–01,2033,Marcus Fizer,72,1581.3533333333332,683,82,7181,https://www.nba.com/stats/players/traditional?PerMode=Totals&Season=2000-01&SeasonType=Regular%20Season&TeamID=1610612741,https://www.nba.com/stats/teams/traditional?PerMode=Totals&Season=2000-01&SeasonType=Regular%20Season&TeamID=1610612741,21.96324074074074,9.48611111111111,15.548707225456678,True,Marcus Fizer,72,22.0,3033,92.18,both,22.518958127266732,16.88921859545005,2002,2002,2001–02,Marcus Fizer,76,1964.9083333333333,938,82,7335,https://www.nba.com/stats/players/traditional?PerMode=Totals&Season=2001-02&SeasonType=Regular%20Season&TeamID=1610612741,https://www.nba.com/stats/teams/traditional?PerMode=Totals&Season=2001-02&SeasonType=Regular%20Season&TeamID=1610612741,25.85405701754386,12.342105263157896,17.185534524511322,True,Marcus Fizer,76,25.9,3766,92.03,both,24.907063197026023,18.680297397769518,1.6368272990546444,2.388105069759291,1.7910788023194684,2.855994152046785,3.8908162768031183
2012,2011–12,2736,Luol Deng,54,2128.9883333333332,828,66,6359,https://www.nba.com/stats/players/traditional?PerMode=Totals&Season=2011-12&SeasonType=Regular%20Season&TeamID=1610612741,https://www.nba.com/stats/teams/traditional?PerMode=Totals&Season=2011-12&SeasonType=Regular%20Season&TeamID=1610612741,39.42570987654321,15.333333333333334,14.00101613207525,True,Luol Deng,54,39.4,4028,90.71,both,20.556107249255213,15.41708043694141,2013,2013,2012–13,Luol Deng,75,2902.8733333333334,1237,82,7641,https://www.nba.com/stats/players/traditional?PerMode=Totals&Season=2012-13&SeasonType=Regular%20Season&TeamID=1610612741,https://www.nba.com/stats/teams/traditional?PerMode=Totals&Season=2012-13&SeasonType=Regular%20Season&TeamID=1610612741,38.70497777777778,16.493333333333332,15.3406624700584,True,Luol Deng,75,38.7,5545,91.71,both,22.308385933273218,16.731289449954915,1.3396463379831491,1.7522786840180054,1.314209013013505,1.1599999999999984,-0.7207320987654313
2013,2012–13,201149,Joakim Noah,66,2426.2616666666668,784,82,7641,https://www.nba.com/stats/players/traditional?PerMode=Totals&Season=2012-13&SeasonType=Regular%20Season&TeamID=1610612741,https://www.nba.com/stats/teams/traditional?PerMode=Totals&Season=2012-13&SeasonType=Regular%20Season&TeamID=1610612741,36.7615404040404,11.87878787878788,11.632710679048769,True,Joakim Noah,66,36.8,4619,91.48,both,16.973370859493397,12.730028144620047,2014,2014,2013–14,Joakim Noah,80,2819.695,1007,82,7680,https://www.nba.com/stats/players/traditional?PerMode=Totals&Season=2013-14&SeasonType=Regular%20Season&TeamID=1610612741,https://www.nba.com/stats/teams/traditional?PerMode=Totals&Season=2013-14&SeasonType=Regular%20Season&TeamID=1610612741,35.246187500000005,12.5875,12.856709679593006,True,Joakim Noah,80,35.2,5338,90.9,both,18.864743349569128,14.148557512176847,1.2239990005442376,1.8913724900757316,1.4185293675568005,0.7087121212121197,-1.5153529040403981
2020,2019–20,1628374,Lauri Markkanen,50,1491.5783333333334,737,65,6945,https://www.nba.com/stats/players/traditional?PerMode=Totals&Season=2019-20&SeasonType=Regular%20Season&TeamID=1610612741,https://www.nba.com/stats/teams/traditional?PerMode=Totals&Season=2019-20&SeasonType=Regular%20Season&TeamID=1610612741,29.831566666666667,14.74,17.78786900229846,True,Lauri Markkanen,50,29.8,3159,101.72,both,23.330167774612217,17.497625830959162,2021,2021,2020–21,Lauri Markkanen,51,1317.4466666666667,695,72,7969,https://www.nba.com/stats/players/traditional?PerMode=Totals&Season=2020-21&SeasonType=Regular%20Season&TeamID=1610612741,https://www.nba.com/stats/teams/traditional?PerMode=Totals&Season=2020-21&SeasonType=Regular%20Season&TeamID=1610612741,25.832287581699347,13.627450980392156,18.991281114479015,True,Lauri Markkanen,51,25.8,2780,100.78,both,25.0,18.75,1.2034121121805548,1.6698322253877826,1.2523741690408379,-1.1125490196078438,-3.99927908496732
2006,2005–06,2550,Kirk Hinrich,81,2954.6866666666665,1284,82,8020,https://www.nba.com/stats/players/traditional?PerMode=Totals&Season=2005-06&SeasonType=Regular%20Season&TeamID=1610612741,https://www.nba.com/stats/teams/traditional?PerMode=Totals&Season=2005-06&SeasonType=Regular%20Season&TeamID=1610612741,36.477613168724275,15.851851851851851,15.644298436608056,True,Kirk Hinrich,81,36.5,5763,93.81,both,22.280062467464862,16.710046850598648,2007,2007,2006–07,Kirk Hinrich,80,2838.9983333333334,1327,82,8100,https://www.nba.com/stats/players/traditional?PerMode=Totals&Season=2006-07&SeasonType=Regular%20Season&TeamID=1610612741,https://www.nba.com/stats/teams/traditional?PerMode=Totals&Season=2006-07&SeasonType=Regular%20Season&TeamID=1610612741,35.48747916666667,16.5875,16.827061657309883,True,Kirk Hinrich,80,35.5,5613,95.02,both,23.641546410119364,17.731159807589524,1.182763220701828,1.3614839426545018,1.0211129569908763,0.7356481481481474,-0.9901340020576086
2008,2007–08,2550,Kirk Hinrich,75,2379.508333333333,862,82,7981,https://www.nba.com/stats/players/traditional?PerMode=Totals&Season=2007-08&SeasonType=Regular%20Season&TeamID=1610612741,https://www.nba.com/stats/teams/traditional?PerMode=Totals&Season=2007-08&SeasonType=Regular%20Season&TeamID=1610612741,31.726777777777777,11.493333333333334,13.041349578519371,True,Kirk Hinrich,75,31.7,4655,94.19,both,18.517722878625133,13.888292158968849,2009,2009,2008–09,Kirk Hinrich,51,1338.54,503,82,8378,https://www.nba.com/stats/players/traditional?PerMode=Totals&Season=2008-09&SeasonType=Regular%20Season&TeamID=1610612741,https://www.nba.com/stats/teams/traditional?PerMode=Totals&Season=2008-09&SeasonType=Regular%20Season&TeamID=1610612741,26.245882352941177,9.862745098039216,13.52817248644045,True,Kirk Hinrich,51,26.2,2686,96.3,both,18.72673119880864,14.04504839910648,0.48682290792107885,0.20900832018350712,0.15675624013763212,-1.630588235294118,-5.4808954248366
2013,2012–13,202710,Jimmy Butler III,82,2133.5733333333333,705,82,7641,https://www.nba.com/stats/players/traditional?PerMode=Totals&Season=2012-13&SeasonType=Regular%20Season&TeamID=1610612741,https://www.nba.com/stats/teams/traditional?PerMode=Totals&Season=2012-13&SeasonType=Regular%20Season&TeamID=1610612741,26.01918699186992,8.597560975609756,11.895536752115389,True,Jimmy Butler III,82,26.0,4008,90.64,both,17.58982035928144,13.19236526946108,2014,2014,2013–14,Jimmy Butler III,67,2590.4933333333333,878,82,7680,https://www.nba.com/stats/players/traditional?PerMode=Totals&Season=2013-14&SeasonType=Regular%20Season&TeamID=1610612741,https://www.nba.com/stats/teams/traditional?PerMode=Totals&Season=2013-14&SeasonType=Regular%20Season&TeamID=1610612741,38.664079601990046,13.1044776119403,12.201536901594032,True,Jimmy Butler III,67,38.7,4912,91.09,both,17.87459283387622,13.405944625407166,0.30600014947864373,0.2847724745947815,0.21357935594608612,4.506916636330544,12.644892610120127
2022,2021–22,1630245,Ayo Dosunmu,77,2109.641666666667,679,82,9152,https://www.nba.com/stats/players/traditional?PerMode=Totals&Season=2021-22&SeasonType=Regular%20Season&TeamID=1610612741,https://www.nba.com/stats/teams/traditional?PerMode=Totals&Season=2021-22&SeasonType=Regular%20Season&TeamID=1610612741,27.39794372294373,8.818181818181818,11.5868018660357,True,Ayo Dosunmu,77,27.4,4418,100.31,both,15.368945224083298,11.526708918062473,2023,2023,2022–23,Ayo Dosunmu,80,2097.616666666667,687,82,9276,https://www.nba.com/stats/players/traditional?PerMode=Totals&Season=2022-23&SeasonType=Regular%20Season&TeamID=1610612741,https://www.nba.com/stats/teams/traditional?PerMode=Totals&Season=2022-23&SeasonType=Regular%20Season&TeamID=1610612741,26.220208333333336,8.5875,11.790524166315738,True,Ayo Dosunmu,80,26.2,4395,100.78,both,15.631399317406144,11.723549488054609,0.20372230028003813,0.2624540933228463,0.19684056999213517,-0.230681818181818,-1.177735389610394
2005,2004–05,2550,Kirk Hinrich,77,2797.4666666666667,1206,82,7745,https://www.nba.com/stats/players/traditional?PerMode=Totals&Season=2004-05&SeasonType=Regular%20Season&TeamID=1610612741,https://www.nba.com/stats/teams/traditional?PerMode=Totals&Season=2004-05&SeasonType=Regular%20Season&TeamID=1610612741,36.33073593073593,15.662337662337665,15.51975596968686,True,Kirk Hinrich,77,36.3,5449,93.77,both,22.13250137639934,16.599376032299503,2006,2006,2005–06,Kirk Hinrich,81,2954.6866666666665,1284,82,8020,https://www.nba.com/stats/players/traditional?PerMode=Totals&Season=2005-06&SeasonType=Regular%20Season&TeamID=1610612741,https://www.nba.com/stats/teams/traditional?PerMode=Totals&Season=2005-06&SeasonType=Regular%20Season&TeamID=1610612741,36.477613168724275,15.851851851851851,15.644298436608056,True,Kirk Hinrich,81,36.5,5763,93.81,both,22.280062467464862,16.710046850598648,0.12454246692119497,0.14756109106552273,0.11067081829914471,0.18951418951418653,0.14687723798834185
2007,2006–07,2804,Andres Nocioni,53,1405.825,749,82,8100,https://www.nba.com/stats/players/traditional?PerMode=Totals&Season=2006-07&SeasonType=Regular%20Season&TeamID=1610612741,https://www.nba.com/stats/teams/traditional?PerMode=Totals&Season=2006-07&SeasonType=Regular%20Season&TeamID=1610612741,26.525,14.132075471698114,19.18019668166379,True,Andres Nocioni,53,26.5,2816,96.23,both,26.598011363636363,19.948508522727273,2008,2008,2007–08,Andres Nocioni,82,2020.621666666667,1080,82,7981,https://www.nba.com/stats/players/traditional?PerMode=Totals&Season=2007-08&SeasonType=Regular%20Season&TeamID=1610612741,https://www.nba.com/stats/teams/traditional?PerMode=Totals&Season=2007-08&SeasonType=Regular%20Season&TeamID=1610612741,24.64172764227642,13.170731707317072,19.24160303800893,True,Andres Nocioni,82,24.6,4028,95.99,both,26.812313803376362,20.109235352532274,0.061406356345138136,0.21430243973999907,0.1607268298050002,-0.9613437643810414,-1.8832723577235768
2007,2006–07,2736,Luol Deng,82,3071.3783333333336,1540,82,8100,https://www.nba.com/stats/players/traditional?PerMode=Totals&Season=2006-07&SeasonType=Regular%20Season&TeamID=1610612741,https://www.nba.com/stats/teams/traditional?PerMode=Totals&Season=2006-07&SeasonType=Regular%20Season&TeamID=1610612741,37.45583333333334,18.78048780487805,18.050527803206705,True,Luol Deng,82,37.5,6083,95.0,both,25.31645569620253,18.9873417721519,2008,2008,2007–08,Luol Deng,63,2127.8966666666665,1070,82,7981,https://www.nba.com/stats/players/traditional?PerMode=Totals&Season=2007-08&SeasonType=Regular%20Season&TeamID=1610612741,https://www.nba.com/stats/teams/traditional?PerMode=Totals&Season=2007-08&SeasonType=Regular%20Season&TeamID=1610612741,33.776137566137564,16.984126984126984,18.102382791144308,True,Luol Deng,63,33.8,4183,94.4,both,25.57972746832417,19.184795601243128,0.05185498793760246,0.2632717721216373,0.1974538290912271,-1.7963608207510653,-3.679695767195774
2020,2019–20,203107,Tomas Satoransky,65,1877.9383333333333,644,65,6945,https://www.nba.com/stats/players/traditional?PerMode=Totals&Season=2019-20&SeasonType=Regular%20Season&TeamID=1610612741,https://www.nba.com/stats/teams/traditional?PerMode=Totals&Season=2019-20&SeasonType=Regular%20Season&TeamID=1610612741,28.891358974358972,9.907692307692308,12.345453302957232,True,Tomas Satoransky,65,28.9,3940,100.82,both,16.34517766497462,12.258883248730966,2021,2021,2020–21,Tomas Satoransky,58,1306.555,447,72,7969,https://www.nba.com/stats/players/traditional?PerMode=Totals&Season=2020-21&SeasonType=Regular%20Season&TeamID=1610612741,https://www.nba.com/stats/teams/traditional?PerMode=Totals&Season=2020-21&SeasonType=Regular%20Season&TeamID=1610612741,22.526810344827588,7.706896551724138,12.31635866840661,True,Tomas Satoransky,58,22.5,2711,99.25,both,16.48838067133899,12.366285503504244,-0.029094634550622445,0.1432030063643701,0.10740225477327847,-2.20079575596817,-6.3645486295313844
2005,2004–05,2736,Luol Deng,61,1661.07,711,82,7745,https://www.nba.com/stats/players/traditional?PerMode=Totals&Season=2004-05&SeasonType=Regular%20Season&TeamID=1610612741,https://www.nba.com/stats/teams/traditional?PerMode=Totals&Season=2004-05&SeasonType=Regular%20Season&TeamID=1610612741,27.23065573770492,11.655737704918034,15.409344579096606,True,Luol Deng,61,27.2,3277,94.85,both,21.696673787000307,16.27250534025023,2006,2006,2005–06,Luol Deng,78,2603.6233333333334,1112,82,8020,https://www.nba.com/stats/players/traditional?PerMode=Totals&Season=2005-06&SeasonType=Regular%20Season&TeamID=1610612741,https://www.nba.com/stats/teams/traditional?PerMode=Totals&Season=2005-06&SeasonType=Regular%20Season&TeamID=1610612741,33.37978632478632,14.256410256410255,15.375495943473643,True,Luol Deng,78,33.4,5117,94.44,both,21.731483290990816,16.298612468243114,-0.03384863562296303,0.03480950399050897,0.026107127992883505,2.600672551492222,6.149130587081402
2023,2022–23,202696,Nikola Vučević,82,2746.355,1447,82,9276,https://www.nba.com/stats/players/traditional?PerMode=Totals&Season=2022-23&SeasonType=Regular%20Season&TeamID=1610612741,https://www.nba.com/stats/teams/traditional?PerMode=Totals&Season=2022-23&SeasonType=Regular%20Season&TeamID=1610612741,33.49213414634146,17.646341463414632,18.96768626051621,True,Nikola Vučević,82,33.5,5686,99.31,both,25.448469926134365,19.086352444600774,2024,2024,2023–24,Nikola Vučević,76,2609.5016666666666,1370,82,9206,https://www.nba.com/stats/players/traditional?PerMode=Totals&Season=2023-24&SeasonType=Regular%20Season&TeamID=1610612741,https://www.nba.com/stats/teams/traditional?PerMode=Totals&Season=2023-24&SeasonType=Regular%20Season&TeamID=1610612741,34.335548245614035,18.026315789473685,18.900160375448444,True,Nikola Vučević,76,34.3,5287,97.36,both,25.912615850198602,19.43446188764895,-0.06752588506776647,0.46414592406423694,0.3481094430481768,0.37997432605905246,0.8434140992725716
2000,1999–00,1897,Metta World Peace,72,2239.608333333333,866,82,6952,https://www.nba.com/stats/players/traditional?PerMode=Totals&Season=1999-00&SeasonType=Regular%20Season&TeamID=1610612741,https://www.nba.com/stats/teams/traditional?PerMode=Totals&Season=1999-00&SeasonType=Regular%20Season&TeamID=1610612741,31.105671296296293,12.02777777777778,13.920291122331658,True,Metta World Peace,72,31.1,4280,91.91,both,20.233644859813086,15.175233644859816,2001,2001,2000–01,Metta World Peace,76,2363.1466666666665,907,82,7181,https://www.nba.com/stats/players/traditional?PerMode=Totals&Season=2000-01&SeasonType=Regular%20Season&TeamID=1610612741,https://www.nba.com/stats/teams/traditional?PerMode=Totals&Season=2000-01&SeasonType=Regular%20Season&TeamID=1610612741,31.094035087719295,11.93421052631579,13.817170326570224,True,Metta World Peace,76,31.1,4488,91.39,both,20.209447415329766,15.157085561497325,-0.10312079576143418,-0.024197444483320396,-0.018148083362490297,-0.09356725146199096,-0.011636208576998541
2011,2010–11,200758,Ronnie Brewer,81,1781.44,503,82,8087,https://www.nba.com/stats/players/traditional?PerMode=Totals&Season=2010-11&SeasonType=Regular%20Season&TeamID=1610612741,https://www.nba.com/stats/teams/traditional?PerMode=Totals&Season=2010-11&SeasonType=Regular%20Season&TeamID=1610612741,21.993086419753087,6.209876543209877,10.164810490389796,True,Ronnie Brewer,81,22.0,3419,92.55,both,14.711904065516231,11.033928049137174,2012,2012,2011–12,Ronnie Brewer,66,1634.9633333333334,455,66,6359,https://www.nba.com/stats/players/traditional?PerMode=Totals&Season=2011-12&SeasonType=Regular%20Season&TeamID=1610612741,https://www.nba.com/stats/teams/traditional?PerMode=Totals&Season=2011-12&SeasonType=Regular%20Season&TeamID=1610612741,24.772171717171716,6.893939393939394,10.018573301338051,True,Ronnie Brewer,66,24.8,3111,91.72,both,14.625522340083574,10.96914175506268,-0.1462371890517442,-0.08638172543265732,-0.06478629407449432,0.684062850729517,2.7790852974186286
2012,2011–12,2430,Carlos Boozer,66,1948.3733333333332,991,66,6359,https://www.nba.com/stats/players/traditional?PerMode=Totals&Season=2011-12&SeasonType=Regular%20Season&TeamID=1610612741,https://www.nba.com/stats/teams/traditional?PerMode=Totals&Season=2011-12&SeasonType=Regular%20Season&TeamID=1610612741,29.52080808080808,15.015151515151516,18.310659148144097,True,Carlos Boozer,66,29.5,3720,91.13,both,26.63978494623656,19.97983870967742,2013,2013,2012–13,Carlos Boozer,79,2546.24,1281,82,7641,https://www.nba.com/stats/players/traditional?PerMode=Totals&Season=2012-13&SeasonType=Regular%20Season&TeamID=1610612741,https://www.nba.com/stats/teams/traditional?PerMode=Totals&Season=2012-13&SeasonType=Regular%20Season&TeamID=1610612741,32.230886075949364,16.21518987341772,18.11141133593063,True,Carlos Boozer,79,32.2,4810,90.71,both,26.63201663201663,19.974012474012472,-0.19924781221346777,-0.007768314219930517,-0.0058262356649478875,1.2000383582662053,2.7100779951412832
2022,2021–22,202696,Nikola Vučević,73,2417.5433333333335,1288,82,9152,https://www.nba.com/stats/players/traditional?PerMode=Totals&Season=2021-22&SeasonType=Regular%20Season&TeamID=1610612741,https://www.nba.com/stats/teams/traditional?PerMode=Totals&Season=2021-22&SeasonType=Regular%20Season&TeamID=1610612741,33.117031963470325,17.643835616438356,19.17980098254013,True,Nikola Vučević,73,33.1,5000,99.04,both,25.759999999999998,19.32,2023,2023,2022–23,Nikola Vučević,82,2746.355,1447,82,9276,https://www.nba.com/stats/players/traditional?PerMode=Totals&Season=2022-23&SeasonType=Regular%20Season&TeamID=1610612741,https://www.nba.com/stats/teams/traditional?PerMode=Totals&Season=2022-23&SeasonType=Regular%20Season&TeamID=1610612741,33.49213414634146,17.646341463414632,18.96768626051621,True,Nikola Vučević,82,33.5,5686,99.31,both,25.448469926134365,19.086352444600774,-0.21211472202391946,-0.31153007386563303,-0.23364755539922655,0.002505846976276871,0.3751021828711387
2010,2009–10,201959,Taj Gibson,82,2203.5816666666665,735,82,7993,https://www.nba.com/stats/players/traditional?PerMode=Totals&Season=2009-10&SeasonType=Regular%20Season&TeamID=1610612741,https://www.nba.com/stats/teams/traditional?PerMode=Totals&Season=2009-10&SeasonType=Regular%20Season&TeamID=1610612741,26.872947154471543,8.963414634146341,12.0077237890737,True,Taj Gibson,82,26.9,4301,94.0,both,17.089049058358523,12.816786793768891,2011,2011,2010–11,Taj Gibson,80,1742.246666666667,569,82,8087,https://www.nba.com/stats/players/traditional?PerMode=Totals&Season=2010-11&SeasonType=Regular%20Season&TeamID=1610612741,https://www.nba.com/stats/teams/traditional?PerMode=Totals&Season=2010-11&SeasonType=Regular%20Season&TeamID=1610612741,21.778083333333335,7.1125,11.757232998006405,True,Taj Gibson,80,21.8,3308,91.23,both,17.20072551390568,12.90054413542926,-0.25049079106729444,0.11167645554715833,0.08375734166036963,-1.8509146341463412,-5.094863821138208
2006,2005–06,2768,Chris Duhon,74,2154.4816666666666,647,82,8020,https://www.nba.com/stats/players/traditional?PerMode=Totals&Season=2005-06&SeasonType=Regular%20Season&TeamID=1610612741,https://www.nba.com/stats/teams/traditional?PerMode=Totals&Season=2005-06&SeasonType=Regular%20Season&TeamID=1610612741,29.114617117117117,8.743243243243244,10.810952982503911,True,Chris Duhon,74,29.1,4251,94.72,both,15.219948247471182,11.414961185603387,2007,2007,2006–07,Chris Duhon,78,1905.66,558,82,8100,https://www.nba.com/stats/players/traditional?PerMode=Totals&Season=2006-07&SeasonType=Regular%20Season&TeamID=1610612741,https://www.nba.com/stats/teams/traditional?PerMode=Totals&Season=2006-07&SeasonType=Regular%20Season&TeamID=1610612741,24.431538461538462,7.153846153846154,10.541229810144516,True,Chris Duhon,78,24.4,3792,95.8,both,14.715189873417723,11.036392405063292,-0.26972317235939514,-0.5047583740534591,-0.37856878054009435,-1.5893970893970897,-4.6830786555786545
2018,2017–18,201577,Robin Lopez,64,1689.7766666666666,756,82,8440,https://www.nba.com/stats/players/traditional?PerMode=Totals&Season=2017-18&SeasonType=Regular%20Season&TeamID=1610612741,https://www.nba.com/stats/teams/traditional?PerMode=Totals&Season=2017-18&SeasonType=Regular%20Season&TeamID=1610612741,26.402760416666663,11.8125,16.10627045388641,True,Robin Lopez,64,26.4,3491,99.0,both,21.65568604984245,16.24176453738184,2019,2019,2018–19,Robin Lopez,74,1605.6816666666666,704,82,8605,https://www.nba.com/stats/players/traditional?PerMode=Totals&Season=2018-19&SeasonType=Regular%20Season&TeamID=1610612741,https://www.nba.com/stats/teams/traditional?PerMode=Totals&Season=2018-19&SeasonType=Regular%20Season&TeamID=1610612741,21.6984009009009,9.513513513513514,15.7839505339892,True,Robin Lopez,74,21.7,3353,100.17,both,20.99612287503728,15.74709215627796,-0.3223199198972093,-0.6595631748051716,-0.49467238110388045,-2.298986486486486,-4.704359515765763
2022,2021–22,203897,Zach LaVine,67,2328.0783333333334,1635,82,9152,https://www.nba.com/stats/players/traditional?PerMode=Totals&Season=2021-22&SeasonType=Regular%20Season&TeamID=1610612741,https://www.nba.com/stats/teams/traditional?PerMode=Totals&Season=2021-22&SeasonType=Regular%20Season&TeamID=1610612741,34.74743781094527,24.402985074626866,25.28265443531038,True,Zach LaVine,67,34.7,4827,99.36,both,33.87197016780609,25.403977625854566,2023,2023,2022–23,Zach LaVine,77,2767.95,1913,82,9276,https://www.nba.com/stats/players/traditional?PerMode=Totals&Season=2022-23&SeasonType=Regular%20Season&TeamID=1610612741,https://www.nba.com/stats/teams/traditional?PerMode=Totals&Season=2022-23&SeasonType=Regular%20Season&TeamID=1610612741,35.94740259740259,24.844155844155843,24.880507234596003,True,Zach LaVine,77,35.9,5750,99.7,both,33.2695652173913,24.952173913043477,-0.4021472007143778,-0.6024049504147868,-0.45180371281108833,0.44117076952897705,1.199964786457322
2012,2011–12,201149,Joakim Noah,64,1944.8733333333332,652,66,6359,https://www.nba.com/stats/players/traditional?PerMode=Totals&Season=2011-12&SeasonType=Regular%20Season&TeamID=1610612741,https://www.nba.com/stats/teams/traditional?PerMode=Totals&Season=2011-12&SeasonType=Regular%20Season&TeamID=1610612741,30.38864583333333,10.1875,12.068652285838668,True,Joakim Noah,64,30.4,3725,91.81,both,17.503355704697988,13.127516778523491,2013,2013,2012–13,Joakim Noah,66,2426.2616666666668,784,82,7641,https://www.nba.com/stats/players/traditional?PerMode=Totals&Season=2012-13&SeasonType=Regular%20Season&TeamID=1610612741,https://www.nba.com/stats/teams/traditional?PerMode=Totals&Season=2012-13&SeasonType=Regular%20Season&TeamID=1610612741,36.7615404040404,11.87878787878788,11.632710679048769,True,Joakim Noah,66,36.8,4619,91.48,both,16.973370859493397,12.730028144620047,-0.4359416067898998,-0.5299848452045914,-0.39748863390344447,1.6912878787878807,6.372894570707071
2004,2003–04,213,Antonio Davis,65,2034.7683333333337,579,82,7355,https://www.nba.com/stats/players/traditional?PerMode=Totals&Season=2003-04&SeasonType=Regular%20Season&TeamID=1610612741,https://www.nba.com/stats/teams/traditional?PerMode=Totals&Season=2003-04&SeasonType=Regular%20Season&TeamID=1610612741,31.304128205128208,8.907692307692308,10.24391802178954,True,Antonio Davis,65,31.3,3921,92.7,both,14.76664116296863,11.074980872226472,2005,2005,2004–05,Antonio Davis,72,1842.743333333333,501,82,7745,https://www.nba.com/stats/players/traditional?PerMode=Totals&Season=2004-05&SeasonType=Regular%20Season&TeamID=1610612741,https://www.nba.com/stats/teams/traditional?PerMode=Totals&Season=2004-05&SeasonType=Regular%20Season&TeamID=1610612741,25.59365740740741,6.958333333333333,9.78758119687495,True,Antonio Davis,72,25.6,3558,93.08,both,14.080944350758854,10.56070826306914,-0.45633682491459027,-0.6856968122097769,-0.5142726091573326,-1.949358974358975,-5.710470797720799
2025,2024–25,1630172,Patrick Williams,63,1576.3266666666666,566,82,9660,https://www.nba.com/stats/players/traditional?PerMode=Totals&Season=2024-25&SeasonType=Regular%20Season&TeamID=1610612741,https://www.nba.com/stats/teams/traditional?PerMode=Totals&Season=2024-25&SeasonType=Regular%20Season&TeamID=1610612741,25.0210582010582,8.984126984126984,12.926254710318082,True,Patrick Williams,63,25.0,3473,105.94,both,16.29714943852577,12.222862078894329,2026,2026,2025–26,Patrick Williams,72,1473.78,505,82,9537,https://www.nba.com/stats/players/traditional?PerMode=Totals&Season=2025-26&SeasonType=Regular%20Season&TeamID=1610612741,https://www.nba.com/stats/teams/traditional?PerMode=Totals&Season=2025-26&SeasonType=Regular%20Season&TeamID=1610612741,20.469166666666663,7.013888888888889,12.335626755689452,True,Patrick Williams,72,20.5,3250,105.67,both,15.538461538461537,11.653846153846153,-0.5906279546286299,-0.7586879000642348,-0.5690159250481752,-1.970238095238095,-4.551891534391537
2013,2012–13,2430,Carlos Boozer,79,2546.24,1281,82,7641,https://www.nba.com/stats/players/traditional?PerMode=Totals&Season=2012-13&SeasonType=Regular%20Season&TeamID=1610612741,https://www.nba.com/stats/teams/traditional?PerMode=Totals&Season=2012-13&SeasonType=Regular%20Season&TeamID=1610612741,32.230886075949364,16.21518987341772,18.11141133593063,True,Carlos Boozer,79,32.2,4810,90.71,both,26.63201663201663,19.974012474012472,2014,2014,2013–14,Carlos Boozer,76,2141.1233333333334,1042,82,7680,https://www.nba.com/stats/players/traditional?PerMode=Totals&Season=2013-14&SeasonType=Regular%20Season&TeamID=1610612741,https://www.nba.com/stats/teams/traditional?PerMode=Totals&Season=2013-14&SeasonType=Regular%20Season&TeamID=1610612741,28.172675438596492,13.710526315789474,17.519775444976702,True,Carlos Boozer,76,28.2,4143,92.74,both,25.150856867004585,18.863142650253437,-0.5916358909539277,-1.4811597650120447,-1.1108698237590353,-2.5046635576282466,-4.058210637352872
2008,2007–08,2732,Ben Gordon,72,2291.2633333333333,1336,82,7981,https://www.nba.com/stats/players/traditional?PerMode=Totals&Season=2007-08&SeasonType=Regular%20Season&TeamID=1610612741,https://www.nba.com/stats/teams/traditional?PerMode=Totals&Season=2007-08&SeasonType=Regular%20Season&TeamID=1610612741,31.823101851851852,18.555555555555557,20.991039877563907,True,Ben Gordon,72,31.8,4547,95.08,both,29.38201011656037,22.036507587420278,2009,2009,2008–09,Ben Gordon,82,2998.97,1699,82,8378,https://www.nba.com/stats/players/traditional?PerMode=Totals&Season=2008-09&SeasonType=Regular%20Season&TeamID=1610612741,https://www.nba.com/stats/teams/traditional?PerMode=Totals&Season=2008-09&SeasonType=Regular%20Season&TeamID=1610612741,36.57280487804878,20.71951219512195,20.39500228411755,True,Ben Gordon,82,36.6,5946,95.02,both,28.57383114698957,21.43037336024218,-0.5960375934463578,-0.8081789695708004,-0.6061342271780994,2.1639566395663934,4.749703026196926
2010,2009–10,2736,Luol Deng,70,2650.6866666666665,1230,82,7993,https://www.nba.com/stats/players/traditional?PerMode=Totals&Season=2009-10&SeasonType=Regular%20Season&TeamID=1610612741,https://www.nba.com/stats/teams/traditional?PerMode=Totals&Season=2009-10&SeasonType=Regular%20Season&TeamID=1610612741,37.86695238095238,17.571428571428573,16.70510534377256,True,Luol Deng,70,37.9,5221,94.44,both,23.558705228883355,17.669028921662516,2011,2011,2010–11,Luol Deng,82,3207.9183333333335,1430,82,8087,https://www.nba.com/stats/players/traditional?PerMode=Totals&Season=2010-11&SeasonType=Regular%20Season&TeamID=1610612741,https://www.nba.com/stats/teams/traditional?PerMode=Totals&Season=2010-11&SeasonType=Regular%20Season&TeamID=1610612741,39.12095528455285,17.4390243902439,16.04779007778149,True,Luol Deng,82,39.1,6169,92.17,both,23.18041822013292,17.38531366509969,-0.6573152659910697,-0.37828700875043353,-0.28371525656282515,-0.1324041811846719,1.2540029036004725
2015,2014–15,2200,Pau Gasol,78,2680.7433333333333,1446,82,8265,https://www.nba.com/stats/players/traditional?PerMode=Totals&Season=2014-15&SeasonType=Regular%20Season&TeamID=1610612741,https://www.nba.com/stats/teams/traditional?PerMode=Totals&Season=2014-15&SeasonType=Regular%20Season&TeamID=1610612741,34.36850427350427,18.53846153846154,19.41849462151667,True,Pau Gasol,78,34.4,5322,95.1,both,27.17023675310034,20.377677564825255,2016,2016,2015–16,Pau Gasol,72,2291.358333333333,1187,82,8335,https://www.nba.com/stats/players/traditional?PerMode=Totals&Season=2015-16&SeasonType=Regular%20Season&TeamID=1610612741,https://www.nba.com/stats/teams/traditional?PerMode=Totals&Season=2015-16&SeasonType=Regular%20Season&TeamID=1610612741,31.824421296296293,16.48611111111111,18.6492000741918,True,Pau Gasol,72,31.8,4656,97.47,both,25.493986254295532,19.120489690721648,-0.7692945473248685,-1.6762504988048086,-1.2571878741036073,-2.0523504273504294,-2.544082977207978
2021,2020–21,1629632,Coby White,69,2155.82,1041,72,7969,https://www.nba.com/stats/players/traditional?PerMode=Totals&Season=2020-21&SeasonType=Regular%20Season&TeamID=1610612741,https://www.nba.com/stats/teams/traditional?PerMode=Totals&Season=2020-21&SeasonType=Regular%20Season&TeamID=1610612741,31.243768115942032,15.08695652173913,17.38364056368342,True,Coby White,69,31.2,4572,101.62,both,22.769028871391075,17.076771653543307,2022,2022,2021–22,Coby White,61,1674.9266666666667,772,82,9152,https://www.nba.com/stats/players/traditional?PerMode=Totals&Season=2021-22&SeasonType=Regular%20Season&TeamID=1610612741,https://www.nba.com/stats/teams/traditional?PerMode=Totals&Season=2021-22&SeasonType=Regular%20Season&TeamID=1610612741,27.457814207650273,12.655737704918034,16.59296526415087,True,Coby White,61,27.5,3476,99.5,both,22.209436133486765,16.657077100115075,-0.7906752995325519,-0.5595927379043104,-0.4196945534282328,-2.4312188168210973,-3.7859539082917593
2012,2011–12,201959,Taj Gibson,63,1284.4566666666667,484,66,6359,https://www.nba.com/stats/players/traditional?PerMode=Totals&Season=2011-12&SeasonType=Regular%20Season&TeamID=1610612741,https://www.nba.com/stats/teams/traditional?PerMode=Totals&Season=2011-12&SeasonType=Regular%20Season&TeamID=1610612741,20.38820105820106,7.682539682539683,13.56526884259752,True,Taj Gibson,63,20.4,2414,90.79,both,20.049710024855013,15.037282518641259,2013,2013,2012–13,Taj Gibson,65,1459.3766666666668,517,82,7641,https://www.nba.com/stats/players/traditional?PerMode=Totals&Season=2012-13&SeasonType=Regular%20Season&TeamID=1610612741,https://www.nba.com/stats/teams/traditional?PerMode=Totals&Season=2012-13&SeasonType=Regular%20Season&TeamID=1610612741,22.45194871794872,7.953846153846154,12.753390146021246,True,Taj Gibson,65,22.5,2741,90.7,both,18.861729295877417,14.146296971908063,-0.8118786965762741,-1.187980728977596,-0.8909855467331962,0.27130647130647123,2.063747659747662
2007,2006–07,1112,Ben Wallace,77,2696.6483333333335,494,82,8100,https://www.nba.com/stats/players/traditional?PerMode=Totals&Season=2006-07&SeasonType=Regular%20Season&TeamID=1610612741,https://www.nba.com/stats/teams/traditional?PerMode=Totals&Season=2006-07&SeasonType=Regular%20Season&TeamID=1610612741,35.02140692640693,6.415584415584416,6.594853240658619,True,Ben Wallace,77,35.0,5298,94.37,both,9.324273310683278,6.9932049830124585,2008,2008,2007–08,Ben Wallace,50,1627.37,255,82,7981,https://www.nba.com/stats/players/traditional?PerMode=Totals&Season=2007-08&SeasonType=Regular%20Season&TeamID=1610612741,https://www.nba.com/stats/teams/traditional?PerMode=Totals&Season=2007-08&SeasonType=Regular%20Season&TeamID=1610612741,32.547399999999996,5.1,5.641003582467418,True,Ben Wallace,50,32.5,3130,92.22,both,8.146964856230031,6.110223642172524,-0.953849658191201,-1.1773084544532466,-0.882981340839935,-1.315584415584416,-2.474006926406936
2016,2015–16,202703,Nikola Mirotic,66,1646.11,777,82,8335,https://www.nba.com/stats/players/traditional?PerMode=Totals&Season=2015-16&SeasonType=Regular%20Season&TeamID=1610612741,https://www.nba.com/stats/teams/traditional?PerMode=Totals&Season=2015-16&SeasonType=Regular%20Season&TeamID=1610612741,24.941060606060603,11.772727272727272,16.992789060269363,True,Nikola Mirotic,66,24.9,3379,98.27,both,22.994968925717668,17.24622669428825,2017,2017,2016–17,Nikola Mirotic,70,1678.9116666666666,744,82,8435,https://www.nba.com/stats/players/traditional?PerMode=Totals&Season=2016-17&SeasonType=Regular%20Season&TeamID=1610612741,https://www.nba.com/stats/teams/traditional?PerMode=Totals&Season=2016-17&SeasonType=Regular%20Season&TeamID=1610612741,23.98445238095238,10.628571428571428,15.953191899117186,True,Nikola Mirotic,70,24.0,3428,97.85,both,21.703617269544925,16.277712952158694,-1.0395971611521766,-1.2913516561727434,-0.9685137421295558,-1.1441558441558435,-0.9566082251082229
2020,2019–20,1629632,Coby White,65,1674.0,859,65,6945,https://www.nba.com/stats/players/traditional?PerMode=Totals&Season=2019-20&SeasonType=Regular%20Season&TeamID=1610612741,https://www.nba.com/stats/teams/traditional?PerMode=Totals&Season=2019-20&SeasonType=Regular%20Season&TeamID=1610612741,25.753846153846155,13.215384615384616,18.473118279569892,True,Coby White,65,25.8,3573,102.51,both,24.041421774419256,18.03106633081444,2021,2021,2020–21,Coby White,69,2155.82,1041,72,7969,https://www.nba.com/stats/players/traditional?PerMode=Totals&Season=2020-21&SeasonType=Regular%20Season&TeamID=1610612741,https://www.nba.com/stats/teams/traditional?PerMode=Totals&Season=2020-21&SeasonType=Regular%20Season&TeamID=1610612741,31.243768115942032,15.08695652173913,17.38364056368342,True,Coby White,69,31.2,4572,101.62,both,22.769028871391075,17.076771653543307,-1.0894777158864706,-1.2723929030281802,-0.9542946772711325,1.8715719063545144,5.4899219620958775
2000,1999–00,1882,Elton Brand,81,2996.6116666666667,1627,82,6952,https://www.nba.com/stats/players/traditional?PerMode=Totals&Season=1999-00&SeasonType=Regular%20Season&TeamID=1610612741,https://www.nba.com/stats/teams/traditional?PerMode=Totals&Season=1999-00&SeasonType=Regular%20Season&TeamID=1610612741,36.995205761316875,20.08641975308642,19.54607620718289,True,Elton Brand,81,37.0,5702,91.14,both,28.53384777271133,21.400385829533498,2001,2001,2000–01,Elton Brand,74,2909.4883333333332,1490,82,7181,https://www.nba.com/stats/players/traditional?PerMode=Totals&Season=2000-01&SeasonType=Regular%20Season&TeamID=1610612741,https://www.nba.com/stats/teams/traditional?PerMode=Totals&Season=2000-01&SeasonType=Regular%20Season&TeamID=1610612741,39.317409909909905,20.135135135135137,18.436231341936985,True,Elton Brand,74,39.3,5522,91.16,both,26.982977182180367,20.237232886635276,-1.109844865245904,-1.5508705905309625,-1.163152942898222,0.04871538204871584,2.3222041485930305
2015,2014–15,202703,Nikola Mirotic,82,1654.121666666667,833,82,8265,https://www.nba.com/stats/players/traditional?PerMode=Totals&Season=2014-15&SeasonType=Regular%20Season&TeamID=1610612741,https://www.nba.com/stats/teams/traditional?PerMode=Totals&Season=2014-15&SeasonType=Regular%20Season&TeamID=1610612741,20.17221544715447,10.158536585365852,18.12925893198102,True,Nikola Mirotic,82,20.2,3256,94.41,both,25.58353808353808,19.18765356265356,2016,2016,2015–16,Nikola Mirotic,66,1646.11,777,82,8335,https://www.nba.com/stats/players/traditional?PerMode=Totals&Season=2015-16&SeasonType=Regular%20Season&TeamID=1610612741,https://www.nba.com/stats/teams/traditional?PerMode=Totals&Season=2015-16&SeasonType=Regular%20Season&TeamID=1610612741,24.941060606060603,11.772727272727272,16.992789060269363,True,Nikola Mirotic,66,24.9,3379,98.27,both,22.994968925717668,17.24622669428825,-1.1364698717116575,-2.5885691578204124,-1.9414268683653084,1.61419068736142,4.768845158906132
2007,2006–07,2768,Chris Duhon,78,1905.66,558,82,8100,https://www.nba.com/stats/players/traditional?PerMode=Totals&Season=2006-07&SeasonType=Regular%20Season&TeamID=1610612741,https://www.nba.com/stats/teams/traditional?PerMode=Totals&Season=2006-07&SeasonType=Regular%20Season&TeamID=1610612741,24.431538461538462,7.153846153846154,10.541229810144516,True,Chris Duhon,78,24.4,3792,95.8,both,14.715189873417723,11.036392405063292,2008,2008,2007–08,Chris Duhon,66,1489.861666666667,385,82,7981,https://www.nba.com/stats/players/traditional?PerMode=Totals&Season=2007-08&SeasonType=Regular%20Season&TeamID=1610612741,https://www.nba.com/stats/teams/traditional?PerMode=Totals&Season=2007-08&SeasonType=Regular%20Season&TeamID=1610612741,22.573661616161615,5.833333333333333,9.302877112752078,True,Chris Duhon,66,22.6,2965,95.7,both,12.984822934232715,9.738617200674536,-1.238352697392438,-1.7303669391850072,-1.2977752043887563,-1.3205128205128212,-1.8578768453768468
2014,2013–14,2399,Mike Dunleavy,82,2583.715,929,82,7680,https://www.nba.com/stats/players/traditional?PerMode=Totals&Season=2013-14&SeasonType=Regular%20Season&TeamID=1610612741,https://www.nba.com/stats/teams/traditional?PerMode=Totals&Season=2013-14&SeasonType=Regular%20Season&TeamID=1610612741,31.508719512195125,11.329268292682928,12.944152122041324,True,Mike Dunleavy,82,31.5,4957,91.85,both,18.741174097236232,14.055880572927174,2015,2015,2014–15,Mike Dunleavy,63,1837.7966666666664,595,82,8265,https://www.nba.com/stats/players/traditional?PerMode=Totals&Season=2014-15&SeasonType=Regular%20Season&TeamID=1610612741,https://www.nba.com/stats/teams/traditional?PerMode=Totals&Season=2014-15&SeasonType=Regular%20Season&TeamID=1610612741,29.17137566137566,9.444444444444445,11.65526110070211,True,Mike Dunleavy,63,29.2,3590,93.56,both,16.573816155988858,12.430362116991644,-1.2888910213392144,-2.1673579412473742,-1.6255184559355307,-1.884823848238483,-2.3373438508194653
2011,2010–11,2430,Carlos Boozer,59,1881.7616666666668,1033,82,8087,https://www.nba.com/stats/players/traditional?PerMode=Totals&Season=2010-11&SeasonType=Regular%20Season&TeamID=1610612741,https://www.nba.com/stats/teams/traditional?PerMode=Totals&Season=2010-11&SeasonType=Regular%20Season&TeamID=1610612741,31.894265536723164,17.508474576271187,19.76233263688193,True,Carlos Boozer,59,31.9,3597,91.41,both,28.718376424798443,21.538782318598834,2012,2012,2011–12,Carlos Boozer,66,1948.3733333333332,991,66,6359,https://www.nba.com/stats/players/traditional?PerMode=Totals&Season=2011-12&SeasonType=Regular%20Season&TeamID=1610612741,https://www.nba.com/stats/teams/traditional?PerMode=Totals&Season=2011-12&SeasonType=Regular%20Season&TeamID=1610612741,29.52080808080808,15.015151515151516,18.310659148144097,True,Carlos Boozer,66,29.5,3720,91.13,both,26.63978494623656,19.97983870967742,-1.451673488737832,-2.078591478561883,-1.558943608921414,-2.4933230611196713,-2.3734574559150836
2008,2007–08,201149,Joakim Noah,74,1533.715,488,82,7981,https://www.nba.com/stats/players/traditional?PerMode=Totals&Season=2007-08&SeasonType=Regular%20Season&TeamID=1610612741,https://www.nba.com/stats/teams/traditional?PerMode=Totals&Season=2007-08&SeasonType=Regular%20Season&TeamID=1610612741,20.725878378378376,6.594594594594595,11.454540119904935,True,Joakim Noah,74,20.7,3029,95.03,both,16.110927698910533,12.0831957741829,2009,2009,2008–09,Joakim Noah,80,1938.27,537,82,8378,https://www.nba.com/stats/players/traditional?PerMode=Totals&Season=2008-09&SeasonType=Regular%20Season&TeamID=1610612741,https://www.nba.com/stats/teams/traditional?PerMode=Totals&Season=2008-09&SeasonType=Regular%20Season&TeamID=1610612741,24.228375,6.7125,9.973842653500286,True,Joakim Noah,80,24.2,3803,94.33,both,14.120431238495923,10.590323428871942,-1.4806974664046493,-1.9904964604146098,-1.4928723453109587,0.11790540540540562,3.5024966216216242
2023,2022–23,201942,DeMar DeRozan,74,2681.61,1816,82,9276,https://www.nba.com/stats/players/traditional?PerMode=Totals&Season=2022-23&SeasonType=Regular%20Season&TeamID=1610612741,https://www.nba.com/stats/teams/traditional?PerMode=Totals&Season=2022-23&SeasonType=Regular%20Season&TeamID=1610612741,36.237972972972976,24.54054054054054,24.379384026760043,True,DeMar DeRozan,74,36.2,5569,99.82,both,32.60908601185132,24.45681450888849,2024,2024,2023–24,DeMar DeRozan,79,2988.568333333333,1897,82,9206,https://www.nba.com/stats/players/traditional?PerMode=Totals&Season=2023-24&SeasonType=Regular%20Season&TeamID=1610612741,https://www.nba.com/stats/teams/traditional?PerMode=Totals&Season=2023-24&SeasonType=Regular%20Season&TeamID=1610612741,37.829978902953584,24.0126582278481,22.851075291903985,True,DeMar DeRozan,79,37.8,6098,97.94,both,31.10856018366678,23.331420137750083,-1.5283087348560578,-1.5005258281845393,-1.1253943711384053,-0.5278823126924408,1.5920059299806084
2022,2021–22,1629632,Coby White,61,1674.9266666666667,772,82,9152,https://www.nba.com/stats/players/traditional?PerMode=Totals&Season=2021-22&SeasonType=Regular%20Season&TeamID=1610612741,https://www.nba.com/stats/teams/traditional?PerMode=Totals&Season=2021-22&SeasonType=Regular%20Season&TeamID=1610612741,27.457814207650273,12.655737704918034,16.59296526415087,True,Coby White,61,27.5,3476,99.5,both,22.209436133486765,16.657077100115075,2023,2023,2022–23,Coby White,74,1730.2283333333332,715,82,9276,https://www.nba.com/stats/players/traditional?PerMode=Totals&Season=2022-23&SeasonType=Regular%20Season&TeamID=1610612741,https://www.nba.com/stats/teams/traditional?PerMode=Totals&Season=2022-23&SeasonType=Regular%20Season&TeamID=1610612741,23.381463963963963,9.66216216216216,14.876649228377373,True,Coby White,74,23.4,3640,100.99,both,19.642857142857142,14.732142857142858,-1.716316035773497,-2.5665789906296226,-1.924934242972217,-2.993575542755874,-4.07635024368631
2009,2008–09,2550,Kirk Hinrich,51,1338.54,503,82,8378,https://www.nba.com/stats/players/traditional?PerMode=Totals&Season=2008-09&SeasonType=Regular%20Season&TeamID=1610612741,https://www.nba.com/stats/teams/traditional?PerMode=Totals&Season=2008-09&SeasonType=Regular%20Season&TeamID=1610612741,26.245882352941177,9.862745098039216,13.52817248644045,True,Kirk Hinrich,51,26.2,2686,96.3,both,18.72673119880864,14.04504839910648,2010,2010,2009–10,Kirk Hinrich,74,2481.4816666666666,805,82,7993,https://www.nba.com/stats/players/traditional?PerMode=Totals&Season=2009-10&SeasonType=Regular%20Season&TeamID=1610612741,https://www.nba.com/stats/teams/traditional?PerMode=Totals&Season=2009-10&SeasonType=Regular%20Season&TeamID=1610612741,33.53353603603603,10.87837837837838,11.678506591156223,True,Kirk Hinrich,74,33.5,4935,95.5,both,16.312056737588655,12.234042553191491,-1.849665895284227,-2.4146744612199846,-1.8110058459149894,1.0156332803391646,7.287653683094856
2011,2010–11,2594,Kyle Korver,82,1649.1233333333332,681,82,8087,https://www.nba.com/stats/players/traditional?PerMode=Totals&Season=2010-11&SeasonType=Regular%20Season&TeamID=1610612741,https://www.nba.com/stats/teams/traditional?PerMode=Totals&Season=2010-11&SeasonType=Regular%20Season&TeamID=1610612741,20.111260162601624,8.304878048780488,14.866080361889248,True,Kyle Korver,82,20.1,3184,91.93,both,21.38819095477387,16.0411432160804,2012,2012,2011–12,Kyle Korver,65,1469.4733333333334,529,66,6359,https://www.nba.com/stats/players/traditional?PerMode=Totals&Season=2011-12&SeasonType=Regular%20Season&TeamID=1610612741,https://www.nba.com/stats/teams/traditional?PerMode=Totals&Season=2011-12&SeasonType=Regular%20Season&TeamID=1610612741,22.607282051282052,8.138461538461538,12.959745214838875,True,Kyle Korver,65,22.6,2784,90.15,both,19.001436781609197,14.251077586206897,-1.9063351470503722,-2.3867541731646718,-1.790065629873503,-0.16641651031894966,2.4960218886804277
2015,2014–15,201959,Taj Gibson,62,1691.9033333333334,640,82,8265,https://www.nba.com/stats/players/traditional?PerMode=Totals&Season=2014-15&SeasonType=Regular%20Season&TeamID=1610612741,https://www.nba.com/stats/teams/traditional?PerMode=Totals&Season=2014-15&SeasonType=Regular%20Season&TeamID=1610612741,27.288763440860215,10.32258064516129,13.617799283252982,True,Taj Gibson,62,27.3,3279,93.25,both,19.518145776151265,14.638609332113449,2016,2016,2015–16,Taj Gibson,73,1935.5583333333336,627,82,8335,https://www.nba.com/stats/players/traditional?PerMode=Totals&Season=2015-16&SeasonType=Regular%20Season&TeamID=1610612741,https://www.nba.com/stats/teams/traditional?PerMode=Totals&Season=2015-16&SeasonType=Regular%20Season&TeamID=1610612741,26.51449771689498,8.58904109589041,11.661751346510696,True,Taj Gibson,73,26.5,3870,96.36,both,16.2015503875969,12.151162790697676,-1.9560479367422854,-3.316595388554365,-2.487446541415773,-1.7335395492708798,-0.774265723965236
2011,2010–11,2736,Luol Deng,82,3207.9183333333335,1430,82,8087,https://www.nba.com/stats/players/traditional?PerMode=Totals&Season=2010-11&SeasonType=Regular%20Season&TeamID=1610612741,https://www.nba.com/stats/teams/traditional?PerMode=Totals&Season=2010-11&SeasonType=Regular%20Season&TeamID=1610612741,39.12095528455285,17.4390243902439,16.04779007778149,True,Luol Deng,82,39.1,6169,92.17,both,23.18041822013292,17.38531366509969,2012,2012,2011–12,Luol Deng,54,2128.9883333333332,828,66,6359,https://www.nba.com/stats/players/traditional?PerMode=Totals&Season=2011-12&SeasonType=Regular%20Season&TeamID=1610612741,https://www.nba.com/stats/teams/traditional?PerMode=Totals&Season=2011-12&SeasonType=Regular%20Season&TeamID=1610612741,39.42570987654321,15.333333333333334,14.00101613207525,True,Luol Deng,54,39.4,4028,90.71,both,20.556107249255213,15.41708043694141,-2.0467739457062386,-2.6243109708777084,-1.9682332281582813,-2.105691056910567,0.3047545919903598
2007,2006–07,2732,Ben Gordon,82,2703.7883333333334,1753,82,8100,https://www.nba.com/stats/players/traditional?PerMode=Totals&Season=2006-07&SeasonType=Regular%20Season&TeamID=1610612741,https://www.nba.com/stats/teams/traditional?PerMode=Totals&Season=2006-07&SeasonType=Regular%20Season&TeamID=1610612741,32.973028455284556,21.37804878048781,23.34058447622564,True,Ben Gordon,82,33.0,5382,95.58,both,32.57153474544779,24.428651059085844,2008,2008,2007–08,Ben Gordon,72,2291.2633333333333,1336,82,7981,https://www.nba.com/stats/players/traditional?PerMode=Totals&Season=2007-08&SeasonType=Regular%20Season&TeamID=1610612741,https://www.nba.com/stats/teams/traditional?PerMode=Totals&Season=2007-08&SeasonType=Regular%20Season&TeamID=1610612741,31.823101851851852,18.555555555555557,20.991039877563907,True,Ben Gordon,72,31.8,4547,95.08,both,29.38201011656037,22.036507587420278,-2.3495445986617334,-3.1895246288874226,-2.392143471665566,-2.822493224932252,-1.1499266034327036
2005,2004–05,2732,Ben Gordon,82,2013.0933333333332,1235,82,7745,https://www.nba.com/stats/players/traditional?PerMode=Totals&Season=2004-05&SeasonType=Regular%20Season&TeamID=1610612741,https://www.nba.com/stats/teams/traditional?PerMode=Totals&Season=2004-05&SeasonType=Regular%20Season&TeamID=1610612741,24.54991869918699,15.060975609756095,22.085414155329772,True,Ben Gordon,82,24.5,3991,95.4,both,30.944625407166125,23.208469055374593,2006,2006,2005–06,Ben Gordon,80,2482.1066666666666,1350,82,8020,https://www.nba.com/stats/players/traditional?PerMode=Totals&Season=2005-06&SeasonType=Regular%20Season&TeamID=1610612741,https://www.nba.com/stats/teams/traditional?PerMode=Totals&Season=2005-06&SeasonType=Regular%20Season&TeamID=1610612741,31.026333333333337,16.875,19.580141600146113,True,Ben Gordon,80,31.0,4886,94.39,both,27.62996316004912,20.72247237003684,-2.5052725551836588,-3.314662247117006,-2.485996685337753,1.8140243902439046,6.476414634146348
2015,2014–15,201565,Derrick Rose,51,1529.881666666667,904,82,8265,https://www.nba.com/stats/players/traditional?PerMode=Totals&Season=2014-15&SeasonType=Regular%20Season&TeamID=1610612741,https://www.nba.com/stats/teams/traditional?PerMode=Totals&Season=2014-15&SeasonType=Regular%20Season&TeamID=1610612741,29.99767973856209,17.725490196078432,21.272233473395,True,Derrick Rose,51,30.0,3078,96.42,both,29.36972059779077,22.027290448343077,2016,2016,2015–16,Derrick Rose,66,2097.423333333333,1080,82,8335,https://www.nba.com/stats/players/traditional?PerMode=Totals&Season=2015-16&SeasonType=Regular%20Season&TeamID=1610612741,https://www.nba.com/stats/teams/traditional?PerMode=Totals&Season=2015-16&SeasonType=Regular%20Season&TeamID=1610612741,31.77914141414141,16.363636363636363,18.53703035629431,True,Derrick Rose,66,31.8,4276,97.9,both,25.257249766136574,18.942937324602433,-2.735203117100692,-4.112470831654196,-3.0843531237406445,-1.361853832442069,1.781461675579319
2014,2013–14,201959,Taj Gibson,82,2351.11,1069,82,7680,https://www.nba.com/stats/players/traditional?PerMode=Totals&Season=2013-14&SeasonType=Regular%20Season&TeamID=1610612741,https://www.nba.com/stats/teams/traditional?PerMode=Totals&Season=2013-14&SeasonType=Regular%20Season&TeamID=1610612741,28.672073170731707,13.03658536585366,16.36843873744742,True,Taj Gibson,82,28.7,4462,91.32,both,23.957866427610934,17.9683998207082,2015,2015,2014–15,Taj Gibson,62,1691.9033333333334,640,82,8265,https://www.nba.com/stats/players/traditional?PerMode=Totals&Season=2014-15&SeasonType=Regular%20Season&TeamID=1610612741,https://www.nba.com/stats/teams/traditional?PerMode=Totals&Season=2014-15&SeasonType=Regular%20Season&TeamID=1610612741,27.288763440860215,10.32258064516129,13.617799283252982,True,Taj Gibson,62,27.3,3279,93.25,both,19.518145776151265,14.638609332113449,-2.750639454194438,-4.43972065145967,-3.3297904885947514,-2.7140047206923708,-1.3833097298714918
2021,2020–21,203897,Zach LaVine,58,2033.6266666666668,1591,72,7969,https://www.nba.com/stats/players/traditional?PerMode=Totals&Season=2020-21&SeasonType=Regular%20Season&TeamID=1610612741,https://www.nba.com/stats/teams/traditional?PerMode=Totals&Season=2020-21&SeasonType=Regular%20Season&TeamID=1610612741,35.062528735632185,27.43103448275862,28.164461520305263,True,Zach LaVine,58,35.1,4304,101.34,both,36.965613382899626,27.72421003717472,2022,2022,2021–22,Zach LaVine,67,2328.0783333333334,1635,82,9152,https://www.nba.com/stats/players/traditional?PerMode=Totals&Season=2021-22&SeasonType=Regular%20Season&TeamID=1610612741,https://www.nba.com/stats/teams/traditional?PerMode=Totals&Season=2021-22&SeasonType=Regular%20Season&TeamID=1610612741,34.74743781094527,24.402985074626866,25.28265443531038,True,Zach LaVine,67,34.7,4827,99.36,both,33.87197016780609,25.403977625854566,-2.8818070849948825,-3.093643215093536,-2.3202324113201556,-3.0280494081317535,-0.31509092468691335
2014,2013–14,2550,Kirk Hinrich,73,2116.4066666666668,666,82,7680,https://www.nba.com/stats/players/traditional?PerMode=Totals&Season=2013-14&SeasonType=Regular%20Season&TeamID=1610612741,https://www.nba.com/stats/teams/traditional?PerMode=Totals&Season=2013-14&SeasonType=Regular%20Season&TeamID=1610612741,28.991872146118723,9.123287671232877,11.328635643433364,True,Kirk Hinrich,73,29.0,4037,91.65,both,16.49739905870696,12.37304929403022,2015,2015,2014–15,Kirk Hinrich,66,1609.9666666666667,377,82,8265,https://www.nba.com/stats/players/traditional?PerMode=Totals&Season=2014-15&SeasonType=Regular%20Season&TeamID=1610612741,https://www.nba.com/stats/teams/traditional?PerMode=Totals&Season=2014-15&SeasonType=Regular%20Season&TeamID=1610612741,24.393434343434343,5.712121212121212,8.429988198513428,True,Kirk Hinrich,66,24.4,3200,95.47,both,11.78125,8.8359375,-2.898647444919936,-4.716149058706961,-3.5371117940302206,-3.411166459111665,-4.59843780268438
2019,2018–19,1628374,Lauri Markkanen,52,1682.128333333333,974,82,8605,https://www.nba.com/stats/players/traditional?PerMode=Totals&Season=2018-19&SeasonType=Regular%20Season&TeamID=1610612741,https://www.nba.com/stats/teams/traditional?PerMode=Totals&Season=2018-19&SeasonType=Regular%20Season&TeamID=1610612741,32.3486217948718,18.73076923076923,20.845020742571165,True,Lauri Markkanen,52,32.3,3478,99.33,both,28.004600345025878,21.00345025876941,2020,2020,2019–20,Lauri Markkanen,50,1491.5783333333334,737,65,6945,https://www.nba.com/stats/players/traditional?PerMode=Totals&Season=2019-20&SeasonType=Regular%20Season&TeamID=1610612741,https://www.nba.com/stats/teams/traditional?PerMode=Totals&Season=2019-20&SeasonType=Regular%20Season&TeamID=1610612741,29.831566666666667,14.74,17.78786900229846,True,Lauri Markkanen,50,29.8,3159,101.72,both,23.330167774612217,17.497625830959162,-3.0571517402727046,-4.674432570413661,-3.5058244278102464,-3.9907692307692297,-2.517055128205129
2022,2021–22,201942,DeMar DeRozan,76,2742.9483333333333,2118,82,9152,https://www.nba.com/stats/players/traditional?PerMode=Totals&Season=2021-22&SeasonType=Regular%20Season&TeamID=1610612741,https://www.nba.com/stats/teams/traditional?PerMode=Totals&Season=2021-22&SeasonType=Regular%20Season&TeamID=1610612741,36.09142543859649,27.86842105263158,27.797825818811756,True,DeMar DeRozan,76,36.1,5723,100.04,both,37.00856194303687,27.75642145727765,2023,2023,2022–23,DeMar DeRozan,74,2681.61,1816,82,9276,https://www.nba.com/stats/players/traditional?PerMode=Totals&Season=2022-23&SeasonType=Regular%20Season&TeamID=1610612741,https://www.nba.com/stats/teams/traditional?PerMode=Totals&Season=2022-23&SeasonType=Regular%20Season&TeamID=1610612741,36.237972972972976,24.54054054054054,24.379384026760043,True,DeMar DeRozan,74,36.2,5569,99.82,both,32.60908601185132,24.45681450888849,-3.4184417920517127,-4.399475931185549,-3.2996069483891617,-3.3278805120910384,0.14654753437648793
2005,2004–05,2199,Tyson Chandler,80,2187.5333333333333,640,82,7745,https://www.nba.com/stats/players/traditional?PerMode=Totals&Season=2004-05&SeasonType=Regular%20Season&TeamID=1610612741,https://www.nba.com/stats/teams/traditional?PerMode=Totals&Season=2004-05&SeasonType=Regular%20Season&TeamID=1610612741,27.344166666666663,8.0,10.53241093469052,True,Tyson Chandler,80,27.3,4316,95.01,both,14.828544949026876,11.121408711770156,2006,2006,2005–06,Tyson Chandler,79,2120.74,417,82,8020,https://www.nba.com/stats/players/traditional?PerMode=Totals&Season=2005-06&SeasonType=Regular%20Season&TeamID=1610612741,https://www.nba.com/stats/teams/traditional?PerMode=Totals&Season=2005-06&SeasonType=Regular%20Season&TeamID=1610612741,26.84481012658227,5.2784810126582276,7.078661222026275,True,Tyson Chandler,79,26.8,4107,93.3,both,10.153396639883127,7.615047479912345,-3.4537497126642442,-4.675148309143749,-3.5063612318578112,-2.7215189873417724,-0.499356540084392
2008,2007–08,2804,Andres Nocioni,82,2020.621666666667,1080,82,7981,https://www.nba.com/stats/players/traditional?PerMode=Totals&Season=2007-08&SeasonType=Regular%20Season&TeamID=1610612741,https://www.nba.com/stats/teams/traditional?PerMode=Totals&Season=2007-08&SeasonType=Regular%20Season&TeamID=1610612741,24.64172764227642,13.170731707317072,19.24160303800893,True,Andres Nocioni,82,24.6,4028,95.99,both,26.812313803376362,20.109235352532274,2009,2009,2008–09,Andres Nocioni,53,1278.2733333333333,551,82,8378,https://www.nba.com/stats/players/traditional?PerMode=Totals&Season=2008-09&SeasonType=Regular%20Season&TeamID=1610612741,https://www.nba.com/stats/teams/traditional?PerMode=Totals&Season=2008-09&SeasonType=Regular%20Season&TeamID=1610612741,24.118364779874213,10.39622641509434,15.517807876249732,True,Andres Nocioni,53,24.1,2528,94.7,both,21.795886075949365,16.346914556962023,-3.723795161759197,-5.016427727426997,-3.7623207955702505,-2.7745052922227327,-0.5233628624022089
2007,2006–07,2550,Kirk Hinrich,80,2838.9983333333334,1327,82,8100,https://www.nba.com/stats/players/traditional?PerMode=Totals&Season=2006-07&SeasonType=Regular%20Season&TeamID=1610612741,https://www.nba.com/stats/teams/traditional?PerMode=Totals&Season=2006-07&SeasonType=Regular%20Season&TeamID=1610612741,35.48747916666667,16.5875,16.827061657309883,True,Kirk Hinrich,80,35.5,5613,95.02,both,23.641546410119364,17.731159807589524,2008,2008,2007–08,Kirk Hinrich,75,2379.508333333333,862,82,7981,https://www.nba.com/stats/players/traditional?PerMode=Totals&Season=2007-08&SeasonType=Regular%20Season&TeamID=1610612741,https://www.nba.com/stats/teams/traditional?PerMode=Totals&Season=2007-08&SeasonType=Regular%20Season&TeamID=1610612741,31.726777777777777,11.493333333333334,13.041349578519371,True,Kirk Hinrich,75,31.7,4655,94.19,both,18.517722878625133,13.888292158968849,-3.785712078790512,-5.1238235314942315,-3.8428676486206754,-5.0941666666666645,-3.76070138888889
2014,2013–14,201149,Joakim Noah,80,2819.695,1007,82,7680,https://www.nba.com/stats/players/traditional?PerMode=Totals&Season=2013-14&SeasonType=Regular%20Season&TeamID=1610612741,https://www.nba.com/stats/teams/traditional?PerMode=Totals&Season=2013-14&SeasonType=Regular%20Season&TeamID=1610612741,35.246187500000005,12.5875,12.856709679593006,True,Joakim Noah,80,35.2,5338,90.9,both,18.864743349569128,14.148557512176847,2015,2015,2014–15,Joakim Noah,67,2048.645,485,82,8265,https://www.nba.com/stats/players/traditional?PerMode=Totals&Season=2014-15&SeasonType=Regular%20Season&TeamID=1610612741,https://www.nba.com/stats/teams/traditional?PerMode=Totals&Season=2014-15&SeasonType=Regular%20Season&TeamID=1610612741,30.57679104477612,7.238805970149253,8.522706471838703,True,Joakim Noah,67,30.6,4041,94.73,both,12.00197970799307,9.001484780994803,-4.334003207754304,-6.862763641576057,-5.147072731182044,-5.348694029850748,-4.669396455223886
2002,2001–02,2239,Trenton Hassell,78,2235.5783333333334,681,82,7335,https://www.nba.com/stats/players/traditional?PerMode=Totals&Season=2001-02&SeasonType=Regular%20Season&TeamID=1610612741,https://www.nba.com/stats/teams/traditional?PerMode=Totals&Season=2001-02&SeasonType=Regular%20Season&TeamID=1610612741,28.661260683760684,8.73076923076923,10.966289856390627,True,Trenton Hassell,78,28.7,4281,92.04,both,15.90749824807288,11.930623686054659,2003,2003,2002–03,Trenton Hassell,82,1996.7333333333331,342,82,7786,https://www.nba.com/stats/players/traditional?PerMode=Totals&Season=2002-03&SeasonType=Regular%20Season&TeamID=1610612741,https://www.nba.com/stats/teams/traditional?PerMode=Totals&Season=2002-03&SeasonType=Regular%20Season&TeamID=1610612741,24.35040650406504,4.170731707317073,6.166071249707856,True,Trenton Hassell,82,24.4,3950,95.2,both,8.658227848101266,6.493670886075949,-4.800218606682772,-7.249270399971614,-5.43695279997871,-4.560037523452157,-4.310854179695642
